CardID,CustomerID,CardNumber,CardType,CVV,ExpiryDate,Limit,Status
1,832,6.01102E+15,Visa,520,10/13/2026,10763.25,Active
2,478,3.77232E+14,Amex,503,1/12/2030,8542.88,Blocked
3,483,3.5954E+15,Amex,552,4/10/2028,13040.45,Active
4,396,4.62179E+15,Amex,183,1/3/2028,6276.67,Blocked
5,680,4.28854E+15,Visa,375,7/22/2026,10489.21,Blocked
6,905,4.1323E+15,Amex,791,9/20/2029,8387.86,Active
7,106,1.80005E+14,MasterCard,441,9/4/2026,10106.88,Blocked
8,904,5.55748E+15,Amex,463,8/31/2027,13894.11,Active
9,923,3.53932E+15,Amex,487,5/20/2027,8154.03,Blocked
10,2,4.94374E+15,Visa,646,5/14/2028,14152.75,Active
11,118,3.57727E+15,MasterCard,527,4/19/2027,1761.59,Active
12,423,3.41548E+14,Amex,168,3/28/2028,5176.81,Blocked
13,901,4.26921E+15,Visa,496,8/21/2027,3850.22,Active
14,531,4.45102E+15,Amex,364,1/22/2027,13575.56,Active
15,466,6.75948E+11,Visa,723,6/5/2030,6629.56,Active
16,616,4.48861E+12,MasterCard,604,7/5/2028,8703.75,Blocked
17,853,3.46806E+14,MasterCard,50,8/11/2027,12794.26,Blocked
18,771,6.53196E+15,Visa,548,5/5/2028,10247.19,Active
19,469,3.53362E+15,Visa,471,11/19/2027,8228.76,Blocked
20,975,2.13169E+14,Amex,658,4/7/2030,3573.91,Blocked
21,647,4.16144E+18,MasterCard,93,5/11/2029,2243.44,Blocked
22,553,4.98471E+15,Visa,494,1/5/2028,6921.75,Active
23,737,4.15447E+12,Amex,706,12/19/2027,13383.82,Blocked
24,880,3.03363E+13,Visa,744,6/13/2030,3400.87,Blocked
25,416,4.26912E+12,MasterCard,935,6/18/2030,2854.04,Active
26,544,6.54728E+15,Visa,878,9/15/2029,12769.41,Active
27,640,5.2222E+15,Visa,5931,3/14/2027,7388.05,Active
28,945,3.7847E+14,MasterCard,790,12/23/2029,3724.66,Blocked
29,288,6.01125E+15,MasterCard,278,3/15/2028,4056.79,Blocked
30,646,2.13114E+14,Amex,365,4/24/2028,3574.33,Blocked
31,343,3.50146E+15,Amex,702,5/16/2028,10526.54,Blocked
32,922,4.42862E+12,Visa,523,9/10/2026,2137.12,Active
33,754,4.6922E+18,Amex,325,4/23/2027,5133.29,Active
34,306,4.687E+12,Visa,209,4/15/2029,10206.81,Blocked
35,221,4.22225E+15,MasterCard,320,6/4/2028,9353.39,Active
36,962,3.71497E+14,Visa,6529,7/27/2027,14395.54,Blocked
37,373,1.80044E+14,Visa,387,12/23/2027,1125.37,Blocked
38,584,2.13107E+14,MasterCard,586,1/14/2030,6670.97,Active
39,256,4.32097E+12,Amex,1317,7/11/2028,6274.12,Blocked
40,1,4.11802E+12,Visa,134,1/9/2027,13856.07,Blocked
41,249,6.56696E+15,MasterCard,603,8/5/2029,5455.43,Blocked
42,44,3.03893E+13,MasterCard,616,6/8/2028,5968.04,Blocked
43,262,3.51445E+15,Amex,268,12/13/2028,11554.59,Blocked
44,809,4.89998E+12,MasterCard,352,9/7/2029,11904.38,Blocked
45,696,1.80004E+14,Visa,634,7/15/2027,14592.56,Blocked
46,847,3.88011E+13,Amex,6145,12/29/2028,4807.68,Active
47,122,4.29403E+18,MasterCard,268,4/19/2030,13239.9,Blocked
48,511,3.53099E+15,Visa,552,7/11/2029,8248.79,Blocked
49,962,1.80004E+14,Amex,7506,2/17/2028,6600.92,Active
50,203,3.40499E+14,Visa,246,8/14/2028,4231.5,Active
51,391,1.80031E+14,MasterCard,311,3/18/2027,12295.16,Blocked
52,291,4.29014E+12,Amex,726,10/27/2028,2031.66,Blocked
53,596,3.4763E+14,MasterCard,297,6/30/2026,8937.27,Blocked
54,992,3.03334E+13,Amex,979,6/9/2029,13671.11,Active
55,767,4.80118E+12,Visa,40,5/3/2030,14318.42,Active
56,620,3.55217E+15,Amex,192,4/18/2030,6417.32,Active
57,985,3.7714E+14,MasterCard,610,5/2/2027,8891.46,Active
58,12,4.91041E+15,MasterCard,866,3/29/2028,6837.34,Active
59,990,4.39817E+18,MasterCard,845,7/16/2029,14280.79,Blocked
60,182,4.06215E+15,Visa,259,12/24/2028,13495.56,Blocked
61,625,6.51297E+15,Amex,711,7/1/2028,13721.54,Active
62,603,4.68768E+15,Amex,507,4/24/2027,9444.83,Active
63,221,4.69535E+12,MasterCard,824,8/31/2029,11520.94,Blocked
64,886,3.73698E+14,MasterCard,384,6/10/2029,8783.69,Blocked
65,728,4.71891E+18,MasterCard,822,10/23/2029,7313.16,Active
66,382,3.51244E+15,MasterCard,641,4/29/2027,1173,Active
67,253,4.37716E+15,MasterCard,524,11/29/2026,8352.69,Active
68,536,3.53045E+15,MasterCard,302,10/18/2026,13532.98,Active
69,98,3.57507E+15,MasterCard,644,11/27/2026,3801.99,Active
70,1000,5.02E+11,Amex,638,11/16/2029,2184.93,Active
71,413,4.90898E+18,Visa,170,11/26/2026,1410.63,Active
72,297,2.1319E+14,MasterCard,9542,11/20/2029,1695.38,Blocked
73,953,4.51767E+18,MasterCard,882,6/3/2030,3055.12,Active
74,980,4.19205E+12,MasterCard,950,2/10/2028,11376.68,Active
75,874,4.21799E+12,Visa,639,2/22/2029,13190.01,Active
76,223,6.39057E+11,MasterCard,916,3/20/2027,2654.92,Active
77,529,3.599E+15,Amex,687,12/1/2029,7939.89,Active
78,923,2.44749E+15,Amex,57,9/11/2029,12810.63,Blocked
79,136,6.01165E+15,Visa,277,3/1/2028,9280.11,Blocked
80,660,3.70131E+14,MasterCard,293,2/15/2027,12659.53,Blocked
81,305,4.78791E+12,Visa,8695,1/9/2027,11391.96,Active
82,304,2.27201E+15,Visa,988,7/1/2028,5613.09,Active
83,57,1.8003E+14,Amex,769,9/14/2029,3557.12,Blocked
84,852,4.66863E+15,Visa,114,8/9/2027,1433.72,Blocked
85,437,4.48796E+15,MasterCard,174,8/6/2026,9520.84,Active
86,638,6.75984E+11,MasterCard,662,1/15/2030,8821.79,Blocked
87,129,4.96415E+12,Amex,639,8/31/2026,14162.31,Active
88,665,6.01102E+15,MasterCard,466,2/16/2029,6632.18,Active
89,901,4.32707E+12,Visa,443,7/23/2029,2192.45,Blocked
90,252,2.1317E+14,Amex,378,6/11/2028,14093.4,Blocked
91,631,3.00793E+13,MasterCard,803,11/13/2027,6726.56,Blocked
92,586,4.25145E+15,MasterCard,223,1/17/2029,14694.39,Active
93,776,3.41214E+14,Amex,228,11/21/2029,13814.93,Blocked
94,870,6.57464E+15,Visa,482,2/26/2028,5334.68,Blocked
95,503,4.71748E+15,MasterCard,854,10/26/2028,2687.22,Active
96,326,3.59961E+15,Visa,8238,7/20/2028,14501.11,Active
97,494,5.03889E+11,Amex,209,5/16/2028,9661.42,Blocked
98,100,2.25603E+15,Visa,76,4/9/2028,1725.62,Blocked
99,508,4.92829E+18,Visa,2904,4/5/2027,9993.09,Active
100,509,4.93894E+15,MasterCard,205,10/16/2027,1869.54,Blocked
101,89,3.59532E+15,Amex,480,12/8/2028,11665.13,Active
102,990,3.50587E+15,Visa,977,1/28/2029,3052.58,Blocked
103,854,4.37257E+12,Amex,803,3/2/2027,11418.95,Active
104,605,4.07732E+12,Visa,969,2/26/2029,8218.91,Active
105,216,5.24907E+15,MasterCard,8274,4/10/2029,1564.41,Blocked
106,750,4.42332E+18,Visa,115,11/19/2026,12345.11,Blocked
107,282,4.79189E+15,MasterCard,330,9/9/2028,5012.56,Active
108,799,4.54355E+15,MasterCard,487,11/8/2026,7907.35,Active
109,455,4.4136E+18,Amex,164,10/1/2026,14422.77,Blocked
110,887,4.96623E+12,Visa,5040,5/8/2029,11842.54,Blocked
111,68,4.08679E+15,Visa,7485,1/30/2030,10685.6,Blocked
112,424,5.13503E+15,MasterCard,311,6/13/2027,2067.03,Active
113,806,5.82823E+11,MasterCard,8613,1/17/2027,9818.25,Blocked
114,92,2.13131E+14,MasterCard,409,7/28/2029,10731.07,Active
115,885,4.13528E+15,Amex,391,8/9/2026,9303.25,Active
116,275,4.80765E+18,MasterCard,327,6/11/2029,6369.37,Blocked
117,38,3.45726E+14,Amex,981,8/16/2026,12395.2,Blocked
118,522,3.51459E+15,Visa,435,2/4/2029,5820.38,Active
119,747,3.75633E+14,Amex,4551,2/4/2030,12308.65,Blocked
120,917,1.80071E+14,MasterCard,7301,4/5/2028,4648.01,Blocked
121,686,3.58842E+15,MasterCard,878,3/20/2030,4484.27,Active
122,944,3.79338E+14,MasterCard,868,2/24/2028,1656.47,Blocked
123,841,6.50938E+15,MasterCard,647,8/21/2026,1037.7,Blocked
124,12,4.26088E+18,Amex,221,4/2/2029,4441.62,Active
125,735,4.6185E+18,MasterCard,397,5/15/2029,5465.07,Blocked
126,121,3.56319E+15,Amex,143,4/22/2028,4868.08,Active
127,780,4.71839E+15,Visa,838,4/20/2030,9458.9,Active
128,183,6.5064E+15,Visa,2,11/12/2027,12259.81,Active
129,698,2.24375E+15,Visa,438,11/11/2029,9239.93,Blocked
130,788,3.50618E+15,Visa,273,9/18/2028,11740.52,Active
131,245,4.29688E+12,Amex,296,3/21/2029,6204.45,Blocked
132,701,2.70841E+15,MasterCard,957,12/4/2026,9796.79,Active
133,676,3.71308E+14,MasterCard,9702,6/19/2027,8478.49,Active
134,156,3.56051E+15,MasterCard,279,9/10/2026,5503.74,Blocked
135,93,2.13129E+14,MasterCard,301,9/29/2027,4954.78,Blocked
136,727,4.17782E+15,Amex,78,7/22/2028,3893.05,Active
137,740,3.58614E+15,Visa,777,11/14/2029,5795.64,Blocked
138,136,6.01131E+15,Visa,866,8/5/2026,1776.91,Active
139,620,2.24163E+15,MasterCard,471,5/19/2030,5199.73,Active
140,516,5.8662E+11,Amex,250,8/10/2028,13600.04,Blocked
141,500,4.66708E+18,Visa,880,6/18/2028,8078.25,Blocked
142,993,3.87081E+13,Visa,988,8/15/2028,9352.13,Active
143,696,6.39027E+11,Amex,267,12/4/2027,2644.78,Active
144,554,5.39322E+15,Amex,392,12/20/2027,12512.55,Blocked
145,887,4.10867E+15,Visa,807,11/17/2028,2104.05,Active
146,698,4.70189E+18,Visa,431,7/17/2026,12350.6,Blocked
147,103,4.3911E+15,Visa,293,11/19/2029,5694,Blocked
148,567,3.56048E+15,MasterCard,492,7/24/2027,8852.28,Blocked
149,167,4.40988E+15,MasterCard,770,9/19/2027,4373.56,Active
150,115,6.01127E+15,Amex,403,6/13/2027,10186.77,Active
151,303,3.57547E+15,MasterCard,382,12/18/2027,12182.09,Active
152,151,6.763E+11,Visa,280,8/21/2027,5389.55,Blocked
153,695,4.8356E+18,Visa,29,11/17/2029,7664.68,Blocked
154,373,3.50262E+15,Amex,464,6/2/2030,4899.22,Blocked
155,744,4.18713E+12,Amex,362,9/29/2028,14420.12,Active
156,885,2.1312E+14,Amex,90,8/4/2026,10504.55,Active
157,941,4.12516E+15,Amex,4474,5/1/2028,13535.6,Active
158,455,2.26344E+15,Visa,850,9/28/2026,5049.86,Active
159,843,3.81451E+13,Amex,471,5/14/2027,9012.13,Active
160,591,3.01586E+13,MasterCard,800,5/30/2030,6897.14,Blocked
161,824,3.59775E+15,MasterCard,393,11/12/2026,14969.23,Active
162,894,6.76221E+11,MasterCard,202,1/18/2030,3517.23,Blocked
163,720,4.72999E+18,Amex,136,2/8/2027,6262.98,Active
164,373,4.9326E+18,Visa,568,12/9/2028,14667.12,Active
165,768,60475011924,MasterCard,807,2/25/2029,2031.41,Blocked
166,17,3.49555E+14,Visa,546,9/26/2029,6235.58,Blocked
167,7,3.5984E+15,Visa,35,7/2/2029,13695.89,Blocked
168,50,3.66682E+13,MasterCard,7338,6/10/2027,13993.77,Active
169,403,3.53061E+15,Visa,380,9/18/2027,1581.42,Blocked
170,245,4.9839E+15,MasterCard,26,10/24/2028,12609.29,Blocked
171,46,2.29694E+15,Visa,663,12/26/2028,11233.08,Active
172,663,3.4871E+14,Amex,570,6/3/2029,7005.09,Active
173,639,1.80077E+14,Amex,529,10/15/2029,9228.76,Active
174,881,3.73544E+14,Visa,936,4/9/2027,9212.98,Active
175,169,3.64224E+13,Visa,6628,10/6/2029,12276.92,Active
176,655,3.5968E+15,Visa,275,9/14/2028,3004.27,Active
177,24,4.14247E+18,Amex,106,3/31/2030,4672.09,Active
178,706,3.59663E+15,Visa,227,11/27/2028,11743.5,Blocked
179,776,4.61533E+18,MasterCard,869,2/23/2028,8957.93,Blocked
180,237,4.41518E+15,Visa,140,11/10/2027,9042.69,Active
181,993,4.02069E+15,MasterCard,385,7/16/2027,1583.24,Blocked
182,45,4.57512E+12,Visa,84,4/19/2028,13082.56,Blocked
183,358,2.13133E+14,MasterCard,9,1/24/2028,14082.23,Blocked
184,264,3.52824E+15,MasterCard,577,4/29/2029,14740.75,Active
185,45,1.80085E+14,MasterCard,786,6/5/2029,5001.62,Blocked
186,711,2.27257E+15,MasterCard,828,7/6/2026,13960.2,Active
187,527,6.56713E+15,Visa,746,8/14/2028,2740.98,Active
188,646,3.42351E+14,Amex,2895,3/10/2027,2690.86,Blocked
189,357,6.54363E+15,Amex,6617,7/11/2029,5905.47,Active
190,291,4.05538E+12,MasterCard,21,12/7/2029,11669.25,Blocked
191,416,3.04269E+13,Visa,190,7/29/2026,13137.38,Blocked
192,153,3.86895E+13,Visa,3,12/26/2026,7906.53,Blocked
193,54,3.53784E+15,MasterCard,657,12/15/2026,10791.76,Blocked
194,13,2.13154E+14,Visa,0,10/13/2027,14573.1,Blocked
195,106,3.51828E+15,MasterCard,783,11/10/2026,12764.99,Blocked
196,555,3.84354E+13,MasterCard,45,1/2/2028,1426.77,Active
197,304,3.50692E+15,MasterCard,408,11/3/2026,13091.7,Active
198,776,1.80099E+14,MasterCard,630,6/16/2030,13625.17,Blocked
199,17,4.48704E+15,Visa,5630,1/16/2029,3754.36,Active
200,375,2.26822E+15,Amex,489,4/19/2029,6112.32,Active
201,384,4.2188E+15,Visa,931,7/7/2028,10532.53,Active
202,452,3.5095E+15,Visa,9205,8/16/2027,10511.47,Active
203,434,4.4533E+15,MasterCard,621,2/2/2030,12325.49,Blocked
204,434,6.58237E+15,Visa,1571,6/10/2028,5856.05,Blocked
205,586,6.54858E+15,Visa,391,7/27/2026,6227.88,Active
206,262,6.01161E+15,MasterCard,985,10/28/2028,2050.75,Active
207,605,3.51654E+15,MasterCard,124,12/25/2029,5306.27,Blocked
208,58,2.23888E+15,Amex,124,9/21/2028,6255.27,Blocked
209,750,6.01145E+15,Amex,377,10/2/2028,6115.14,Active
210,697,3.00469E+13,MasterCard,405,3/17/2028,10721.55,Blocked
211,598,4.96417E+15,Visa,842,1/26/2027,5470.45,Blocked
212,127,3.52282E+15,Amex,55,6/29/2029,14070.06,Active
213,777,1.80035E+14,Amex,382,9/5/2029,14053.68,Blocked
214,446,4.13542E+15,Amex,81,9/5/2028,14114.21,Blocked
215,595,2.13115E+14,Visa,375,1/13/2030,7015.59,Blocked
216,907,6.01199E+15,Visa,26,6/10/2028,8752.21,Active
217,903,4.91831E+12,MasterCard,878,8/1/2027,10988.76,Blocked
218,271,3.53454E+15,Amex,6,1/17/2027,10387.74,Blocked
219,406,4.90712E+15,Amex,476,5/22/2030,14367.84,Blocked
220,704,4.34342E+12,MasterCard,477,3/6/2029,1688.46,Active
221,994,4.92504E+18,Visa,156,9/9/2028,14913.48,Blocked
222,868,6.01123E+15,MasterCard,765,4/18/2028,12218.04,Active
223,556,4.45072E+18,MasterCard,443,11/29/2026,4421.05,Active
224,826,4.83429E+18,Amex,252,3/21/2027,2403.66,Active
225,168,3.70668E+14,Visa,159,4/20/2030,9448.58,Blocked
226,501,4.58651E+15,Visa,216,4/2/2029,4038.19,Active
227,707,2.13145E+14,Amex,541,2/18/2028,9451.86,Blocked
228,218,5.65254E+11,Amex,112,4/11/2029,2865.66,Blocked
229,297,4.02682E+15,MasterCard,993,9/28/2028,1558.85,Active
230,330,4.68153E+12,Visa,508,2/2/2027,11683.21,Blocked
231,958,4.96653E+18,MasterCard,960,6/19/2030,6264.87,Active
232,265,3.58828E+15,Visa,837,7/28/2026,7150.14,Active
233,637,5.03852E+11,Amex,559,1/5/2027,3232.35,Blocked
234,668,6.76123E+11,Visa,926,4/11/2030,1654.28,Active
235,703,1.80089E+14,Visa,426,5/20/2029,1303.68,Active
236,258,2.29917E+15,Amex,191,9/7/2028,14882.05,Active
237,434,4.03906E+12,Amex,806,7/15/2029,3644.58,Active
238,529,3.54713E+15,MasterCard,197,5/19/2028,5106.69,Active
239,985,4.98503E+18,MasterCard,300,10/15/2029,7925.02,Active
240,620,3.55954E+15,Amex,161,2/27/2028,8353.8,Active
241,819,2.13112E+14,Amex,574,5/30/2027,7765.8,Blocked
242,883,3.05222E+13,Visa,93,3/10/2027,5595.58,Blocked
243,707,6.0111E+15,MasterCard,91,1/15/2028,2775.73,Blocked
244,59,4.7011E+15,MasterCard,751,4/29/2027,5530.5,Active
245,207,4.05144E+12,Amex,752,6/21/2029,14431.58,Active
246,31,3.04637E+13,Visa,479,7/30/2026,11032.69,Blocked
247,808,3.57803E+15,MasterCard,253,3/29/2029,14785.54,Active
248,690,3.49854E+14,Visa,446,7/26/2026,3580.27,Blocked
249,641,6.01143E+15,Amex,981,5/10/2030,11907.16,Active
250,505,3.85567E+13,MasterCard,457,7/1/2027,7544.15,Active
251,209,2.5512E+15,Visa,62,2/24/2028,6798.34,Active
252,978,3.56425E+15,MasterCard,842,6/23/2028,6625.33,Blocked
253,748,3.56378E+15,MasterCard,745,4/18/2027,1395.88,Blocked
254,4,3.56193E+15,Visa,511,4/19/2029,8819.16,Active
255,244,1.80094E+14,MasterCard,26,9/27/2026,12165.99,Blocked
256,630,3.89518E+13,MasterCard,556,7/6/2027,3372.52,Blocked
257,139,3.54232E+15,Amex,8341,1/15/2030,5027.3,Active
258,656,4.84567E+12,MasterCard,296,8/7/2026,12075.2,Blocked
259,746,4.09848E+18,Visa,8095,5/18/2030,2851.87,Blocked
260,277,6.30484E+11,Visa,866,3/3/2028,10455.57,Blocked
261,485,4.07267E+15,MasterCard,910,1/17/2027,8088.75,Blocked
262,465,5.72611E+11,MasterCard,501,3/2/2028,2928.08,Active
263,863,4.72012E+15,MasterCard,899,12/11/2028,12625.69,Active
264,863,5.11945E+15,Visa,443,8/11/2026,4431.54,Blocked
265,196,6.76225E+11,Amex,70,3/1/2028,10273.04,Blocked
266,650,4.78914E+15,MasterCard,272,9/19/2028,13362.53,Blocked
267,969,5.69605E+11,MasterCard,826,7/6/2029,11205,Blocked
268,588,4.4463E+18,MasterCard,97,1/28/2030,4741.72,Blocked
269,662,3.55394E+15,Amex,969,5/23/2028,3924.12,Active
270,602,3.59644E+15,Amex,464,9/15/2029,11781.05,Blocked
271,767,3.04134E+13,Amex,637,11/21/2028,12741,Blocked
272,863,6.01114E+15,Amex,960,9/12/2027,12054.31,Blocked
273,614,3.54712E+15,Amex,983,2/28/2029,8085.21,Active
274,604,4.62749E+15,Amex,228,8/6/2026,9683.09,Blocked
275,834,2.13129E+14,MasterCard,704,8/14/2026,1198.88,Blocked
276,612,6.01138E+15,Amex,215,4/2/2030,12206.1,Active
277,147,3.56169E+15,MasterCard,126,10/25/2027,11851.09,Blocked
278,304,3.4722E+14,Visa,878,3/25/2028,2785.83,Active
279,999,6.50997E+15,Amex,7980,2/15/2027,4601.64,Blocked
280,104,4.89386E+15,Visa,55,5/30/2027,2411.82,Active
281,677,4.49701E+18,Visa,601,8/16/2028,5613.62,Blocked
282,576,2.27891E+15,MasterCard,669,7/4/2026,4191.7,Active
283,5,3.00416E+13,Amex,228,8/2/2029,2025.28,Blocked
284,448,2.13177E+14,Amex,919,7/4/2028,10786.17,Active
285,141,4.03862E+18,Visa,351,5/8/2030,12432.69,Blocked
286,962,3.43354E+14,MasterCard,652,1/11/2029,5202.4,Active
287,350,4.68547E+15,MasterCard,745,9/18/2028,11011.85,Blocked
288,66,3.51126E+15,Amex,688,5/23/2027,11840.92,Active
289,931,4.79118E+12,Visa,466,7/14/2027,3870.41,Blocked
290,60,6.39096E+11,MasterCard,103,4/10/2027,10201.7,Blocked
291,70,6.01164E+15,MasterCard,936,6/14/2027,8310.19,Blocked
292,715,4.06207E+15,Visa,338,7/18/2029,14824.29,Active
293,715,3.40409E+14,Amex,456,10/9/2029,4575.85,Blocked
294,411,3.53603E+15,MasterCard,465,12/17/2026,7545.54,Blocked
295,401,3.05172E+13,Visa,748,11/15/2027,11542.54,Blocked
296,528,3.59293E+15,MasterCard,80,4/27/2027,10613.78,Blocked
297,581,4.07464E+12,MasterCard,480,1/30/2028,3699.17,Active
298,995,1.80088E+14,Visa,551,10/25/2029,12988.42,Blocked
299,158,4.98674E+12,Visa,476,5/17/2029,6529.6,Active
300,52,4.56144E+12,Amex,43,1/6/2027,1830.96,Active
301,428,4.4948E+18,Visa,165,4/30/2029,6378.68,Active
302,8,4.603E+18,Visa,713,4/14/2028,6861.73,Blocked
303,923,5.71887E+11,MasterCard,402,6/8/2030,11254.37,Blocked
304,974,4.31733E+12,MasterCard,585,11/15/2029,5627.62,Blocked
305,331,4.0753E+18,MasterCard,84,6/1/2028,11522.51,Blocked
306,910,4.31311E+15,MasterCard,50,8/14/2027,5928.91,Active
307,261,4.39544E+18,MasterCard,237,2/25/2028,7033.35,Active
308,8,2.70271E+15,Visa,808,2/14/2029,6409.81,Blocked
309,346,4.51412E+15,Amex,14,3/21/2029,12016.55,Blocked
310,828,3.41922E+14,Amex,126,11/1/2029,12981.71,Blocked
311,700,4.96456E+18,Visa,611,1/21/2029,6003.79,Blocked
312,392,4.17283E+12,MasterCard,466,2/1/2027,4574.96,Active
313,158,3.56698E+15,Visa,4301,5/31/2028,13484.84,Blocked
314,267,2.39171E+15,Visa,173,2/9/2027,11777.76,Blocked
315,956,5.88521E+11,MasterCard,556,10/22/2026,1069.14,Active
316,207,4.77422E+15,Amex,162,5/12/2027,6691.5,Blocked
317,18,3.56587E+15,Amex,631,10/13/2027,11857.44,Blocked
318,841,4.03002E+15,MasterCard,164,10/22/2027,13141.68,Active
319,464,4.3491E+15,Visa,520,2/11/2030,14416.64,Blocked
320,199,3.76015E+14,Visa,3645,10/15/2028,13346.56,Blocked
321,830,1.80051E+14,MasterCard,518,1/28/2029,3154.36,Active
322,525,3.46841E+14,Amex,524,2/10/2027,6756.97,Active
323,47,3.52601E+15,Amex,664,7/24/2026,5658.98,Active
324,554,4.12103E+12,Amex,244,3/30/2029,11302.38,Active
325,32,3.57507E+15,Amex,4645,8/13/2029,11876.03,Blocked
326,765,2.1319E+14,Visa,803,4/26/2030,3976.28,Active
327,598,4.91438E+15,MasterCard,134,7/9/2028,9931.58,Blocked
328,611,4.69121E+18,MasterCard,571,5/6/2029,13152.09,Blocked
329,139,3.5752E+15,MasterCard,488,7/15/2027,5712.9,Active
330,569,3.04288E+13,MasterCard,698,5/3/2029,2533.22,Blocked
331,399,4.81772E+15,Amex,711,9/9/2028,4784.23,Active
332,306,3.5461E+15,MasterCard,53,6/30/2029,13801.22,Blocked
333,210,3.51819E+15,MasterCard,726,9/24/2026,11549.15,Blocked
334,770,3.52681E+15,Amex,515,9/26/2029,7890,Active
335,587,3.84678E+13,MasterCard,701,2/25/2030,7975.72,Active
336,587,4.84231E+12,MasterCard,5236,6/3/2030,10475.63,Blocked
337,599,6.01107E+15,Amex,660,3/23/2029,11657.76,Active
338,144,2.13166E+14,Amex,467,8/7/2028,14756.27,Active
339,173,3.00879E+13,Amex,71,1/15/2027,9637.88,Blocked
340,151,6.01191E+15,Amex,259,6/10/2028,13206.78,Active
341,821,3.63763E+13,Visa,274,7/5/2027,14572.26,Blocked
342,934,2.71847E+15,Amex,442,8/30/2029,9406.5,Active
343,341,5.8161E+11,Amex,345,6/9/2029,4925.13,Active
344,480,3.59967E+15,Visa,851,10/21/2026,12821.38,Active
345,42,4.80083E+15,Visa,616,1/11/2030,2349.17,Blocked
346,681,4.56218E+15,MasterCard,435,6/30/2028,7596.31,Blocked
347,472,6.01167E+15,MasterCard,311,3/21/2028,9535.27,Active
348,673,3.51104E+15,MasterCard,747,6/25/2027,1933.71,Blocked
349,756,4.46536E+15,MasterCard,470,6/15/2029,14908.02,Active
350,207,2.13132E+14,Visa,716,12/9/2028,8012.04,Active
351,860,4.51763E+12,Amex,584,9/12/2028,5480,Blocked
352,714,3.59715E+15,Amex,853,2/14/2030,12283.73,Blocked
353,109,3.04514E+13,Amex,144,10/2/2027,6883.98,Active
354,663,3.03979E+13,Visa,197,1/11/2028,3356.41,Blocked
355,32,3.89134E+13,Amex,362,2/3/2029,9999.55,Blocked
356,734,4.93843E+15,Amex,468,3/20/2029,11594.42,Active
357,471,4.92028E+15,MasterCard,981,7/27/2028,12741.01,Blocked
358,951,3.04535E+13,Amex,48,11/18/2028,3937.02,Blocked
359,198,4.13561E+15,Amex,11,5/8/2030,1034.83,Blocked
360,187,60411352143,Amex,555,3/8/2028,3990.91,Active
361,381,1.8002E+14,Visa,833,12/11/2027,14744.16,Active
362,480,5.19225E+15,Amex,34,9/10/2027,8009.14,Blocked
363,798,5.01813E+11,Visa,751,9/17/2029,13408.96,Blocked
364,842,4.31288E+12,MasterCard,864,1/14/2029,8883.77,Blocked
365,638,4.96399E+18,Amex,756,6/22/2027,9312.08,Active
366,956,3.58985E+15,MasterCard,693,5/30/2030,13989.91,Active
367,137,4.36114E+15,MasterCard,871,7/28/2028,11149.06,Active
368,670,3.50938E+15,MasterCard,741,3/19/2028,2666.66,Active
369,156,2.13138E+14,Visa,876,8/13/2026,4191.99,Active
370,37,6.75923E+11,Amex,939,9/8/2027,12375.72,Blocked
371,324,4.61089E+12,MasterCard,513,10/12/2028,13220.9,Blocked
372,57,3.49358E+14,Amex,6086,6/15/2029,13440.01,Blocked
373,830,4.25927E+18,MasterCard,922,6/7/2029,14782.03,Blocked
374,721,4.62368E+18,MasterCard,374,12/11/2027,1988.42,Blocked
375,431,4.85771E+15,MasterCard,852,12/15/2028,5395.44,Active
376,608,3.54281E+15,Amex,905,12/1/2026,2083.51,Active
377,864,5.77518E+11,MasterCard,304,9/1/2028,11485.26,Blocked
378,527,6.01121E+15,Visa,483,8/28/2026,5938.39,Active
379,329,3.00117E+13,MasterCard,284,7/1/2028,9435.39,Blocked
380,379,5.10705E+15,Amex,347,8/5/2029,14825.93,Blocked
381,172,2.70702E+15,MasterCard,289,9/13/2028,12574.84,Active
382,518,6.01164E+15,MasterCard,283,1/9/2029,8706.92,Blocked
383,421,2.28877E+15,Visa,344,6/14/2029,8351.73,Active
384,983,2.24146E+15,Visa,324,2/11/2028,10593.47,Blocked
385,82,4.00922E+15,Visa,796,5/25/2030,4329.13,Blocked
386,698,2.29843E+15,Visa,582,3/15/2030,3525.69,Active
387,648,1.80021E+14,MasterCard,332,1/27/2027,11335.19,Active
388,159,1.80093E+14,Amex,395,6/2/2027,10058.57,Blocked
389,868,4.13656E+15,Amex,869,3/4/2029,11977.93,Active
390,524,3.47592E+14,Visa,792,3/2/2029,12416.71,Active
391,665,3.00069E+13,MasterCard,206,2/1/2029,1098.6,Blocked
392,398,6.7598E+11,Amex,796,6/28/2026,11645.95,Active
393,895,6.01107E+15,Visa,98,3/14/2028,1659.05,Active
394,225,6.01184E+15,MasterCard,354,6/6/2027,11910.7,Active
395,397,6.0112E+15,Amex,782,10/18/2028,9493.74,Active
396,230,6.51894E+15,MasterCard,499,4/22/2028,13674.05,Blocked
397,678,4.04772E+18,MasterCard,293,7/23/2026,9504.61,Blocked
398,944,3.56262E+15,Visa,630,5/8/2029,4396.55,Blocked
399,46,4.42849E+15,MasterCard,222,8/4/2028,7871.62,Blocked
400,524,2.1314E+14,Amex,787,2/12/2030,6792.72,Active
401,998,2.2296E+15,Visa,712,7/31/2028,5736.47,Blocked
402,14,4.73749E+15,MasterCard,206,8/14/2028,7191.63,Active
403,785,3.46911E+14,Visa,890,2/15/2029,12758.1,Active
404,103,3.01429E+13,MasterCard,301,11/6/2027,5609.77,Active
405,698,4.65585E+15,MasterCard,834,8/10/2027,7159.7,Active
406,367,3.5109E+15,Visa,667,4/15/2028,10011.9,Blocked
407,633,3.47779E+14,Amex,7943,10/17/2027,10457.03,Active
408,529,6.30477E+11,MasterCard,51,2/11/2027,10952.72,Blocked
409,270,3.02404E+13,Visa,222,1/25/2027,5356.51,Active
410,108,4.48612E+12,Visa,6975,10/12/2029,5359.09,Blocked
411,910,4.29893E+15,MasterCard,1540,9/24/2026,14313.63,Active
412,771,3.55405E+15,Visa,585,12/14/2028,14106.93,Blocked
413,872,4.72859E+15,Visa,2038,6/19/2029,3778.33,Blocked
414,117,3.57772E+15,MasterCard,806,11/18/2026,9788.99,Blocked
415,839,3.75228E+14,Amex,634,5/15/2030,9424.37,Active
416,597,3.58776E+15,Amex,728,2/24/2030,7130.75,Blocked
417,633,4.27439E+15,MasterCard,788,1/17/2030,8528.18,Active
418,238,6.54273E+15,Amex,738,2/9/2028,14629.32,Blocked
419,366,6.54894E+15,MasterCard,719,6/19/2030,8173.29,Blocked
420,422,3.58947E+15,MasterCard,977,10/14/2028,9043.07,Blocked
421,26,6.5436E+15,Visa,632,8/29/2028,12471.64,Blocked
422,744,3.58233E+15,MasterCard,415,3/25/2029,14352.9,Active
423,68,6.01134E+15,MasterCard,656,5/25/2027,4051.01,Active
424,628,4.76903E+15,MasterCard,138,6/6/2028,7716.72,Blocked
425,519,4.14033E+15,Amex,891,12/1/2029,3916.38,Active
426,364,2.13179E+14,Amex,944,11/19/2029,14228.65,Blocked
427,464,5.28546E+15,Amex,304,10/6/2026,13837.95,Active
428,679,3.58117E+15,MasterCard,773,7/31/2026,4269.3,Blocked
429,985,3.58844E+15,Amex,904,2/9/2027,11836.32,Active
430,728,6.76296E+11,Visa,477,3/5/2028,2913.87,Active
431,340,5.01823E+11,Amex,846,9/20/2027,6156.04,Blocked
432,658,3.74022E+14,Visa,745,4/7/2027,14943.02,Active
433,233,6.75923E+11,Visa,5681,9/8/2029,5201.2,Blocked
434,876,6.54318E+15,Amex,313,5/13/2027,6219.88,Blocked
435,642,6.30477E+11,Amex,746,4/9/2028,4560.05,Active
436,598,4.23419E+18,MasterCard,745,12/30/2029,12159.36,Active
437,970,4.5276E+12,MasterCard,724,12/3/2029,13745.35,Blocked
438,299,4.17942E+15,MasterCard,40,1/15/2030,12851.83,Blocked
439,399,2.13123E+14,Visa,4864,5/2/2029,11180.18,Blocked
440,761,3.0475E+13,Amex,265,8/16/2028,9012.23,Blocked
441,666,4.15917E+15,Visa,748,8/6/2028,13902.09,Blocked
442,275,4.35719E+18,Amex,714,11/14/2029,14046.48,Active
443,435,3.02757E+13,Visa,998,1/26/2028,7187.35,Blocked
444,14,5.65033E+11,Visa,447,4/18/2030,13565.84,Active
445,526,4.0022E+15,Amex,285,10/18/2028,2316.61,Active
446,662,3.59648E+15,MasterCard,717,12/30/2027,13477.36,Active
447,234,3.58554E+15,MasterCard,315,5/23/2030,12728.88,Blocked
448,396,4.90959E+18,Amex,543,7/26/2026,13451.03,Blocked
449,837,3.78434E+14,Amex,920,12/28/2027,3847.54,Blocked
450,831,3.59553E+15,MasterCard,837,4/4/2028,5029.22,Active
451,606,4.20971E+15,Amex,223,2/6/2030,13032,Blocked
452,296,4.07345E+12,Amex,497,10/14/2029,9916.91,Active
453,995,4.69673E+12,Visa,755,4/18/2029,11789.11,Active
454,832,4.99975E+18,Visa,850,7/8/2027,6946.53,Blocked
455,993,3.00626E+13,Amex,858,7/11/2028,1413.98,Blocked
456,725,4.20298E+12,Visa,431,1/1/2029,2632.05,Active
457,426,6.39041E+11,MasterCard,91,7/3/2029,7333.88,Active
458,615,4.82867E+15,Amex,122,5/2/2029,6285.75,Blocked
459,424,1.80086E+14,MasterCard,35,12/8/2026,14335.65,Active
460,143,3.04618E+13,MasterCard,566,4/16/2030,11452.48,Active
461,285,4.63285E+15,Visa,38,5/7/2028,12358.31,Active
462,138,6.5074E+15,Visa,598,8/8/2026,2870.95,Active
463,276,4.38596E+12,Amex,101,3/31/2028,9237.36,Active
464,75,3.57095E+15,Visa,710,9/13/2026,11152.77,Blocked
465,568,4.02037E+18,Visa,301,3/28/2029,13475.45,Blocked
466,367,3.5939E+15,Amex,55,9/1/2029,11365.17,Active
467,486,2.26034E+15,MasterCard,917,8/21/2028,9599.75,Blocked
468,154,4.46524E+12,Amex,414,6/4/2029,5262.01,Blocked
469,124,4.70874E+12,MasterCard,541,8/17/2026,5112.72,Active
470,217,6.52052E+15,Visa,76,8/22/2027,11876.1,Blocked
471,65,4.62206E+15,MasterCard,434,6/16/2030,5256.64,Blocked
472,930,4.58591E+12,MasterCard,646,9/5/2028,7079.93,Blocked
473,144,3.57474E+15,MasterCard,768,6/23/2027,12389.79,Active
474,563,4.46964E+18,MasterCard,337,8/10/2026,4448.66,Active
475,389,4.61957E+15,Visa,184,12/8/2027,1930.78,Blocked
476,753,6.53286E+15,Amex,830,11/2/2029,6339.49,Blocked
477,365,2.13109E+14,Amex,379,3/11/2029,11611.07,Active
478,498,4.71029E+15,Amex,161,10/31/2028,7141.4,Blocked
479,832,2.71612E+15,Visa,187,6/29/2027,5180.83,Active
480,27,4.89152E+15,Visa,484,6/7/2027,13982.12,Blocked
481,3,2.13191E+14,Visa,50,6/23/2029,11401.32,Blocked
482,352,6.76137E+11,Visa,456,1/16/2027,11200.5,Active
483,852,3.04294E+13,MasterCard,331,12/21/2026,11912.83,Blocked
484,897,3.73477E+14,Amex,479,11/17/2028,6590.62,Active
485,185,3.58828E+15,Amex,833,8/8/2026,13748.47,Active
486,587,4.35649E+15,Visa,417,1/27/2029,5209.66,Active
487,980,4.39121E+15,Visa,904,1/10/2029,1925.47,Blocked
488,283,4.96284E+18,MasterCard,452,2/9/2029,11237.01,Active
489,383,6.01114E+15,Amex,979,7/2/2029,7750.82,Active
490,153,3.58738E+15,MasterCard,6394,7/11/2026,2299.13,Blocked
491,714,2.26264E+15,Amex,944,10/12/2029,7411.84,Blocked
492,604,2.13149E+14,MasterCard,320,12/6/2028,3991.19,Active
493,896,4.05792E+15,Amex,167,7/10/2029,1113.08,Active
494,598,3.58163E+15,MasterCard,561,11/22/2027,4995.81,Blocked
495,508,4.04596E+15,Amex,4,8/28/2028,7096.25,Active
496,527,4.0103E+15,Visa,44,6/21/2030,1724.75,Blocked
497,515,3.56007E+15,Visa,963,10/2/2027,1836.84,Blocked
498,989,4.3364E+18,Visa,455,6/10/2029,2200.84,Active
499,597,3.04808E+13,Visa,297,8/17/2028,5544.01,Active
500,257,4.29805E+18,Visa,154,10/13/2027,7063.88,Blocked
501,175,3.80796E+13,Amex,879,1/19/2029,2454.39,Active
502,498,4.85569E+12,Amex,171,11/23/2029,2086.63,Blocked
503,100,2.28363E+15,Visa,253,7/15/2029,9611.95,Blocked
504,647,3.55813E+15,Amex,661,12/7/2027,5481.17,Blocked
505,132,3.58213E+15,MasterCard,405,4/5/2027,11653.81,Active
506,417,6.01183E+15,Amex,696,4/23/2030,8670.82,Active
507,147,2.25384E+15,MasterCard,740,11/11/2026,12507.55,Active
508,251,2.13156E+14,Amex,131,3/15/2027,2009.43,Blocked
509,184,4.28103E+15,Amex,6355,6/16/2027,11402.64,Active
510,414,6.01123E+15,Visa,473,11/23/2029,1739.11,Active
511,56,4.23823E+12,Visa,8242,8/5/2026,14425.13,Blocked
512,896,4.66086E+12,MasterCard,855,7/24/2027,14675.3,Blocked
513,932,1.80097E+14,Amex,96,7/9/2029,1264.14,Blocked
514,938,6.56366E+15,Visa,791,1/26/2030,3354.8,Active
515,99,4.31946E+12,MasterCard,349,5/14/2027,12035.66,Active
516,414,4.93514E+12,MasterCard,372,9/16/2028,7725.59,Active
517,323,4.93052E+18,Visa,392,10/21/2028,4585.32,Active
518,20,1.80036E+14,Visa,9971,2/1/2027,14763.46,Blocked
519,435,4.0026E+15,Visa,930,9/20/2027,3881.29,Active
520,132,3.40056E+14,Visa,930,9/12/2026,12940.33,Blocked
521,39,2.13127E+14,Visa,950,11/9/2026,14876.99,Active
522,890,4.77057E+12,Amex,46,11/11/2028,2826.88,Active
523,49,3.04323E+13,MasterCard,296,7/18/2026,6288.93,Active
524,98,4.01557E+12,Amex,627,5/26/2030,11348.24,Active
525,871,5.55696E+15,Visa,687,7/4/2028,2594.21,Active
526,263,6.76235E+11,Amex,20,2/2/2027,5294.46,Active
527,590,1.80069E+14,Visa,720,12/14/2029,3694.2,Active
528,373,5.74759E+11,Visa,598,10/20/2029,8238.32,Active
529,816,3.58645E+15,Visa,2496,12/3/2026,3216.53,Blocked
530,344,3.02197E+13,MasterCard,198,7/19/2028,10509.85,Blocked
531,130,6.01188E+15,Visa,570,7/27/2026,5259.91,Blocked
532,306,3.5025E+15,MasterCard,778,6/4/2028,9531.77,Blocked
533,813,6.01198E+15,Visa,7346,5/31/2030,3425.68,Blocked
534,440,2.33788E+15,Visa,987,12/20/2028,4746.72,Active
535,748,2.13179E+14,Amex,9322,4/23/2027,14310.58,Active
536,448,3.55959E+15,MasterCard,740,1/24/2029,9913.2,Blocked
537,641,3.7149E+14,Visa,184,4/16/2029,4874.19,Blocked
538,182,6.54128E+15,Amex,833,7/6/2029,7606.57,Active
539,365,4.30869E+18,MasterCard,625,7/6/2028,12687.75,Active
540,343,3.72339E+14,Amex,509,10/7/2027,3485.89,Blocked
541,983,4.23874E+12,MasterCard,276,8/28/2029,6192.97,Blocked
542,577,4.7414E+15,Visa,699,9/26/2028,4745.16,Blocked
543,984,1.80053E+14,Visa,655,1/4/2027,6176.25,Active
544,894,4.59033E+15,Amex,7869,5/28/2027,8152.56,Blocked
545,427,4.64222E+15,MasterCard,536,3/14/2027,2473.17,Blocked
546,802,3.54823E+15,MasterCard,617,4/18/2030,4068.46,Blocked
547,870,4.04799E+15,Amex,983,9/8/2026,10771.57,Active
548,296,5.0207E+11,MasterCard,143,10/6/2027,11884.37,Blocked
549,946,3.50117E+15,MasterCard,727,8/27/2026,7080.23,Blocked
550,683,6.5841E+15,Visa,2363,5/8/2029,5732.89,Blocked
551,131,4.39026E+15,Amex,46,4/9/2030,13329.75,Blocked
552,766,1.8004E+14,Visa,835,5/6/2028,3157.34,Active
553,899,4.94928E+18,Amex,4927,5/28/2027,11569.7,Blocked
554,506,2.13126E+14,Amex,459,8/4/2026,3110.28,Active
555,347,6.30446E+11,MasterCard,664,10/30/2026,2145.15,Blocked
556,885,4.59738E+15,Amex,277,11/22/2029,10769.79,Blocked
557,974,2.13165E+14,Visa,5051,11/12/2026,11429.25,Active
558,332,2.13134E+14,MasterCard,465,11/14/2028,3975.03,Blocked
559,421,6.01182E+15,Amex,655,12/27/2029,5599.33,Blocked
560,253,4.43249E+15,Amex,759,7/10/2029,9088.52,Blocked
561,804,2.22256E+15,Visa,428,1/18/2029,6506.15,Active
562,304,2.26325E+15,Amex,551,3/14/2028,7585.44,Active
563,631,6.54008E+15,Amex,242,3/27/2029,11528.71,Active
564,426,3.03096E+13,Visa,900,10/6/2026,5962.78,Active
565,690,4.47139E+12,Amex,4783,6/20/2028,2166.23,Blocked
566,919,2.39398E+15,Amex,348,8/31/2029,10180.9,Blocked
567,91,2.26681E+15,Visa,132,8/22/2029,4427.8,Blocked
568,826,4.11448E+12,Visa,125,4/24/2030,7635.77,Blocked
569,61,3.54404E+15,MasterCard,136,4/26/2027,10675.87,Active
570,966,3.59691E+15,Visa,513,9/26/2028,4834.18,Blocked
571,835,4.57343E+12,MasterCard,12,8/22/2029,14424.96,Active
572,570,2.13165E+14,Visa,10,3/24/2030,6412.36,Blocked
573,588,6.01144E+15,Visa,615,10/12/2029,2649.54,Active
574,293,4.83683E+12,MasterCard,351,10/20/2027,11972.56,Blocked
575,802,4.88167E+15,MasterCard,989,10/26/2026,6556.05,Blocked
576,658,4.10979E+15,MasterCard,967,11/8/2026,12736.6,Active
577,398,3.54953E+15,Amex,407,12/2/2029,5151.53,Blocked
578,211,3.4603E+14,Visa,18,4/28/2028,9369.87,Blocked
579,143,6.76134E+11,Amex,2842,12/28/2028,14030.47,Blocked
580,12,6.59116E+15,Visa,958,4/5/2030,6535.76,Blocked
581,518,3.44693E+14,Amex,556,11/27/2029,2118.93,Active
582,186,3.55853E+15,Amex,155,1/9/2030,6790.56,Blocked
583,736,4.01721E+12,MasterCard,601,9/17/2026,8940.2,Active
584,636,2.22144E+15,MasterCard,680,10/16/2026,7320.97,Active
585,422,3.04726E+13,Amex,998,11/2/2026,13446.1,Active
586,224,3.77032E+14,MasterCard,540,12/27/2027,4089.43,Active
587,34,3.03711E+13,Visa,461,11/15/2029,14383.06,Active
588,174,6.76273E+11,MasterCard,897,12/25/2029,11993.74,Active
589,117,3.59987E+15,MasterCard,834,1/6/2027,11864.99,Active
590,582,5.14365E+15,Amex,998,5/1/2029,4809.52,Active
591,780,3.58212E+15,Visa,932,3/24/2030,3725.62,Active
592,279,2.13179E+14,MasterCard,510,7/6/2029,4016.22,Blocked
593,854,3.50732E+15,MasterCard,467,9/12/2026,10195.08,Active
594,980,3.40767E+14,Amex,692,12/19/2028,4830.85,Active
595,289,5.02068E+11,Visa,776,7/16/2027,12557.34,Blocked
596,91,1.80046E+14,Amex,616,3/12/2030,1869.07,Active
597,886,4.70414E+15,MasterCard,43,7/13/2028,7910.73,Active
598,39,1.80037E+14,Visa,892,4/30/2028,14915.66,Active
599,107,4.69916E+18,MasterCard,91,4/20/2027,1145.91,Blocked
600,593,6.75933E+11,Amex,775,1/28/2029,10945.28,Active
601,791,3.59244E+15,Visa,101,7/6/2027,1665.85,Blocked
602,672,6.01168E+15,Visa,358,11/19/2026,13510.85,Active
603,155,3.5577E+15,Amex,839,3/4/2029,8865.5,Blocked
604,874,3.48973E+14,MasterCard,716,1/22/2030,13961.61,Blocked
605,938,4.43507E+15,Amex,940,2/13/2027,14989.53,Active
606,898,3.4572E+14,Amex,466,6/12/2030,9431.1,Active
607,299,3.49661E+14,Visa,390,12/30/2028,2707.91,Active
608,265,3.8705E+13,Amex,782,7/27/2027,13534.46,Blocked
609,310,3.057E+13,Amex,78,2/10/2030,4655.86,Active
610,62,5.20468E+15,Visa,312,10/13/2026,5469.52,Active
611,436,3.54442E+15,Visa,282,7/4/2029,10735.03,Active
612,498,3.51663E+15,Amex,321,9/26/2029,2395.65,Blocked
613,61,3.5966E+15,Visa,927,1/16/2028,5534.96,Blocked
614,102,6.76376E+11,Amex,605,10/5/2028,13372.64,Blocked
615,119,4.10357E+15,Visa,300,5/12/2027,13276.67,Active
616,597,6.54788E+15,Amex,693,7/18/2028,5332.12,Active
617,139,3.83412E+13,MasterCard,3225,12/8/2028,13686.97,Active
618,166,2.66017E+15,Amex,415,8/27/2029,8779.04,Active
619,297,3.035E+13,Visa,816,8/5/2027,2669.24,Blocked
620,872,3.41797E+14,Amex,60,9/4/2026,5187.04,Active
621,931,4.06947E+18,MasterCard,386,11/28/2026,14074.41,Active
622,792,3.56812E+15,Amex,596,12/22/2028,3983.77,Blocked
623,488,1.80033E+14,Amex,469,5/13/2027,6159.03,Blocked
624,302,2.24598E+15,MasterCard,8152,8/29/2028,3625.31,Active
625,245,6.58285E+15,Amex,141,4/26/2028,12040.65,Active
626,39,4.46582E+15,Amex,7485,8/14/2027,7990.44,Active
627,674,4.63763E+18,MasterCard,409,4/3/2029,2709.6,Blocked
628,174,4.07201E+15,Visa,485,9/13/2028,9979.82,Active
629,357,4.80177E+15,MasterCard,504,6/20/2028,13277.7,Active
630,728,3.84688E+13,Visa,923,5/26/2030,2153.62,Blocked
631,224,2.13132E+14,MasterCard,672,4/14/2027,1719.59,Blocked
632,989,6.53345E+15,Amex,445,8/26/2027,3597.65,Active
633,417,3.00742E+13,Amex,500,8/5/2029,4545.79,Blocked
634,346,2.7033E+15,Visa,871,12/24/2028,14976.76,Active
635,776,4.93518E+15,Amex,992,4/22/2029,7955.87,Blocked
636,915,3.00834E+13,Visa,766,11/12/2028,1028.23,Blocked
637,290,1.80051E+14,MasterCard,945,4/3/2030,11089.3,Active
638,957,4.53579E+18,Amex,80,5/18/2030,7531.63,Blocked
639,534,4.93221E+18,Amex,257,8/17/2028,13808.62,Blocked
640,437,4.40661E+12,MasterCard,899,6/23/2026,9463.13,Active
641,60,1.80041E+14,Visa,920,10/4/2027,6169.42,Blocked
642,444,2.13165E+14,MasterCard,515,11/30/2026,5870.15,Blocked
643,214,3.54124E+15,MasterCard,446,5/15/2028,6096.86,Blocked
644,908,3.40619E+14,Visa,296,10/15/2028,12924.33,Active
645,460,3.51614E+15,Amex,915,7/19/2026,11141.75,Blocked
646,160,3.01507E+13,MasterCard,7824,6/6/2027,6658.9,Blocked
647,415,4.68678E+12,MasterCard,79,5/17/2027,1362.46,Blocked
648,895,1.80038E+14,Visa,99,5/5/2028,7669.75,Active
649,85,6.52497E+15,MasterCard,422,6/7/2027,13026.3,Blocked
650,114,3.04265E+13,Visa,490,11/5/2028,1071.31,Blocked
651,522,3.56749E+15,Amex,56,1/21/2030,14380.09,Blocked
652,882,4.53518E+15,Visa,9792,11/9/2027,4649.48,Blocked
653,797,3.03451E+13,Visa,308,3/13/2030,13277.28,Active
654,992,4.63599E+15,Amex,311,2/1/2028,14726.52,Blocked
655,419,2.2212E+15,Amex,319,11/4/2027,9393.07,Blocked
656,996,3.55949E+15,Visa,644,5/26/2027,7802.06,Active
657,8,3.59699E+15,MasterCard,700,3/28/2029,6707.01,Active
658,514,5.01836E+11,Amex,426,7/22/2027,2558.49,Blocked
659,892,4.08438E+15,Amex,412,2/6/2030,3258.73,Active
660,147,4.03216E+12,Amex,57,12/19/2026,3073.17,Active
661,570,2.13119E+14,Visa,824,9/5/2027,4974.72,Blocked
662,483,4.58781E+15,MasterCard,273,7/2/2029,13128.59,Active
663,367,2.28004E+15,Amex,487,5/9/2028,9274.77,Blocked
664,33,3.49177E+14,Visa,701,2/20/2028,4820.87,Active
665,744,6.53421E+15,Amex,305,6/6/2029,4751.67,Active
666,234,4.14863E+15,MasterCard,282,11/14/2027,13458.7,Active
667,722,3.04379E+13,Visa,628,8/16/2027,14104.18,Blocked
668,684,4.35412E+18,Visa,69,4/6/2027,12564.6,Blocked
669,199,4.27028E+18,MasterCard,893,1/6/2030,14540.55,Blocked
670,950,1.80036E+14,Visa,122,10/25/2027,3306.25,Active
671,946,4.10403E+15,Visa,575,3/11/2030,12081.64,Blocked
672,297,4.52263E+12,Visa,5939,12/24/2026,9953.79,Blocked
673,980,6.76392E+11,MasterCard,258,6/21/2027,8791.34,Active
674,614,3.79633E+14,MasterCard,543,8/28/2028,8338.67,Active
675,131,6.76398E+11,Amex,212,7/26/2026,1240.71,Active
676,25,4.90088E+15,MasterCard,802,1/1/2027,2432.57,Blocked
677,932,3.57636E+15,Amex,499,6/13/2028,14205.11,Active
678,309,3.75621E+14,Visa,12,9/30/2028,9585.7,Active
679,806,3.04217E+13,Amex,162,1/2/2029,11653.31,Active
680,953,4.12794E+12,Amex,374,11/10/2028,4676.92,Blocked
681,570,4.27558E+18,MasterCard,277,9/11/2026,12198.14,Blocked
682,751,4.748E+15,Amex,238,5/31/2029,2804.5,Active
683,180,6.01109E+15,Visa,688,12/4/2028,9981.83,Active
684,24,4.60202E+12,MasterCard,372,9/19/2026,4108.18,Blocked
685,510,3.67354E+13,Amex,400,5/24/2029,9994.66,Active
686,690,4.14361E+12,Visa,798,11/27/2027,7505.23,Active
687,684,2.2406E+15,Visa,759,10/11/2027,2362.86,Blocked
688,257,6.76141E+11,Visa,602,8/28/2028,12508.27,Blocked
689,611,3.01276E+13,Amex,371,7/6/2027,1192.37,Blocked
690,566,4.66548E+18,MasterCard,7890,7/26/2028,14409.5,Blocked
691,804,3.00135E+13,MasterCard,915,7/15/2029,9292.99,Blocked
692,715,3.54825E+15,Visa,767,9/20/2028,8626.24,Blocked
693,192,3.82356E+13,Amex,2778,1/8/2030,13527.1,Active
694,855,4.55182E+12,MasterCard,816,8/24/2028,9438.4,Blocked
695,581,3.5388E+15,Amex,977,4/16/2029,1683.75,Blocked
696,368,5.01871E+11,Visa,20,12/15/2026,8277.51,Blocked
697,16,2.63468E+15,MasterCard,803,8/27/2027,1933.49,Active
698,398,4.84201E+18,MasterCard,387,5/11/2030,6885.3,Active
699,240,3.02067E+13,MasterCard,843,5/25/2029,11586.04,Blocked
700,455,6.01102E+15,Visa,670,1/19/2028,2161.92,Blocked
701,148,3.02887E+13,MasterCard,313,4/13/2028,6801.24,Active
702,429,3.76141E+14,Amex,473,9/22/2029,8841.94,Blocked
703,602,3.05978E+13,Amex,584,6/24/2027,1820.21,Blocked
704,226,3.44551E+14,Amex,602,4/2/2028,1286.94,Blocked
705,200,6.59166E+15,MasterCard,809,3/30/2029,11120.4,Active
706,656,3.58171E+15,Amex,287,5/13/2028,12884.31,Blocked
707,276,3.83752E+13,MasterCard,159,7/19/2027,7437.65,Blocked
708,881,3.50288E+15,Visa,493,3/1/2028,5523.52,Active
709,545,3.53934E+15,MasterCard,8152,1/31/2028,10454.37,Active
710,762,3.45988E+14,Visa,118,12/3/2029,13613.36,Active
711,218,4.46583E+15,MasterCard,231,12/12/2029,8171.97,Active
712,281,4.25113E+12,Visa,699,3/14/2027,7361.17,Active
713,316,4.57444E+18,Visa,282,12/17/2027,11082.05,Blocked
714,253,3.46897E+14,MasterCard,601,11/3/2028,9404.94,Blocked
715,548,6.01149E+15,MasterCard,741,8/5/2027,5414.55,Blocked
716,867,4.68237E+15,Amex,937,11/19/2027,13994.33,Blocked
717,179,4.65278E+15,MasterCard,5858,3/26/2030,8883.39,Blocked
718,16,2.72054E+15,Visa,497,1/12/2027,4885.71,Blocked
719,464,3.04372E+13,Visa,104,8/23/2028,4348.27,Active
720,227,4.97196E+15,Amex,1042,4/23/2030,3021.58,Blocked
721,692,4.69978E+18,Amex,135,11/2/2029,5075.63,Active
722,954,3.72594E+14,Visa,405,8/27/2029,12876.53,Blocked
723,656,4.58309E+15,Amex,558,6/13/2030,13902.72,Active
724,538,3.51875E+15,MasterCard,238,8/20/2026,4169.04,Blocked
725,21,4.91433E+15,Visa,1,11/25/2026,9471.41,Blocked
726,189,3.51791E+15,Amex,276,3/21/2027,9641.31,Active
727,454,4.46251E+15,Visa,369,12/22/2027,2388.92,Blocked
728,975,4.4517E+18,Visa,673,2/25/2028,9403.34,Active
729,28,3.44536E+14,MasterCard,672,1/16/2030,2218.18,Blocked
730,555,1.80001E+14,Visa,906,11/11/2027,13672.42,Blocked
731,701,1.80084E+14,Visa,214,3/22/2027,9264.76,Blocked
732,392,3.5723E+15,Amex,921,11/29/2029,3938.82,Active
733,406,5.70424E+11,Visa,857,8/20/2026,14806.83,Blocked
734,770,4.04371E+15,Visa,891,4/21/2027,14596.47,Active
735,860,3.56972E+15,Visa,937,7/11/2026,9209.17,Active
736,310,2.13138E+14,Amex,487,8/10/2028,11923.29,Blocked
737,8,4.5073E+18,Visa,827,9/1/2028,3117.13,Blocked
738,98,3.50308E+15,Amex,665,6/20/2029,9190.54,Active
739,591,2.13168E+14,Visa,777,11/3/2026,10001.82,Active
740,383,5.01816E+11,Amex,646,2/28/2027,4159.7,Blocked
741,87,3.74616E+14,Amex,121,7/22/2029,1865.12,Active
742,662,4.00431E+15,Visa,8493,2/19/2030,3573.3,Blocked
743,441,6.01145E+15,Visa,141,9/23/2029,6274.96,Active
744,862,5.6506E+11,MasterCard,888,2/4/2030,6272.02,Blocked
745,717,3.5145E+15,MasterCard,303,5/20/2029,1895.86,Blocked
746,363,3.57188E+15,Amex,459,4/15/2028,5327.46,Blocked
747,594,3.54694E+15,Amex,289,8/12/2029,12366.54,Active
748,233,4.53419E+15,Visa,890,12/13/2027,4999.17,Blocked
749,745,3.52748E+15,Visa,969,6/18/2029,2914.03,Active
750,85,6.54781E+15,MasterCard,441,5/14/2027,10112.45,Blocked
751,477,3.00709E+13,Amex,269,9/20/2029,11757.31,Blocked
752,340,5.02055E+11,MasterCard,748,10/16/2026,5054.75,Blocked
753,858,4.83795E+18,Visa,9106,1/16/2029,7215.13,Active
754,630,5.39744E+15,MasterCard,488,3/23/2029,14229.73,Blocked
755,201,6.0115E+15,Amex,265,1/10/2028,9599.9,Active
756,943,4.73868E+15,Visa,697,7/6/2026,10381.12,Blocked
757,439,6.57026E+15,MasterCard,882,6/2/2029,10960.98,Blocked
758,60,6.76165E+11,MasterCard,759,7/26/2027,3475.13,Blocked
759,664,5.23643E+15,MasterCard,414,1/7/2029,1936.55,Active
760,803,4.29722E+15,Amex,336,1/23/2029,3241.69,Active
761,842,2.52194E+15,Amex,490,5/27/2029,10072.04,Blocked
762,561,4.30258E+15,Visa,876,9/24/2027,6694.91,Active
763,817,2.13162E+14,Amex,633,10/4/2029,9749.27,Active
764,136,4.68924E+18,Visa,913,10/13/2027,1969.46,Active
765,401,6.76256E+11,MasterCard,129,10/3/2026,9764.89,Blocked
766,25,2.13193E+14,MasterCard,854,5/2/2027,9808.79,Blocked
767,648,5.64102E+11,MasterCard,895,12/15/2026,3862.97,Active
768,139,4.44641E+15,Visa,231,7/24/2027,3777.92,Blocked
769,127,4.58801E+15,Amex,852,1/16/2027,5980.3,Active
770,74,3.54627E+15,Visa,615,7/31/2029,6299.71,Blocked
771,663,4.47975E+15,Amex,334,10/2/2026,6146.88,Active
772,934,60431360183,MasterCard,914,8/13/2029,2173.03,Blocked
773,867,4.83299E+15,Visa,966,7/22/2028,9487.84,Active
774,23,6.30438E+11,Visa,792,5/24/2030,1404.85,Active
775,465,1.80062E+14,MasterCard,873,6/25/2026,11820.73,Active
776,584,2.29693E+15,Amex,603,8/9/2027,8904.39,Active
777,895,4.48351E+12,Visa,371,9/2/2027,10842.55,Active
778,213,3.58305E+15,Visa,620,1/23/2029,4635.14,Blocked
779,614,3.05397E+13,Amex,323,2/24/2027,9769.17,Blocked
780,390,4.18295E+15,Amex,161,6/26/2027,3921.68,Blocked
781,774,4.25569E+12,Amex,109,11/14/2029,10990.48,Active
782,503,3.00089E+13,Amex,167,2/4/2029,8752.42,Blocked
783,423,4.77207E+15,MasterCard,391,4/11/2029,8981.75,Blocked
784,918,3.05603E+13,Visa,320,5/31/2028,13870.9,Active
785,43,4.46309E+18,Visa,9334,2/17/2030,2377.07,Blocked
786,684,3.59473E+15,Visa,250,6/19/2028,12403.35,Blocked
787,168,3.44255E+14,Amex,814,2/5/2028,6991.58,Blocked
788,189,4.4858E+12,MasterCard,114,10/14/2029,7231.63,Active
789,893,4.54852E+15,MasterCard,415,11/5/2027,1890.59,Active
790,500,3.4289E+14,Visa,578,7/30/2029,14907.92,Blocked
791,966,3.73905E+14,MasterCard,153,11/2/2029,4088.5,Active
792,501,6.52917E+15,MasterCard,72,10/17/2029,10416.98,Blocked
793,953,1.80092E+14,MasterCard,103,6/27/2028,9590.33,Blocked
794,267,3.48433E+14,Amex,947,8/10/2028,7178.02,Blocked
795,603,1.80076E+14,MasterCard,549,10/6/2027,3236.4,Blocked
796,834,2.13102E+14,Amex,1177,9/9/2027,5031.71,Blocked
797,851,4.66318E+15,Visa,2731,9/8/2026,1303.52,Blocked
798,641,6.51674E+15,Visa,773,4/19/2029,5408.62,Blocked
799,593,4.83374E+18,Visa,417,7/4/2027,14589.73,Blocked
800,335,5.26042E+15,MasterCard,887,4/8/2029,8473.65,Blocked
