DebtID,CustomerID,AmountDue,DueDate,CollectorAssigned
1,15,15765.24,2025-02-26,UzDebtRecovery
2,24,1836.77,2025-04-01,FinanceControl
3,32,1435.74,2024-08-09,TrustAgency
4,33,14878.67,2025-08-06,UzDebtRecovery
5,36,19195.55,2024-06-29,UzDebtRecovery
6,40,8221.59,2024-10-07,FinanceControl
7,45,10446.92,2025-02-18,UzDebtRecovery
8,49,17868.35,2024-08-03,DebtCorp
9,54,9249.23,2024-08-19,TrustAgency
10,59,5701.67,2025-07-11,TrustAgency
11,64,4134.63,2025-06-11,FastCollect
12,66,18109.24,2025-02-18,FinanceControl
13,72,11172.63,2024-11-03,FastCollect
14,79,4278.65,2025-05-04,FastCollect
15,88,14787.41,2024-09-13,FastCollect
16,99,17036.25,2024-12-28,UzDebtRecovery
17,106,11863.92,2024-11-06,FastCollect
18,125,12037.19,2025-07-11,DebtCorp
19,129,10683.41,2025-07-12,FastCollect
20,135,3513.41,2025-01-12,TrustAgency
21,140,4137.4,2025-07-29,FinanceControl
22,142,1041.04,2025-02-28,TrustAgency
23,143,12565.55,2025-02-06,FastCollect
24,148,5274.55,2025-07-10,DebtCorp
25,149,17328.28,2024-07-25,FastCollect
26,157,12874.21,2025-07-12,TrustAgency
27,159,416.89,2025-05-28,TrustAgency
28,167,9092.4,2025-07-21,DebtCorp
29,170,6802.97,2025-04-03,FinanceControl
30,175,8694.08,2025-01-08,DebtCorp
31,182,4287.09,2025-01-03,UzDebtRecovery
32,191,11170.25,2025-02-16,FinanceControl
33,193,10898.79,2024-06-26,FinanceControl
34,213,7296.85,2025-02-05,TrustAgency
35,214,18281.87,2025-03-20,TrustAgency
36,220,700.44,2024-07-06,FastCollect
37,227,5145.61,2025-08-16,DebtCorp
38,231,8140.86,2025-07-02,DebtCorp
39,236,12257.67,2025-05-12,FastCollect
40,240,1499.09,2025-08-08,FinanceControl
41,243,14243.81,2025-08-17,DebtCorp
42,247,10559.08,2025-01-31,FinanceControl
43,250,7553.42,2024-07-19,TrustAgency
44,254,17558.18,2025-04-18,TrustAgency
45,257,6228.05,2025-06-15,FinanceControl
46,264,279.11,2025-07-29,FinanceControl
47,272,12535.15,2024-10-09,FastCollect
48,274,15849.39,2024-07-10,DebtCorp
49,278,19910.12,2025-06-20,FinanceControl
50,287,14966.84,2024-09-30,FinanceControl
51,290,9894.22,2025-07-31,DebtCorp
52,304,14359.83,2025-07-27,DebtCorp
53,306,9303.98,2024-07-16,TrustAgency
54,309,6688.34,2024-08-26,FastCollect
55,313,17684.25,2024-07-06,FinanceControl
56,315,10351.71,2025-05-06,UzDebtRecovery
57,321,17228.18,2024-11-26,FastCollect
58,323,13625.05,2025-08-07,FastCollect
59,326,16955.5,2024-09-21,FinanceControl
60,330,18890.53,2025-07-03,FinanceControl
61,333,1169.65,2024-12-09,DebtCorp
62,337,15529.79,2025-02-11,UzDebtRecovery
63,344,17860.19,2024-12-17,TrustAgency
64,345,19943.44,2024-08-07,TrustAgency
65,346,11875.48,2024-12-02,TrustAgency
66,351,1161.47,2024-08-10,DebtCorp
67,352,18255.1,2024-12-14,FinanceControl
68,361,14796.68,2025-05-07,FastCollect
69,369,2942.99,2024-08-30,DebtCorp
70,371,17449.39,2025-02-28,TrustAgency
71,378,5217.59,2024-06-26,FinanceControl
72,380,16808.47,2025-07-09,TrustAgency
73,384,8662.65,2024-07-01,DebtCorp
74,386,4948.2,2024-12-16,FastCollect
75,390,877.1,2024-07-01,UzDebtRecovery
76,407,291.46,2025-05-23,DebtCorp
77,409,11714.16,2025-03-05,UzDebtRecovery
78,410,11095.68,2024-08-27,UzDebtRecovery
79,417,17021.4,2024-08-03,FastCollect
80,426,18840.9,2025-04-01,DebtCorp
81,428,18055.64,2025-01-07,FastCollect
82,429,16607.45,2024-10-06,TrustAgency
83,431,16292.94,2025-03-19,FinanceControl
84,441,8555.81,2024-12-20,FinanceControl
85,442,10495.46,2024-07-15,TrustAgency
86,445,18411.09,2025-07-11,UzDebtRecovery
87,451,7976.08,2024-10-18,FinanceControl
88,452,16046.22,2024-06-23,TrustAgency
89,468,15528.88,2025-08-13,UzDebtRecovery
90,472,10475.39,2025-03-18,TrustAgency
91,477,8905.03,2025-07-18,TrustAgency
92,480,2983.93,2024-09-28,DebtCorp
93,487,16283.56,2025-04-07,UzDebtRecovery
94,505,2434.93,2024-07-04,FastCollect
95,513,18147.33,2025-05-17,UzDebtRecovery
96,518,12468.43,2025-06-03,FinanceControl
97,527,2626.64,2024-08-24,DebtCorp
98,530,6243.07,2024-09-17,UzDebtRecovery
99,538,413.86,2025-07-04,TrustAgency
100,539,14382.89,2025-03-16,FastCollect
101,541,461.94,2024-11-07,DebtCorp
102,551,19727.05,2025-04-25,TrustAgency
103,553,6394.91,2025-07-29,TrustAgency
104,556,12076.77,2024-09-25,FinanceControl
105,568,2307.89,2025-07-05,FastCollect
106,569,6258.0,2025-02-03,FinanceControl
107,579,11553.89,2025-01-16,FastCollect
108,580,14330.92,2024-11-17,FinanceControl
109,581,13348.34,2025-08-17,DebtCorp
110,582,9578.21,2025-04-27,DebtCorp
111,585,10864.44,2025-03-23,UzDebtRecovery
112,595,18623.48,2025-08-15,TrustAgency
113,597,4445.12,2025-03-24,DebtCorp
114,599,19132.35,2025-08-01,TrustAgency
115,603,1656.16,2024-09-19,TrustAgency
116,604,18973.1,2024-09-08,UzDebtRecovery
117,623,7738.29,2025-06-20,DebtCorp
118,642,5622.77,2025-08-21,DebtCorp
119,645,9832.16,2024-12-10,FinanceControl
120,648,9178.95,2024-10-17,UzDebtRecovery
121,649,11508.88,2025-06-04,FastCollect
122,653,17477.33,2025-01-23,DebtCorp
123,654,7841.12,2024-12-10,UzDebtRecovery
124,657,12218.18,2025-04-04,UzDebtRecovery
125,659,13692.25,2024-07-24,UzDebtRecovery
126,660,4713.17,2024-08-16,DebtCorp
127,663,7739.28,2024-07-22,FastCollect
128,671,3551.67,2024-07-03,DebtCorp
129,672,16030.61,2024-10-15,UzDebtRecovery
130,676,12214.03,2024-10-27,UzDebtRecovery
131,678,15642.79,2024-08-12,UzDebtRecovery
132,687,18991.32,2024-12-06,FastCollect
133,688,17981.3,2025-02-05,DebtCorp
134,691,17209.35,2024-12-31,FinanceControl
135,698,6744.92,2024-10-23,DebtCorp
136,708,695.61,2024-07-01,TrustAgency
137,709,14133.31,2024-07-05,FinanceControl
138,710,10129.87,2024-12-09,TrustAgency
139,712,15316.38,2025-07-08,DebtCorp
140,720,3684.41,2025-06-02,UzDebtRecovery
141,721,876.26,2025-07-20,UzDebtRecovery
142,723,9257.88,2024-12-07,UzDebtRecovery
143,724,7995.35,2025-01-08,FinanceControl
144,730,14806.64,2024-08-28,FastCollect
145,735,14252.32,2024-07-08,TrustAgency
146,738,15097.86,2024-11-04,FinanceControl
147,740,13109.17,2024-08-10,DebtCorp
148,746,6010.75,2024-12-28,FastCollect
149,754,9294.31,2025-04-06,DebtCorp
150,756,12600.88,2024-06-29,FinanceControl
151,760,10553.6,2025-04-01,TrustAgency
152,766,5932.89,2025-06-07,FinanceControl
153,767,9323.67,2025-08-16,FinanceControl
154,774,9236.54,2024-08-30,FinanceControl
155,777,8612.31,2025-01-12,TrustAgency
156,779,17047.35,2024-08-24,UzDebtRecovery
157,780,6896.73,2024-12-31,FinanceControl
158,785,19266.06,2024-12-11,DebtCorp
159,789,6707.27,2025-02-14,DebtCorp
160,794,16094.76,2025-02-20,FastCollect
161,807,17650.47,2024-12-08,FastCollect
162,808,440.93,2025-03-17,DebtCorp
163,814,7019.75,2025-03-23,DebtCorp
164,819,14279.86,2025-06-17,DebtCorp
165,828,352.74,2025-03-06,FinanceControl
166,836,3686.34,2024-11-18,DebtCorp
167,841,15624.37,2024-10-12,TrustAgency
168,844,6629.28,2024-12-19,DebtCorp
169,845,10054.82,2025-01-12,FinanceControl
170,848,9616.38,2025-04-19,UzDebtRecovery
171,852,9942.0,2025-07-24,FastCollect
172,861,5634.92,2025-06-14,TrustAgency
173,862,9974.26,2025-07-19,TrustAgency
174,863,2960.16,2024-09-20,TrustAgency
175,864,2976.99,2025-07-29,UzDebtRecovery
176,867,3733.09,2024-12-19,TrustAgency
177,869,17221.58,2025-04-13,TrustAgency
178,875,2695.66,2025-04-11,TrustAgency
179,893,5722.56,2024-06-23,DebtCorp
180,900,17357.77,2025-04-17,FastCollect
181,902,16684.47,2025-07-31,UzDebtRecovery
182,914,15420.03,2024-07-03,TrustAgency
183,918,13335.35,2025-04-11,FinanceControl
184,924,16301.59,2025-02-05,FastCollect
185,926,7571.6,2025-05-15,TrustAgency
186,937,17883.43,2024-10-01,FastCollect
187,938,16077.77,2025-08-06,DebtCorp
188,941,17899.18,2025-06-05,DebtCorp
189,949,19274.87,2025-06-08,FastCollect
190,960,5601.36,2025-01-30,DebtCorp
191,963,120.81,2024-10-23,TrustAgency
192,967,19631.8,2024-09-27,TrustAgency
193,969,5214.19,2025-07-12,UzDebtRecovery
194,970,184.43,2025-08-22,FastCollect
195,982,9671.45,2024-08-23,FastCollect
196,984,8380.01,2025-03-11,FastCollect
197,988,5814.78,2024-10-11,FinanceControl
198,992,10783.54,2025-01-25,UzDebtRecovery
199,996,15631.2,2025-04-21,FinanceControl
200,997,13538.56,2025-08-20,FinanceControl
201,999,15044.13,2024-08-27,DebtCorp
202,1000,11474.78,2024-09-10,TrustAgency
