AttendanceID,EmployeeID,CheckInTime,CheckOutTime,TotalHours
1,70,2/2/2025 6:11,2/2/2025 12:11,6
2,5,6/14/2025 3:57,6/14/2025 9:57,6
3,8,2/8/2025 18:43,2/9/2025 0:43,6
4,24,4/14/2025 21:01,4/15/2025 4:01,7
5,62,5/12/2025 14:05,5/12/2025 20:05,6
6,176,4/18/2025 15:50,4/18/2025 22:50,7
7,185,5/23/2025 2:01,5/23/2025 8:01,6
8,71,1/17/2025 11:29,1/17/2025 17:29,6
9,66,3/15/2025 9:31,3/15/2025 15:31,6
10,21,1/10/2025 15:32,1/10/2025 21:32,6
11,187,6/20/2025 0:06,6/20/2025 7:06,7
12,198,5/29/2025 9:51,5/29/2025 16:51,7
13,28,1/9/2025 4:11,1/9/2025 12:11,8
14,170,4/19/2025 22:54,4/20/2025 4:54,6
15,149,1/23/2025 13:20,1/23/2025 20:20,7
16,120,5/22/2025 23:31,5/23/2025 8:31,9
17,38,2/8/2025 0:06,2/8/2025 8:06,8
18,74,2/2/2025 4:43,2/2/2025 11:43,7
19,166,4/7/2025 9:36,4/7/2025 18:36,9
20,182,5/17/2025 18:24,5/18/2025 3:24,9
21,74,2/13/2025 10:27,2/13/2025 18:27,8
22,97,1/16/2025 16:42,1/16/2025 22:42,6
23,133,3/14/2025 19:58,3/15/2025 3:58,8
24,110,6/7/2025 15:58,6/7/2025 21:58,6
25,96,1/29/2025 13:41,1/29/2025 20:41,7
26,53,5/16/2025 17:04,5/17/2025 2:04,9
27,85,1/19/2025 4:51,1/19/2025 13:51,9
28,80,6/14/2025 4:53,6/14/2025 13:53,9
29,12,4/28/2025 15:46,4/28/2025 21:46,6
30,75,1/25/2025 3:07,1/25/2025 12:07,9
31,190,6/6/2025 1:26,6/6/2025 7:26,6
32,155,5/3/2025 5:47,5/3/2025 12:47,7
33,179,1/27/2025 3:34,1/27/2025 9:34,6
34,131,5/11/2025 15:46,5/11/2025 22:46,7
35,58,1/10/2025 2:23,1/10/2025 9:23,7
36,191,1/16/2025 12:43,1/16/2025 21:43,9
37,89,1/1/2025 15:43,1/2/2025 0:43,9
38,32,2/1/2025 10:31,2/1/2025 19:31,9
39,137,1/31/2025 10:56,1/31/2025 19:56,9
40,140,2/9/2025 4:19,2/9/2025 10:19,6
41,35,4/1/2025 14:43,4/1/2025 23:43,9
42,104,1/18/2025 16:55,1/19/2025 1:55,9
43,175,4/26/2025 16:09,4/26/2025 22:09,6
44,99,4/3/2025 23:48,4/4/2025 6:48,7
45,187,1/16/2025 16:25,1/17/2025 1:25,9
46,116,6/7/2025 8:40,6/7/2025 14:40,6
47,173,3/30/2025 12:54,3/30/2025 21:54,9
48,179,6/12/2025 6:06,6/12/2025 15:06,9
49,91,6/20/2025 9:12,6/20/2025 18:12,9
50,76,5/22/2025 6:59,5/22/2025 15:59,9
51,96,6/17/2025 4:43,6/17/2025 13:43,9
52,114,5/13/2025 17:17,5/14/2025 1:17,8
53,154,4/2/2025 14:47,4/2/2025 23:47,9
54,126,2/24/2025 12:29,2/24/2025 21:29,9
55,124,4/16/2025 11:46,4/16/2025 18:46,7
56,178,1/1/2025 2:51,1/1/2025 8:51,6
57,11,6/19/2025 8:07,6/19/2025 17:07,9
58,82,4/1/2025 1:59,4/1/2025 7:59,6
59,188,1/22/2025 10:38,1/22/2025 19:38,9
60,135,4/10/2025 8:07,4/10/2025 15:07,7
61,50,5/1/2025 4:03,5/1/2025 11:03,7
62,200,2/14/2025 6:22,2/14/2025 15:22,9
63,61,4/6/2025 9:03,4/6/2025 16:03,7
64,145,3/10/2025 17:16,3/11/2025 0:16,7
65,72,1/20/2025 12:34,1/20/2025 21:34,9
66,198,4/28/2025 4:03,4/28/2025 12:03,8
67,177,2/23/2025 22:41,2/24/2025 4:41,6
68,171,5/28/2025 12:11,5/28/2025 19:11,7
69,112,4/16/2025 1:25,4/16/2025 10:25,9
70,144,5/28/2025 23:10,5/29/2025 8:10,9
71,87,1/19/2025 20:07,1/20/2025 5:07,9
72,14,3/9/2025 3:46,3/9/2025 12:46,9
73,63,3/7/2025 19:51,3/8/2025 3:51,8
74,67,5/16/2025 6:17,5/16/2025 15:17,9
75,1,4/13/2025 4:50,4/13/2025 12:50,8
76,40,5/31/2025 16:31,5/31/2025 22:31,6
77,118,6/15/2025 13:50,6/15/2025 20:50,7
78,35,2/2/2025 13:37,2/2/2025 19:37,6
79,64,5/2/2025 9:22,5/2/2025 16:22,7
80,1,6/6/2025 1:09,6/6/2025 9:09,8
81,132,4/18/2025 14:26,4/18/2025 23:26,9
82,175,5/10/2025 8:20,5/10/2025 15:20,7
83,161,5/30/2025 4:34,5/30/2025 10:34,6
84,43,1/31/2025 12:57,1/31/2025 19:57,7
85,151,4/28/2025 1:32,4/28/2025 9:32,8
86,86,3/13/2025 17:13,3/14/2025 2:13,9
87,102,3/18/2025 8:42,3/18/2025 15:42,7
88,15,4/6/2025 6:53,4/6/2025 13:53,7
89,128,3/28/2025 16:43,3/28/2025 22:43,6
90,113,4/29/2025 1:24,4/29/2025 7:24,6
91,178,3/28/2025 12:22,3/28/2025 18:22,6
92,107,3/24/2025 12:57,3/24/2025 19:57,7
93,49,3/29/2025 4:53,3/29/2025 10:53,6
94,89,3/25/2025 9:37,3/25/2025 17:37,8
95,58,5/22/2025 2:36,5/22/2025 10:36,8
96,76,6/1/2025 12:59,6/1/2025 18:59,6
97,145,3/1/2025 2:34,3/1/2025 11:34,9
98,80,6/4/2025 23:17,6/5/2025 8:17,9
99,1,4/20/2025 3:53,4/20/2025 11:53,8
100,139,5/22/2025 1:21,5/22/2025 10:21,9
101,125,1/20/2025 12:01,1/20/2025 18:01,6
102,29,1/19/2025 9:48,1/19/2025 18:48,9
103,194,4/21/2025 4:47,4/21/2025 11:47,7
104,76,2/13/2025 2:13,2/13/2025 10:13,8
105,150,4/23/2025 20:20,4/24/2025 5:20,9
106,62,5/4/2025 2:14,5/4/2025 10:14,8
107,52,4/14/2025 17:13,4/15/2025 2:13,9
108,96,3/5/2025 20:06,3/6/2025 2:06,6
109,158,4/22/2025 4:21,4/22/2025 12:21,8
110,27,5/3/2025 6:58,5/3/2025 15:58,9
111,37,1/13/2025 3:36,1/13/2025 12:36,9
112,117,3/24/2025 12:35,3/24/2025 19:35,7
113,69,1/19/2025 7:40,1/19/2025 13:40,6
114,130,6/8/2025 20:02,6/9/2025 5:02,9
115,42,1/30/2025 21:25,1/31/2025 6:25,9
116,15,2/10/2025 0:28,2/10/2025 6:28,6
117,183,4/19/2025 6:00,4/19/2025 13:00,7
118,37,4/26/2025 5:29,4/26/2025 11:29,6
119,96,5/20/2025 1:44,5/20/2025 10:44,9
120,109,4/18/2025 22:00,4/19/2025 7:00,9
121,16,2/25/2025 3:37,2/25/2025 9:37,6
122,174,1/13/2025 16:04,1/13/2025 22:04,6
123,131,4/8/2025 6:02,4/8/2025 15:02,9
124,31,3/3/2025 23:13,3/4/2025 8:13,9
125,29,3/5/2025 8:09,3/5/2025 14:09,6
126,69,3/19/2025 4:47,3/19/2025 12:47,8
127,184,3/27/2025 18:08,3/28/2025 1:08,7
128,184,2/7/2025 12:19,2/7/2025 18:19,6
129,122,1/6/2025 1:28,1/6/2025 7:28,6
130,133,1/23/2025 2:28,1/23/2025 8:28,6
131,39,5/31/2025 17:49,6/1/2025 0:49,7
132,21,1/8/2025 13:30,1/8/2025 20:30,7
133,27,3/5/2025 23:08,3/6/2025 8:08,9
134,9,6/21/2025 1:41,6/21/2025 9:41,8
135,9,4/17/2025 18:30,4/18/2025 1:30,7
136,80,2/19/2025 22:47,2/20/2025 7:47,9
137,28,6/15/2025 9:11,6/15/2025 15:11,6
138,122,1/30/2025 7:00,1/30/2025 14:00,7
139,76,3/29/2025 9:12,3/29/2025 15:12,6
140,124,5/1/2025 20:17,5/2/2025 4:17,8
141,23,1/18/2025 22:20,1/19/2025 6:20,8
142,105,1/4/2025 7:51,1/4/2025 15:51,8
143,94,4/13/2025 18:30,4/14/2025 2:30,8
144,84,5/3/2025 23:52,5/4/2025 5:52,6
145,47,1/24/2025 7:20,1/24/2025 14:20,7
146,53,1/12/2025 13:59,1/12/2025 21:59,8
147,94,5/31/2025 7:03,5/31/2025 13:03,6
148,107,4/4/2025 0:45,4/4/2025 8:45,8
149,191,4/4/2025 7:17,4/4/2025 13:17,6
150,90,6/17/2025 20:18,6/18/2025 5:18,9
151,104,2/4/2025 11:03,2/4/2025 18:03,7
152,7,6/14/2025 3:00,6/14/2025 10:00,7
153,98,2/16/2025 17:37,2/17/2025 0:37,7
154,60,4/6/2025 23:36,4/7/2025 8:36,9
155,184,4/6/2025 14:06,4/6/2025 22:06,8
156,131,3/22/2025 1:12,3/22/2025 10:12,9
157,86,4/2/2025 17:38,4/2/2025 23:38,6
158,14,4/2/2025 9:53,4/2/2025 18:53,9
159,76,2/19/2025 8:32,2/19/2025 16:32,8
160,54,1/19/2025 22:14,1/20/2025 6:14,8
161,46,3/2/2025 15:52,3/2/2025 23:52,8
162,167,2/22/2025 17:40,2/22/2025 23:40,6
163,17,4/3/2025 12:48,4/3/2025 18:48,6
164,106,3/13/2025 18:17,3/14/2025 2:17,8
165,60,5/28/2025 23:51,5/29/2025 8:51,9
166,67,2/26/2025 3:59,2/26/2025 12:59,9
167,6,4/19/2025 23:17,4/20/2025 8:17,9
168,167,1/25/2025 6:27,1/25/2025 15:27,9
169,158,2/22/2025 5:16,2/22/2025 14:16,9
170,161,3/15/2025 14:52,3/15/2025 23:52,9
171,125,4/18/2025 2:27,4/18/2025 8:27,6
172,54,6/7/2025 8:35,6/7/2025 16:35,8
173,17,5/10/2025 14:27,5/10/2025 22:27,8
174,88,3/28/2025 4:36,3/28/2025 11:36,7
175,71,4/4/2025 22:20,4/5/2025 6:20,8
176,141,3/10/2025 8:54,3/10/2025 17:54,9
177,71,3/8/2025 5:06,3/8/2025 11:06,6
178,176,1/29/2025 6:29,1/29/2025 14:29,8
179,56,4/29/2025 7:48,4/29/2025 15:48,8
180,7,4/25/2025 21:24,4/26/2025 3:24,6
181,172,1/9/2025 18:37,1/10/2025 2:37,8
182,51,4/19/2025 5:27,4/19/2025 13:27,8
183,189,2/18/2025 20:31,2/19/2025 2:31,6
184,134,6/18/2025 2:36,6/18/2025 10:36,8
185,11,3/19/2025 4:02,3/19/2025 13:02,9
186,54,3/9/2025 7:59,3/9/2025 14:59,7
187,154,1/20/2025 11:15,1/20/2025 19:15,8
188,164,1/9/2025 1:55,1/9/2025 10:55,9
189,94,4/1/2025 16:38,4/1/2025 22:38,6
190,200,3/29/2025 11:30,3/29/2025 18:30,7
191,38,5/24/2025 20:44,5/25/2025 5:44,9
192,22,3/7/2025 10:17,3/7/2025 16:17,6
193,9,6/12/2025 17:46,6/13/2025 1:46,8
194,159,3/14/2025 19:08,3/15/2025 1:08,6
195,45,2/22/2025 21:17,2/23/2025 6:17,9
196,197,2/19/2025 19:09,2/20/2025 3:09,8
197,193,4/16/2025 20:22,4/17/2025 3:22,7
198,133,1/19/2025 7:49,1/19/2025 15:49,8
199,194,2/15/2025 19:07,2/16/2025 4:07,9
200,183,1/4/2025 14:00,1/4/2025 20:00,6
201,188,6/15/2025 9:15,6/15/2025 15:15,6
202,148,3/22/2025 9:23,3/22/2025 16:23,7
203,166,5/20/2025 7:37,5/20/2025 13:37,6
204,93,2/19/2025 23:02,2/20/2025 5:02,6
205,156,1/25/2025 15:22,1/25/2025 21:22,6
206,99,5/13/2025 11:36,5/13/2025 18:36,7
207,62,5/8/2025 13:46,5/8/2025 20:46,7
208,169,5/22/2025 3:10,5/22/2025 10:10,7
209,101,1/24/2025 14:58,1/24/2025 21:58,7
210,82,4/16/2025 5:47,4/16/2025 12:47,7
211,35,1/20/2025 0:00,1/20/2025 9:00,9
212,93,5/11/2025 13:43,5/11/2025 22:43,9
213,192,4/2/2025 23:14,4/3/2025 5:14,6
214,29,6/17/2025 3:34,6/17/2025 10:34,7
215,182,3/7/2025 0:53,3/7/2025 8:53,8
216,147,5/11/2025 14:38,5/11/2025 20:38,6
217,36,3/5/2025 21:55,3/6/2025 4:55,7
218,1,3/26/2025 23:26,3/27/2025 5:26,6
219,110,1/28/2025 13:55,1/28/2025 20:55,7
220,62,1/1/2025 23:11,1/2/2025 5:11,6
221,132,5/20/2025 23:10,5/21/2025 6:10,7
222,168,5/10/2025 11:40,5/10/2025 18:40,7
223,69,2/1/2025 21:41,2/2/2025 5:41,8
224,30,2/8/2025 2:15,2/8/2025 11:15,9
225,127,3/19/2025 0:05,3/19/2025 6:05,6
226,127,5/19/2025 7:59,5/19/2025 16:59,9
227,103,1/28/2025 4:01,1/28/2025 10:01,6
228,175,4/23/2025 3:36,4/23/2025 12:36,9
229,3,1/1/2025 23:20,1/2/2025 8:20,9
230,159,6/6/2025 20:17,6/7/2025 2:17,6
231,25,5/10/2025 14:09,5/10/2025 23:09,9
232,37,2/15/2025 0:52,2/15/2025 7:52,7
233,61,2/5/2025 17:40,2/6/2025 0:40,7
234,181,5/5/2025 3:56,5/5/2025 11:56,8
235,145,1/17/2025 13:56,1/17/2025 19:56,6
236,64,1/31/2025 14:31,1/31/2025 21:31,7
237,93,3/6/2025 12:42,3/6/2025 19:42,7
238,22,6/21/2025 10:24,6/21/2025 18:24,8
239,64,1/27/2025 5:02,1/27/2025 13:02,8
240,111,3/30/2025 2:44,3/30/2025 9:44,7
241,183,2/14/2025 1:29,2/14/2025 10:29,9
242,185,4/21/2025 14:03,4/21/2025 21:03,7
243,184,1/15/2025 13:38,1/15/2025 21:38,8
244,91,3/18/2025 21:31,3/19/2025 3:31,6
245,198,6/10/2025 9:10,6/10/2025 17:10,8
246,184,3/10/2025 17:56,3/10/2025 23:56,6
247,148,5/4/2025 19:18,5/5/2025 3:18,8
248,27,5/3/2025 14:08,5/3/2025 22:08,8
249,115,2/27/2025 8:11,2/27/2025 17:11,9
250,24,1/23/2025 17:03,1/24/2025 2:03,9
251,141,6/8/2025 17:24,6/9/2025 0:24,7
252,137,5/26/2025 0:13,5/26/2025 7:13,7
253,20,2/13/2025 4:10,2/13/2025 11:10,7
254,75,3/19/2025 18:12,3/20/2025 2:12,8
255,99,1/26/2025 16:02,1/26/2025 23:02,7
256,25,2/13/2025 7:59,2/13/2025 16:59,9
257,50,3/8/2025 5:31,3/8/2025 14:31,9
258,34,1/30/2025 1:17,1/30/2025 10:17,9
259,2,3/2/2025 10:58,3/2/2025 17:58,7
260,134,3/15/2025 13:33,3/15/2025 22:33,9
261,165,4/5/2025 15:14,4/5/2025 23:14,8
262,165,5/15/2025 19:13,5/16/2025 4:13,9
263,60,5/29/2025 17:12,5/30/2025 0:12,7
264,184,3/20/2025 1:33,3/20/2025 8:33,7
265,56,1/15/2025 21:01,1/16/2025 4:01,7
266,36,5/7/2025 7:20,5/7/2025 15:20,8
267,41,1/5/2025 22:24,1/6/2025 7:24,9
268,52,5/24/2025 4:59,5/24/2025 13:59,9
269,143,3/14/2025 9:49,3/14/2025 16:49,7
270,101,1/14/2025 2:59,1/14/2025 8:59,6
271,41,1/24/2025 20:50,1/25/2025 4:50,8
272,65,4/5/2025 15:01,4/5/2025 21:01,6
273,76,6/14/2025 12:22,6/14/2025 20:22,8
274,35,2/1/2025 3:10,2/1/2025 12:10,9
275,139,4/10/2025 8:22,4/10/2025 16:22,8
276,123,2/26/2025 20:32,2/27/2025 4:32,8
277,157,3/7/2025 21:56,3/8/2025 3:56,6
278,72,4/10/2025 18:39,4/11/2025 2:39,8
279,120,4/12/2025 11:35,4/12/2025 19:35,8
280,179,2/21/2025 22:16,2/22/2025 4:16,6
281,114,5/5/2025 12:15,5/5/2025 21:15,9
282,80,2/12/2025 14:18,2/12/2025 21:18,7
283,70,1/21/2025 1:40,1/21/2025 9:40,8
284,20,1/1/2025 4:09,1/1/2025 10:09,6
285,89,1/14/2025 22:28,1/15/2025 7:28,9
286,151,5/24/2025 9:59,5/24/2025 17:59,8
287,171,2/9/2025 6:52,2/9/2025 12:52,6
288,99,2/7/2025 10:32,2/7/2025 18:32,8
289,47,6/10/2025 8:04,6/10/2025 16:04,8
290,56,5/14/2025 1:23,5/14/2025 8:23,7
291,149,1/8/2025 12:14,1/8/2025 19:14,7
292,162,2/22/2025 10:50,2/22/2025 17:50,7
293,69,4/23/2025 8:18,4/23/2025 16:18,8
294,69,4/12/2025 5:08,4/12/2025 12:08,7
295,72,6/5/2025 6:07,6/5/2025 14:07,8
296,31,3/6/2025 6:01,3/6/2025 14:01,8
297,82,3/7/2025 13:10,3/7/2025 19:10,6
298,193,5/27/2025 14:20,5/27/2025 23:20,9
299,124,5/6/2025 1:21,5/6/2025 9:21,8
300,68,4/5/2025 5:41,4/5/2025 14:41,9
301,35,6/12/2025 16:15,6/12/2025 22:15,6
302,191,3/5/2025 3:07,3/5/2025 11:07,8
303,172,1/24/2025 7:08,1/24/2025 16:08,9
304,8,2/15/2025 22:44,2/16/2025 7:44,9
305,109,2/23/2025 0:23,2/23/2025 7:23,7
306,89,1/9/2025 22:36,1/10/2025 4:36,6
307,27,1/29/2025 12:23,1/29/2025 21:23,9
308,45,5/13/2025 13:27,5/13/2025 20:27,7
309,7,5/20/2025 0:55,5/20/2025 8:55,8
310,50,4/13/2025 16:46,4/14/2025 1:46,9
311,114,1/6/2025 12:59,1/6/2025 18:59,6
312,67,1/12/2025 5:06,1/12/2025 13:06,8
313,141,4/1/2025 6:29,4/1/2025 15:29,9
314,43,4/22/2025 11:12,4/22/2025 19:12,8
315,133,2/28/2025 18:03,3/1/2025 2:03,8
316,150,5/20/2025 17:15,5/21/2025 0:15,7
317,110,2/15/2025 22:54,2/16/2025 4:54,6
318,90,4/2/2025 6:44,4/2/2025 13:44,7
319,133,3/20/2025 2:21,3/20/2025 9:21,7
320,2,4/29/2025 3:17,4/29/2025 11:17,8
321,193,5/22/2025 10:02,5/22/2025 19:02,9
322,141,1/18/2025 8:22,1/18/2025 15:22,7
323,187,1/23/2025 13:03,1/23/2025 19:03,6
324,144,1/10/2025 16:50,1/10/2025 22:50,6
325,131,1/6/2025 1:28,1/6/2025 8:28,7
326,6,3/12/2025 20:20,3/13/2025 5:20,9
327,165,3/7/2025 7:23,3/7/2025 13:23,6
328,153,3/10/2025 15:14,3/10/2025 22:14,7
329,44,4/3/2025 8:03,4/3/2025 14:03,6
330,149,1/30/2025 19:07,1/31/2025 2:07,7
331,92,3/16/2025 23:18,3/17/2025 6:18,7
332,161,2/27/2025 5:39,2/27/2025 11:39,6
333,2,3/21/2025 13:34,3/21/2025 21:34,8
334,197,2/4/2025 5:55,2/4/2025 12:55,7
335,51,4/25/2025 15:43,4/25/2025 23:43,8
336,174,3/30/2025 13:22,3/30/2025 21:22,8
337,126,4/12/2025 1:18,4/12/2025 7:18,6
338,55,6/21/2025 15:49,6/21/2025 21:49,6
339,187,5/7/2025 3:36,5/7/2025 10:36,7
340,126,1/1/2025 18:35,1/2/2025 1:35,7
341,151,5/25/2025 8:24,5/25/2025 14:24,6
342,43,5/24/2025 14:05,5/24/2025 22:05,8
343,23,2/23/2025 23:22,2/24/2025 5:22,6
344,4,1/8/2025 14:00,1/8/2025 21:00,7
345,44,4/25/2025 2:57,4/25/2025 11:57,9
346,154,4/10/2025 17:18,4/11/2025 0:18,7
347,93,2/17/2025 15:18,2/18/2025 0:18,9
348,147,1/10/2025 20:15,1/11/2025 3:15,7
349,86,5/3/2025 2:39,5/3/2025 10:39,8
350,55,4/5/2025 23:10,4/6/2025 6:10,7
351,111,6/11/2025 2:11,6/11/2025 8:11,6
352,60,5/31/2025 23:20,6/1/2025 6:20,7
353,44,4/30/2025 20:48,5/1/2025 4:48,8
354,13,1/13/2025 19:25,1/14/2025 1:25,6
355,167,2/10/2025 17:34,2/11/2025 2:34,9
356,122,1/12/2025 21:55,1/13/2025 3:55,6
357,4,3/2/2025 22:42,3/3/2025 5:42,7
358,124,4/25/2025 19:04,4/26/2025 1:04,6
359,126,4/19/2025 3:09,4/19/2025 9:09,6
360,89,4/29/2025 3:52,4/29/2025 9:52,6
361,98,6/3/2025 14:00,6/3/2025 22:00,8
362,38,3/12/2025 14:29,3/12/2025 22:29,8
363,98,1/7/2025 1:28,1/7/2025 7:28,6
364,130,1/28/2025 21:30,1/29/2025 5:30,8
365,148,2/15/2025 23:01,2/16/2025 6:01,7
366,173,2/3/2025 3:56,2/3/2025 9:56,6
367,139,6/15/2025 15:22,6/15/2025 23:22,8
368,30,6/3/2025 23:01,6/4/2025 7:01,8
369,22,1/16/2025 11:54,1/16/2025 18:54,7
370,36,4/29/2025 9:45,4/29/2025 18:45,9
371,99,5/24/2025 15:25,5/24/2025 21:25,6
372,6,3/23/2025 6:44,3/23/2025 15:44,9
373,177,3/10/2025 22:35,3/11/2025 6:35,8
374,148,5/26/2025 12:50,5/26/2025 20:50,8
375,29,2/13/2025 4:52,2/13/2025 10:52,6
376,200,3/24/2025 7:35,3/24/2025 16:35,9
377,29,3/6/2025 15:51,3/6/2025 23:51,8
378,150,4/17/2025 21:33,4/18/2025 3:33,6
379,61,2/20/2025 10:09,2/20/2025 19:09,9
380,76,2/10/2025 5:04,2/10/2025 14:04,9
381,64,1/18/2025 0:08,1/18/2025 9:08,9
382,33,4/12/2025 19:02,4/13/2025 3:02,8
383,158,1/19/2025 4:23,1/19/2025 10:23,6
384,194,4/9/2025 6:36,4/9/2025 12:36,6
385,38,6/13/2025 23:13,6/14/2025 7:13,8
386,155,6/12/2025 1:00,6/12/2025 10:00,9
387,130,5/1/2025 0:24,5/1/2025 8:24,8
388,134,3/22/2025 21:56,3/23/2025 4:56,7
389,69,2/11/2025 14:33,2/11/2025 21:33,7
390,179,2/23/2025 0:01,2/23/2025 7:01,7
391,145,6/10/2025 20:30,6/11/2025 5:30,9
392,139,4/19/2025 11:14,4/19/2025 20:14,9
393,161,1/7/2025 0:04,1/7/2025 9:04,9
394,20,4/18/2025 8:52,4/18/2025 16:52,8
395,80,1/3/2025 9:34,1/3/2025 16:34,7
396,188,4/9/2025 5:18,4/9/2025 13:18,8
397,173,3/8/2025 1:16,3/8/2025 9:16,8
398,125,4/19/2025 5:10,4/19/2025 11:10,6
399,149,1/8/2025 4:56,1/8/2025 12:56,8
400,113,3/25/2025 2:07,3/25/2025 11:07,9
401,14,5/1/2025 11:19,5/1/2025 17:19,6
402,120,1/28/2025 18:00,1/29/2025 0:00,6
403,154,6/6/2025 5:31,6/6/2025 11:31,6
404,190,4/27/2025 5:40,4/27/2025 11:40,6
405,60,2/2/2025 2:40,2/2/2025 10:40,8
406,49,1/7/2025 22:56,1/8/2025 5:56,7
407,103,1/21/2025 16:20,1/21/2025 23:20,7
408,90,1/14/2025 2:07,1/14/2025 9:07,7
409,30,4/18/2025 14:31,4/18/2025 23:31,9
410,46,5/6/2025 18:27,5/7/2025 1:27,7
411,69,3/2/2025 9:54,3/2/2025 15:54,6
412,87,4/10/2025 18:05,4/11/2025 0:05,6
413,96,2/19/2025 7:42,2/19/2025 15:42,8
414,137,4/18/2025 8:38,4/18/2025 17:38,9
415,108,3/21/2025 18:13,3/22/2025 1:13,7
416,29,6/6/2025 0:19,6/6/2025 8:19,8
417,171,6/8/2025 19:59,6/9/2025 2:59,7
418,139,4/11/2025 9:41,4/11/2025 18:41,9
419,15,5/19/2025 12:35,5/19/2025 21:35,9
420,29,5/25/2025 8:19,5/25/2025 14:19,6
421,88,3/11/2025 6:13,3/11/2025 14:13,8
422,38,4/25/2025 21:29,4/26/2025 3:29,6
423,29,5/1/2025 4:34,5/1/2025 12:34,8
424,157,1/27/2025 18:11,1/28/2025 2:11,8
425,153,6/19/2025 14:25,6/19/2025 20:25,6
426,160,1/19/2025 18:03,1/20/2025 1:03,7
427,186,4/29/2025 10:20,4/29/2025 19:20,9
428,84,3/28/2025 11:57,3/28/2025 19:57,8
429,31,4/25/2025 3:34,4/25/2025 12:34,9
430,53,5/30/2025 16:30,5/30/2025 23:30,7
431,101,5/20/2025 18:41,5/21/2025 3:41,9
432,109,2/16/2025 22:02,2/17/2025 6:02,8
433,141,2/7/2025 3:55,2/7/2025 9:55,6
434,72,4/26/2025 23:22,4/27/2025 6:22,7
435,23,5/16/2025 23:51,5/17/2025 6:51,7
436,116,5/3/2025 13:44,5/3/2025 21:44,8
437,6,2/2/2025 17:58,2/2/2025 23:58,6
438,180,4/1/2025 20:28,4/2/2025 2:28,6
439,146,3/21/2025 5:04,3/21/2025 11:04,6
440,30,3/29/2025 2:45,3/29/2025 8:45,6
441,2,2/25/2025 4:33,2/25/2025 13:33,9
442,64,6/19/2025 11:13,6/19/2025 18:13,7
443,47,6/13/2025 16:48,6/14/2025 0:48,8
444,70,2/26/2025 3:08,2/26/2025 10:08,7
445,41,5/28/2025 15:09,5/29/2025 0:09,9
446,89,3/25/2025 4:20,3/25/2025 12:20,8
447,146,6/11/2025 15:12,6/11/2025 23:12,8
448,21,2/3/2025 2:05,2/3/2025 8:05,6
449,165,2/6/2025 23:12,2/7/2025 8:12,9
450,129,3/27/2025 8:14,3/27/2025 16:14,8
451,84,1/2/2025 16:52,1/2/2025 22:52,6
452,116,5/13/2025 22:27,5/14/2025 4:27,6
453,89,5/1/2025 21:11,5/2/2025 5:11,8
454,62,3/19/2025 19:30,3/20/2025 4:30,9
455,149,2/10/2025 19:31,2/11/2025 1:31,6
456,165,2/26/2025 17:09,2/27/2025 0:09,7
457,70,6/15/2025 13:44,6/15/2025 21:44,8
458,155,6/7/2025 4:13,6/7/2025 12:13,8
459,137,1/26/2025 6:50,1/26/2025 13:50,7
460,8,1/12/2025 19:40,1/13/2025 3:40,8
461,158,1/27/2025 9:30,1/27/2025 17:30,8
462,13,1/4/2025 12:00,1/4/2025 18:00,6
463,156,5/15/2025 10:23,5/15/2025 16:23,6
464,9,4/27/2025 17:09,4/27/2025 23:09,6
465,107,5/8/2025 10:55,5/8/2025 18:55,8
466,103,5/18/2025 2:37,5/18/2025 8:37,6
467,155,6/7/2025 22:01,6/8/2025 5:01,7
468,49,4/13/2025 10:02,4/13/2025 17:02,7
469,22,4/2/2025 10:42,4/2/2025 19:42,9
470,121,4/10/2025 7:06,4/10/2025 14:06,7
471,100,2/3/2025 21:53,2/4/2025 6:53,9
472,74,4/10/2025 8:07,4/10/2025 14:07,6
473,196,3/8/2025 23:53,3/9/2025 6:53,7
474,182,6/19/2025 4:04,6/19/2025 10:04,6
475,115,6/20/2025 8:02,6/20/2025 16:02,8
476,1,3/10/2025 21:42,3/11/2025 5:42,8
477,145,1/22/2025 15:48,1/22/2025 21:48,6
478,168,6/14/2025 11:23,6/14/2025 20:23,9
479,72,6/1/2025 1:25,6/1/2025 7:25,6
480,133,2/19/2025 21:27,2/20/2025 3:27,6
481,16,2/19/2025 1:21,2/19/2025 10:21,9
482,115,5/27/2025 13:19,5/27/2025 19:19,6
483,15,5/8/2025 20:41,5/9/2025 2:41,6
484,114,5/1/2025 6:05,5/1/2025 15:05,9
485,95,6/2/2025 3:46,6/2/2025 9:46,6
486,5,4/8/2025 3:46,4/8/2025 11:46,8
487,155,4/15/2025 5:22,4/15/2025 12:22,7
488,7,4/19/2025 2:49,4/19/2025 11:49,9
489,85,3/15/2025 18:21,3/16/2025 1:21,7
490,186,5/17/2025 9:43,5/17/2025 18:43,9
491,75,1/12/2025 4:11,1/12/2025 12:11,8
492,91,6/16/2025 4:55,6/16/2025 12:55,8
493,183,6/3/2025 9:06,6/3/2025 16:06,7
494,153,6/10/2025 11:15,6/10/2025 18:15,7
495,22,1/10/2025 7:38,1/10/2025 15:38,8
496,188,5/9/2025 13:30,5/9/2025 22:30,9
497,99,5/9/2025 5:13,5/9/2025 13:13,8
498,66,4/2/2025 18:32,4/3/2025 1:32,7
499,66,6/10/2025 13:53,6/10/2025 22:53,9
500,131,3/10/2025 13:13,3/10/2025 19:13,6
501,38,2/8/2025 23:50,2/9/2025 8:50,9
502,133,5/11/2025 1:40,5/11/2025 7:40,6
503,2,5/1/2025 17:55,5/2/2025 2:55,9
504,161,5/28/2025 19:02,5/29/2025 4:02,9
505,181,6/15/2025 9:19,6/15/2025 16:19,7
506,46,5/27/2025 20:01,5/28/2025 2:01,6
507,21,4/16/2025 19:58,4/17/2025 4:58,9
508,11,4/14/2025 19:10,4/15/2025 2:10,7
509,6,5/19/2025 18:49,5/20/2025 3:49,9
510,161,3/29/2025 4:37,3/29/2025 10:37,6
511,119,5/7/2025 20:38,5/8/2025 5:38,9
512,33,3/5/2025 1:19,3/5/2025 8:19,7
513,184,4/29/2025 8:18,4/29/2025 15:18,7
514,84,6/19/2025 7:47,6/19/2025 15:47,8
515,136,3/21/2025 20:10,3/22/2025 2:10,6
516,22,1/26/2025 18:45,1/27/2025 0:45,6
517,43,4/25/2025 12:27,4/25/2025 21:27,9
518,119,5/27/2025 14:15,5/27/2025 23:15,9
519,26,1/14/2025 11:00,1/14/2025 19:00,8
520,25,4/13/2025 22:17,4/14/2025 4:17,6
521,116,5/4/2025 20:22,5/5/2025 4:22,8
522,80,1/23/2025 5:01,1/23/2025 12:01,7
523,68,1/4/2025 19:46,1/5/2025 4:46,9
524,120,5/22/2025 3:13,5/22/2025 12:13,9
525,180,6/2/2025 12:48,6/2/2025 18:48,6
526,16,5/31/2025 8:24,5/31/2025 16:24,8
527,169,5/14/2025 10:32,5/14/2025 17:32,7
528,89,5/25/2025 18:15,5/26/2025 3:15,9
529,106,5/19/2025 1:40,5/19/2025 9:40,8
530,128,4/18/2025 8:51,4/18/2025 14:51,6
531,48,6/12/2025 5:32,6/12/2025 13:32,8
532,66,1/30/2025 15:37,1/30/2025 23:37,8
533,90,1/15/2025 9:52,1/15/2025 17:52,8
534,113,2/25/2025 16:02,2/26/2025 0:02,8
535,23,3/21/2025 6:53,3/21/2025 15:53,9
536,17,3/16/2025 21:21,3/17/2025 5:21,8
537,147,5/27/2025 18:49,5/28/2025 0:49,6
538,18,2/11/2025 4:12,2/11/2025 12:12,8
539,8,6/18/2025 20:10,6/19/2025 2:10,6
540,86,2/21/2025 11:47,2/21/2025 19:47,8
541,166,1/16/2025 8:43,1/16/2025 16:43,8
542,80,4/7/2025 0:19,4/7/2025 9:19,9
543,44,4/5/2025 0:04,4/5/2025 8:04,8
544,38,1/13/2025 16:19,1/13/2025 22:19,6
545,108,3/23/2025 17:45,3/24/2025 1:45,8
546,64,1/7/2025 6:40,1/7/2025 15:40,9
547,199,5/26/2025 2:38,5/26/2025 9:38,7
548,150,2/14/2025 9:13,2/14/2025 15:13,6
549,118,2/26/2025 17:21,2/27/2025 2:21,9
550,100,1/15/2025 6:18,1/15/2025 15:18,9
551,125,5/8/2025 22:00,5/9/2025 6:00,8
552,180,4/21/2025 8:42,4/21/2025 15:42,7
553,66,6/6/2025 12:15,6/6/2025 20:15,8
554,47,1/20/2025 6:47,1/20/2025 12:47,6
555,62,2/21/2025 19:34,2/22/2025 1:34,6
556,197,1/6/2025 23:59,1/7/2025 7:59,8
557,124,5/14/2025 12:37,5/14/2025 21:37,9
558,3,6/15/2025 9:56,6/15/2025 18:56,9
559,89,1/20/2025 18:10,1/21/2025 0:10,6
560,27,1/15/2025 8:47,1/15/2025 15:47,7
561,72,6/8/2025 0:49,6/8/2025 8:49,8
562,194,2/7/2025 20:27,2/8/2025 2:27,6
563,122,1/11/2025 10:18,1/11/2025 19:18,9
564,141,5/26/2025 15:34,5/26/2025 22:34,7
565,112,2/28/2025 16:22,2/28/2025 23:22,7
566,84,3/14/2025 21:30,3/15/2025 3:30,6
567,173,4/9/2025 5:21,4/9/2025 14:21,9
568,189,4/11/2025 7:19,4/11/2025 13:19,6
569,27,3/24/2025 8:37,3/24/2025 15:37,7
570,38,1/16/2025 8:58,1/16/2025 17:58,9
571,31,5/21/2025 18:56,5/22/2025 3:56,9
572,107,4/3/2025 2:26,4/3/2025 9:26,7
573,53,2/3/2025 1:05,2/3/2025 8:05,7
574,92,4/24/2025 6:33,4/24/2025 13:33,7
575,108,4/23/2025 14:30,4/23/2025 20:30,6
576,22,6/5/2025 1:44,6/5/2025 10:44,9
577,162,5/4/2025 3:11,5/4/2025 12:11,9
578,45,1/8/2025 7:33,1/8/2025 16:33,9
579,88,3/8/2025 0:43,3/8/2025 8:43,8
580,130,2/23/2025 0:44,2/23/2025 6:44,6
581,53,5/17/2025 15:31,5/17/2025 22:31,7
582,112,2/14/2025 11:59,2/14/2025 17:59,6
583,49,5/22/2025 10:31,5/22/2025 18:31,8
584,168,6/22/2025 4:09,6/22/2025 12:09,8
585,35,4/9/2025 16:06,4/10/2025 1:06,9
586,2,2/19/2025 7:30,2/19/2025 13:30,6
587,172,3/26/2025 19:09,3/27/2025 2:09,7
588,55,3/25/2025 16:18,3/25/2025 23:18,7
589,166,2/2/2025 11:38,2/2/2025 18:38,7
590,165,3/25/2025 12:59,3/25/2025 18:59,6
591,14,5/5/2025 9:50,5/5/2025 16:50,7
592,84,6/3/2025 17:28,6/4/2025 0:28,7
593,12,3/22/2025 11:56,3/22/2025 19:56,8
594,186,1/12/2025 19:50,1/13/2025 4:50,9
595,121,6/19/2025 3:28,6/19/2025 11:28,8
596,5,1/9/2025 0:27,1/9/2025 9:27,9
597,25,4/23/2025 15:05,4/23/2025 23:05,8
598,57,3/13/2025 2:28,3/13/2025 9:28,7
599,29,2/1/2025 12:43,2/1/2025 18:43,6
600,88,6/19/2025 19:58,6/20/2025 4:58,9
601,76,6/17/2025 21:54,6/18/2025 4:54,7
602,83,1/23/2025 10:23,1/23/2025 19:23,9
603,46,5/3/2025 2:22,5/3/2025 11:22,9
604,87,2/6/2025 17:51,2/7/2025 0:51,7
605,176,3/3/2025 2:14,3/3/2025 8:14,6
606,199,3/27/2025 4:11,3/27/2025 12:11,8
607,139,4/27/2025 2:59,4/27/2025 9:59,7
608,61,5/27/2025 20:34,5/28/2025 5:34,9
609,74,1/3/2025 23:21,1/4/2025 6:21,7
610,29,2/25/2025 11:34,2/25/2025 19:34,8
611,39,5/16/2025 19:12,5/17/2025 4:12,9
612,65,6/18/2025 13:11,6/18/2025 21:11,8
613,134,6/21/2025 21:41,6/22/2025 6:41,9
614,193,4/22/2025 19:07,4/23/2025 1:07,6
615,97,1/26/2025 23:44,1/27/2025 8:44,9
616,50,6/5/2025 5:12,6/5/2025 12:12,7
617,184,2/27/2025 9:10,2/27/2025 15:10,6
618,54,1/27/2025 19:55,1/28/2025 2:55,7
619,42,3/25/2025 23:32,3/26/2025 5:32,6
620,112,1/9/2025 2:21,1/9/2025 8:21,6
621,120,3/15/2025 16:26,3/15/2025 22:26,6
622,25,3/16/2025 6:03,3/16/2025 13:03,7
623,22,2/3/2025 4:15,2/3/2025 12:15,8
624,87,1/5/2025 17:07,1/6/2025 2:07,9
625,68,3/23/2025 3:06,3/23/2025 9:06,6
626,35,1/17/2025 21:19,1/18/2025 5:19,8
627,26,1/20/2025 3:09,1/20/2025 10:09,7
628,27,4/11/2025 10:07,4/11/2025 17:07,7
629,178,1/13/2025 12:10,1/13/2025 19:10,7
630,75,5/11/2025 23:51,5/12/2025 5:51,6
631,167,5/8/2025 6:38,5/8/2025 12:38,6
632,121,1/11/2025 4:23,1/11/2025 10:23,6
633,152,3/27/2025 21:29,3/28/2025 5:29,8
634,69,5/18/2025 22:39,5/19/2025 6:39,8
635,162,1/6/2025 19:08,1/7/2025 3:08,8
636,122,6/10/2025 20:35,6/11/2025 5:35,9
637,189,1/28/2025 0:10,1/28/2025 9:10,9
638,149,5/10/2025 6:14,5/10/2025 15:14,9
639,39,5/1/2025 19:10,5/2/2025 3:10,8
640,52,1/16/2025 0:43,1/16/2025 9:43,9
641,116,3/3/2025 22:42,3/4/2025 4:42,6
642,27,1/16/2025 17:01,1/17/2025 2:01,9
643,32,4/18/2025 4:10,4/18/2025 11:10,7
644,12,5/24/2025 3:35,5/24/2025 10:35,7
645,79,1/23/2025 5:19,1/23/2025 13:19,8
646,177,3/17/2025 20:35,3/18/2025 5:35,9
647,178,4/26/2025 18:35,4/27/2025 2:35,8
648,32,6/2/2025 20:47,6/3/2025 5:47,9
649,88,2/26/2025 1:44,2/26/2025 10:44,9
650,89,5/25/2025 15:09,5/25/2025 22:09,7
651,54,4/19/2025 13:20,4/19/2025 19:20,6
652,13,6/11/2025 5:46,6/11/2025 12:46,7
653,48,1/17/2025 10:33,1/17/2025 18:33,8
654,46,4/28/2025 13:06,4/28/2025 20:06,7
655,60,5/20/2025 14:28,5/20/2025 23:28,9
656,24,6/2/2025 22:57,6/3/2025 7:57,9
657,99,3/21/2025 22:41,3/22/2025 6:41,8
658,59,4/8/2025 1:28,4/8/2025 8:28,7
659,170,4/4/2025 1:44,4/4/2025 8:44,7
660,189,4/9/2025 16:10,4/10/2025 0:10,8
661,22,4/26/2025 18:21,4/27/2025 3:21,9
662,161,3/17/2025 23:23,3/18/2025 6:23,7
663,17,5/3/2025 10:45,5/3/2025 16:45,6
664,18,1/13/2025 19:54,1/14/2025 3:54,8
665,35,5/27/2025 13:36,5/27/2025 20:36,7
666,114,4/19/2025 12:19,4/19/2025 18:19,6
667,158,6/3/2025 16:46,6/3/2025 23:46,7
668,186,6/5/2025 21:41,6/6/2025 3:41,6
669,108,1/2/2025 22:07,1/3/2025 7:07,9
670,110,1/19/2025 18:49,1/20/2025 2:49,8
671,33,2/7/2025 21:36,2/8/2025 3:36,6
672,163,4/30/2025 19:42,5/1/2025 1:42,6
673,187,2/10/2025 0:48,2/10/2025 6:48,6
674,128,5/13/2025 2:29,5/13/2025 9:29,7
675,20,5/11/2025 12:07,5/11/2025 18:07,6
676,20,5/3/2025 1:34,5/3/2025 7:34,6
677,157,2/2/2025 1:24,2/2/2025 7:24,6
678,8,5/1/2025 2:39,5/1/2025 10:39,8
679,101,2/7/2025 14:15,2/7/2025 20:15,6
680,13,6/8/2025 6:38,6/8/2025 14:38,8
681,48,3/19/2025 10:49,3/19/2025 16:49,6
682,80,1/11/2025 18:23,1/12/2025 2:23,8
683,100,1/30/2025 15:18,1/31/2025 0:18,9
684,137,5/5/2025 19:49,5/6/2025 4:49,9
685,182,4/27/2025 11:40,4/27/2025 19:40,8
686,23,3/12/2025 21:25,3/13/2025 3:25,6
687,52,2/18/2025 1:55,2/18/2025 9:55,8
688,54,2/5/2025 17:10,2/6/2025 2:10,9
689,176,4/12/2025 9:37,4/12/2025 16:37,7
690,35,6/19/2025 0:51,6/19/2025 9:51,9
691,198,5/11/2025 11:25,5/11/2025 18:25,7
692,147,5/17/2025 19:10,5/18/2025 2:10,7
693,189,6/11/2025 23:08,6/12/2025 5:08,6
694,43,2/4/2025 22:05,2/5/2025 6:05,8
695,55,5/10/2025 5:33,5/10/2025 12:33,7
696,79,6/20/2025 14:42,6/20/2025 22:42,8
697,136,1/23/2025 9:24,1/23/2025 15:24,6
698,126,2/22/2025 5:43,2/22/2025 14:43,9
699,154,4/21/2025 23:57,4/22/2025 8:57,9
700,92,4/20/2025 2:55,4/20/2025 11:55,9
701,122,3/23/2025 7:11,3/23/2025 16:11,9
702,81,6/3/2025 6:41,6/3/2025 14:41,8
703,55,5/6/2025 11:18,5/6/2025 19:18,8
704,153,1/31/2025 11:41,1/31/2025 18:41,7
705,142,3/7/2025 10:52,3/7/2025 16:52,6
706,66,2/20/2025 3:58,2/20/2025 12:58,9
707,61,5/26/2025 20:15,5/27/2025 2:15,6
708,43,3/12/2025 15:00,3/12/2025 23:00,8
709,88,3/12/2025 3:54,3/12/2025 10:54,7
710,67,1/31/2025 2:14,1/31/2025 11:14,9
711,67,5/14/2025 7:29,5/14/2025 13:29,6
712,20,4/14/2025 20:51,4/15/2025 5:51,9
713,9,5/13/2025 18:01,5/14/2025 2:01,8
714,174,1/9/2025 8:13,1/9/2025 17:13,9
715,140,3/23/2025 7:09,3/23/2025 13:09,6
716,143,1/5/2025 23:50,1/6/2025 6:50,7
717,38,2/22/2025 7:26,2/22/2025 14:26,7
718,55,3/26/2025 20:58,3/27/2025 4:58,8
719,174,1/26/2025 21:39,1/27/2025 5:39,8
720,163,6/2/2025 5:25,6/2/2025 13:25,8
721,72,5/18/2025 9:39,5/18/2025 18:39,9
722,171,6/15/2025 10:49,6/15/2025 18:49,8
723,138,1/21/2025 0:52,1/21/2025 8:52,8
724,135,5/20/2025 11:27,5/20/2025 19:27,8
725,171,1/15/2025 8:34,1/15/2025 17:34,9
726,200,1/12/2025 9:42,1/12/2025 17:42,8
727,78,2/23/2025 5:03,2/23/2025 13:03,8
728,21,2/8/2025 18:13,2/9/2025 2:13,8
729,46,4/22/2025 8:15,4/22/2025 14:15,6
730,162,2/26/2025 13:32,2/26/2025 21:32,8
731,119,6/9/2025 0:32,6/9/2025 7:32,7
732,159,5/6/2025 2:10,5/6/2025 8:10,6
733,66,1/15/2025 17:05,1/16/2025 0:05,7
734,98,1/28/2025 23:19,1/29/2025 5:19,6
735,123,1/24/2025 5:15,1/24/2025 11:15,6
736,57,4/7/2025 10:53,4/7/2025 17:53,7
737,149,1/18/2025 7:53,1/18/2025 13:53,6
738,70,5/24/2025 11:00,5/24/2025 18:00,7
739,137,6/8/2025 9:26,6/8/2025 16:26,7
740,113,2/25/2025 12:34,2/25/2025 21:34,9
741,73,2/1/2025 9:27,2/1/2025 18:27,9
742,30,2/10/2025 21:48,2/11/2025 4:48,7
743,55,5/5/2025 2:05,5/5/2025 10:05,8
744,83,4/24/2025 22:20,4/25/2025 6:20,8
745,94,5/29/2025 6:39,5/29/2025 13:39,7
746,86,2/22/2025 1:51,2/22/2025 7:51,6
747,54,1/31/2025 16:37,2/1/2025 1:37,9
748,45,6/17/2025 14:25,6/17/2025 20:25,6
749,106,4/15/2025 18:33,4/16/2025 3:33,9
750,113,1/20/2025 22:46,1/21/2025 5:46,7
751,16,6/8/2025 15:26,6/9/2025 0:26,9
752,144,2/13/2025 13:42,2/13/2025 19:42,6
753,62,1/25/2025 19:41,1/26/2025 2:41,7
754,66,2/20/2025 13:41,2/20/2025 22:41,9
755,144,3/14/2025 14:06,3/14/2025 23:06,9
756,42,4/22/2025 7:18,4/22/2025 13:18,6
757,183,2/7/2025 3:13,2/7/2025 12:13,9
758,88,1/16/2025 22:59,1/17/2025 5:59,7
759,145,5/17/2025 9:11,5/17/2025 15:11,6
760,154,1/14/2025 5:31,1/14/2025 11:31,6
761,195,3/9/2025 15:36,3/9/2025 22:36,7
762,141,5/5/2025 11:35,5/5/2025 18:35,7
763,133,3/25/2025 23:38,3/26/2025 5:38,6
764,131,4/15/2025 16:54,4/15/2025 23:54,7
765,186,5/31/2025 22:50,6/1/2025 6:50,8
766,4,6/12/2025 0:59,6/12/2025 9:59,9
767,61,4/22/2025 2:57,4/22/2025 10:57,8
768,137,5/2/2025 23:18,5/3/2025 7:18,8
769,87,1/5/2025 1:40,1/5/2025 7:40,6
770,93,2/6/2025 3:18,2/6/2025 9:18,6
771,101,3/18/2025 21:29,3/19/2025 3:29,6
772,89,6/14/2025 21:40,6/15/2025 3:40,6
773,176,3/17/2025 23:48,3/18/2025 5:48,6
774,68,4/13/2025 11:29,4/13/2025 20:29,9
775,35,1/9/2025 14:28,1/9/2025 23:28,9
776,129,1/24/2025 7:35,1/24/2025 15:35,8
777,102,2/10/2025 8:46,2/10/2025 17:46,9
778,42,1/7/2025 6:22,1/7/2025 12:22,6
779,121,4/5/2025 2:08,4/5/2025 11:08,9
780,42,3/14/2025 17:57,3/15/2025 2:57,9
781,184,3/9/2025 1:58,3/9/2025 8:58,7
782,80,3/4/2025 20:59,3/5/2025 3:59,7
783,130,3/21/2025 19:27,3/22/2025 1:27,6
784,79,3/16/2025 23:10,3/17/2025 7:10,8
785,93,4/17/2025 2:01,4/17/2025 11:01,9
786,90,4/7/2025 9:44,4/7/2025 15:44,6
787,182,4/1/2025 20:04,4/2/2025 4:04,8
788,152,3/28/2025 11:32,3/28/2025 20:32,9
789,88,2/20/2025 16:52,2/20/2025 23:52,7
790,167,1/14/2025 13:22,1/14/2025 19:22,6
791,18,4/18/2025 23:34,4/19/2025 7:34,8
792,67,5/30/2025 21:43,5/31/2025 6:43,9
793,192,6/14/2025 7:21,6/14/2025 14:21,7
794,63,4/10/2025 10:18,4/10/2025 18:18,8
795,83,3/25/2025 23:18,3/26/2025 7:18,8
796,73,4/30/2025 2:06,4/30/2025 10:06,8
797,1,5/10/2025 13:32,5/10/2025 19:32,6
798,33,3/27/2025 16:57,3/27/2025 23:57,7
799,36,4/22/2025 7:26,4/22/2025 13:26,6
800,158,4/12/2025 23:35,4/13/2025 7:35,8
801,144,2/18/2025 14:12,2/18/2025 20:12,6
802,53,1/3/2025 1:54,1/3/2025 7:54,6
803,33,4/24/2025 11:33,4/24/2025 17:33,6
804,92,5/17/2025 19:12,5/18/2025 2:12,7
805,15,4/8/2025 13:08,4/8/2025 20:08,7
806,7,4/25/2025 5:35,4/25/2025 12:35,7
807,168,6/16/2025 0:59,6/16/2025 7:59,7
808,39,1/20/2025 22:45,1/21/2025 4:45,6
809,43,4/30/2025 15:03,4/30/2025 23:03,8
810,18,4/24/2025 12:00,4/24/2025 21:00,9
811,110,5/12/2025 18:18,5/13/2025 3:18,9
812,152,5/25/2025 5:41,5/25/2025 14:41,9
813,12,3/9/2025 8:02,3/9/2025 17:02,9
814,136,5/29/2025 14:15,5/29/2025 21:15,7
815,179,4/29/2025 1:33,4/29/2025 8:33,7
816,142,3/28/2025 20:11,3/29/2025 3:11,7
817,97,2/26/2025 4:38,2/26/2025 13:38,9
818,115,2/21/2025 15:32,2/21/2025 23:32,8
819,16,1/6/2025 4:00,1/6/2025 10:00,6
820,171,2/15/2025 17:56,2/15/2025 23:56,6
821,154,1/30/2025 12:55,1/30/2025 21:55,9
822,125,4/5/2025 4:15,4/5/2025 11:15,7
823,84,1/18/2025 3:07,1/18/2025 11:07,8
824,149,4/10/2025 7:51,4/10/2025 16:51,9
825,48,3/20/2025 4:15,3/20/2025 12:15,8
826,171,6/19/2025 17:05,6/20/2025 1:05,8
827,152,5/4/2025 6:57,5/4/2025 12:57,6
828,188,2/13/2025 18:47,2/14/2025 0:47,6
829,37,1/26/2025 7:32,1/26/2025 13:32,6
830,56,5/31/2025 17:08,6/1/2025 1:08,8
831,86,3/15/2025 6:40,3/15/2025 13:40,7
832,14,3/24/2025 21:03,3/25/2025 3:03,6
833,42,4/19/2025 2:50,4/19/2025 10:50,8
834,57,5/3/2025 20:55,5/4/2025 4:55,8
835,176,1/13/2025 22:48,1/14/2025 5:48,7
836,111,1/22/2025 9:57,1/22/2025 17:57,8
837,100,3/10/2025 0:49,3/10/2025 9:49,9
838,149,3/23/2025 17:24,3/24/2025 0:24,7
839,120,3/10/2025 13:49,3/10/2025 19:49,6
840,110,6/4/2025 6:06,6/4/2025 15:06,9
841,163,2/26/2025 8:15,2/26/2025 16:15,8
842,112,2/18/2025 18:30,2/19/2025 2:30,8
843,75,5/9/2025 10:38,5/9/2025 16:38,6
844,54,6/16/2025 14:34,6/16/2025 20:34,6
845,69,3/1/2025 20:57,3/2/2025 3:57,7
846,47,1/27/2025 20:32,1/28/2025 2:32,6
847,19,3/9/2025 2:47,3/9/2025 10:47,8
848,85,6/17/2025 1:09,6/17/2025 10:09,9
849,47,6/15/2025 16:48,6/15/2025 22:48,6
850,89,4/22/2025 7:28,4/22/2025 15:28,8
851,82,6/8/2025 20:24,6/9/2025 3:24,7
852,42,6/5/2025 10:05,6/5/2025 16:05,6
853,102,5/1/2025 10:18,5/1/2025 18:18,8
854,91,1/22/2025 15:48,1/22/2025 23:48,8
855,1,6/17/2025 21:15,6/18/2025 4:15,7
856,100,5/20/2025 17:16,5/21/2025 1:16,8
857,95,6/13/2025 15:55,6/13/2025 21:55,6
858,91,4/12/2025 5:20,4/12/2025 12:20,7
859,187,3/18/2025 6:25,3/18/2025 15:25,9
860,14,4/14/2025 9:23,4/14/2025 18:23,9
861,41,5/9/2025 9:39,5/9/2025 16:39,7
862,144,4/5/2025 19:15,4/6/2025 3:15,8
863,149,3/7/2025 3:39,3/7/2025 10:39,7
864,149,6/11/2025 23:05,6/12/2025 6:05,7
865,187,2/8/2025 8:56,2/8/2025 17:56,9
866,100,2/14/2025 1:17,2/14/2025 7:17,6
867,26,4/18/2025 9:16,4/18/2025 15:16,6
868,103,2/15/2025 15:34,2/15/2025 23:34,8
869,197,3/22/2025 12:19,3/22/2025 19:19,7
870,136,3/17/2025 2:15,3/17/2025 10:15,8
871,73,5/21/2025 18:17,5/22/2025 2:17,8
872,188,5/29/2025 20:51,5/30/2025 3:51,7
873,9,1/11/2025 10:59,1/11/2025 18:59,8
874,45,2/4/2025 7:54,2/4/2025 14:54,7
875,192,3/31/2025 6:35,3/31/2025 15:35,9
876,27,4/29/2025 14:16,4/29/2025 22:16,8
877,196,5/13/2025 23:00,5/14/2025 5:00,6
878,111,1/13/2025 1:49,1/13/2025 8:49,7
879,168,6/7/2025 4:57,6/7/2025 13:57,9
880,5,6/12/2025 14:04,6/12/2025 23:04,9
881,164,6/6/2025 13:39,6/6/2025 20:39,7
882,128,1/29/2025 1:47,1/29/2025 9:47,8
883,181,4/24/2025 13:18,4/24/2025 20:18,7
884,8,4/22/2025 15:32,4/22/2025 21:32,6
885,169,4/1/2025 5:57,4/1/2025 13:57,8
886,14,2/11/2025 0:46,2/11/2025 7:46,7
887,167,5/14/2025 7:35,5/14/2025 15:35,8
888,2,3/3/2025 10:40,3/3/2025 19:40,9
889,146,2/26/2025 5:18,2/26/2025 12:18,7
890,155,6/15/2025 14:49,6/15/2025 23:49,9
891,122,3/10/2025 20:40,3/11/2025 2:40,6
892,13,5/23/2025 16:18,5/24/2025 0:18,8
893,131,4/5/2025 16:33,4/6/2025 0:33,8
894,150,3/31/2025 16:25,3/31/2025 22:25,6
895,90,4/23/2025 23:50,4/24/2025 5:50,6
896,190,4/24/2025 10:28,4/24/2025 18:28,8
897,68,1/28/2025 14:44,1/28/2025 21:44,7
898,76,3/14/2025 13:54,3/14/2025 22:54,9
899,134,5/17/2025 18:59,5/18/2025 2:59,8
900,163,6/9/2025 20:09,6/10/2025 2:09,6
901,79,2/17/2025 16:53,2/17/2025 22:53,6
902,197,3/5/2025 14:54,3/5/2025 22:54,8
903,128,1/1/2025 10:02,1/1/2025 16:02,6
904,67,1/11/2025 22:35,1/12/2025 4:35,6
905,175,2/10/2025 11:13,2/10/2025 20:13,9
906,125,2/24/2025 16:13,2/25/2025 0:13,8
907,20,5/13/2025 16:15,5/14/2025 0:15,8
908,179,6/6/2025 19:13,6/7/2025 4:13,9
909,157,3/2/2025 2:16,3/2/2025 9:16,7
910,35,1/21/2025 20:06,1/22/2025 2:06,6
911,166,6/18/2025 16:31,6/18/2025 23:31,7
912,117,5/2/2025 6:47,5/2/2025 12:47,6
913,161,6/20/2025 17:32,6/20/2025 23:32,6
914,102,1/27/2025 4:17,1/27/2025 12:17,8
915,173,6/7/2025 17:21,6/7/2025 23:21,6
916,79,4/7/2025 9:30,4/7/2025 18:30,9
917,104,6/11/2025 2:26,6/11/2025 9:26,7
918,59,5/10/2025 17:34,5/10/2025 23:34,6
919,200,5/3/2025 6:45,5/3/2025 14:45,8
920,121,1/19/2025 20:49,1/20/2025 2:49,6
921,79,5/19/2025 0:23,5/19/2025 6:23,6
922,81,2/4/2025 22:39,2/5/2025 5:39,7
923,197,5/31/2025 23:36,6/1/2025 7:36,8
924,36,2/19/2025 13:08,2/19/2025 22:08,9
925,98,5/13/2025 12:20,5/13/2025 21:20,9
926,117,4/18/2025 17:59,4/19/2025 1:59,8
927,27,4/26/2025 16:07,4/27/2025 1:07,9
928,87,2/23/2025 8:19,2/23/2025 15:19,7
929,200,1/30/2025 15:45,1/31/2025 0:45,9
930,72,5/15/2025 22:33,5/16/2025 7:33,9
931,189,1/3/2025 22:14,1/4/2025 7:14,9
932,196,3/2/2025 3:39,3/2/2025 12:39,9
933,143,1/1/2025 8:58,1/1/2025 16:58,8
934,108,5/4/2025 0:01,5/4/2025 7:01,7
935,176,1/2/2025 20:52,1/3/2025 5:52,9
936,26,1/5/2025 3:44,1/5/2025 12:44,9
937,76,6/15/2025 1:13,6/15/2025 8:13,7
938,102,3/27/2025 10:33,3/27/2025 16:33,6
939,168,1/20/2025 22:50,1/21/2025 4:50,6
940,25,1/24/2025 4:33,1/24/2025 13:33,9
941,133,2/17/2025 14:51,2/17/2025 22:51,8
942,151,6/19/2025 5:35,6/19/2025 13:35,8
943,36,1/14/2025 9:24,1/14/2025 17:24,8
944,19,1/1/2025 21:01,1/2/2025 6:01,9
945,31,2/7/2025 2:58,2/7/2025 11:58,9
946,134,2/11/2025 7:30,2/11/2025 16:30,9
947,78,5/27/2025 0:41,5/27/2025 9:41,9
948,141,1/31/2025 18:17,2/1/2025 1:17,7
949,81,2/6/2025 23:13,2/7/2025 8:13,9
950,164,4/23/2025 15:24,4/23/2025 22:24,7
951,70,4/7/2025 0:23,4/7/2025 7:23,7
952,45,2/7/2025 16:03,2/8/2025 0:03,8
953,23,4/24/2025 12:04,4/24/2025 18:04,6
954,32,3/30/2025 18:02,3/31/2025 0:02,6
955,7,3/8/2025 0:11,3/8/2025 7:11,7
956,169,5/4/2025 3:23,5/4/2025 10:23,7
957,178,4/20/2025 12:25,4/20/2025 18:25,6
958,69,1/28/2025 0:56,1/28/2025 6:56,6
959,70,6/7/2025 2:11,6/7/2025 8:11,6
960,14,6/1/2025 14:35,6/1/2025 20:35,6
961,23,6/11/2025 7:32,6/11/2025 14:32,7
962,12,6/16/2025 15:00,6/16/2025 21:00,6
963,166,6/2/2025 22:53,6/3/2025 7:53,9
964,79,4/4/2025 20:16,4/5/2025 5:16,9
965,67,2/7/2025 13:24,2/7/2025 19:24,6
966,81,6/17/2025 15:28,6/18/2025 0:28,9
967,146,4/15/2025 4:27,4/15/2025 13:27,9
968,25,5/19/2025 23:00,5/20/2025 7:00,8
969,34,5/21/2025 13:22,5/21/2025 20:22,7
970,200,4/14/2025 11:14,4/14/2025 17:14,6
971,48,6/16/2025 2:10,6/16/2025 8:10,6
972,45,5/7/2025 5:11,5/7/2025 13:11,8
973,83,2/20/2025 1:23,2/20/2025 8:23,7
974,68,5/16/2025 15:38,5/17/2025 0:38,9
975,192,4/14/2025 2:53,4/14/2025 8:53,6
976,131,4/24/2025 17:21,4/24/2025 23:21,6
977,192,2/28/2025 19:05,3/1/2025 4:05,9
978,12,4/6/2025 14:37,4/6/2025 21:37,7
979,119,3/18/2025 15:06,3/18/2025 23:06,8
980,115,6/15/2025 21:54,6/16/2025 5:54,8
981,188,2/28/2025 20:01,3/1/2025 3:01,7
982,105,1/15/2025 5:29,1/15/2025 13:29,8
983,42,3/25/2025 2:28,3/25/2025 10:28,8
984,71,1/2/2025 12:22,1/2/2025 19:22,7
985,174,1/21/2025 8:25,1/21/2025 16:25,8
986,174,2/10/2025 20:37,2/11/2025 5:37,9
987,16,5/11/2025 20:09,5/12/2025 3:09,7
988,99,3/12/2025 16:38,3/12/2025 22:38,6
989,162,3/27/2025 16:53,3/28/2025 0:53,8
990,170,2/1/2025 1:40,2/1/2025 9:40,8
991,103,5/25/2025 23:59,5/26/2025 8:59,9
992,112,5/25/2025 13:45,5/25/2025 20:45,7
993,1,4/30/2025 7:01,4/30/2025 16:01,9
994,199,1/9/2025 4:12,1/9/2025 11:12,7
995,147,5/28/2025 15:07,5/29/2025 0:07,9
996,39,5/15/2025 5:52,5/15/2025 12:52,7
997,193,3/16/2025 10:09,3/16/2025 17:09,7
998,180,2/7/2025 4:13,2/7/2025 10:13,6
999,185,2/25/2025 3:38,2/25/2025 12:38,9
