PaymentID,LoanID,AmountPaid,PaymentDate,RemainingBalance
1,27,613.23,12/11/2023,2663.46
2,538,881.32,10/29/2024,8747.13
3,41,124.78,10/18/2023,1913.11
4,174,1759.28,1/2/2024,3522.31
5,324,309.41,7/6/2024,12094.25
6,279,1790.07,5/20/2024,1105.04
7,321,1292.67,4/6/2024,14136.76
8,274,1405.62,10/2/2022,3237.39
9,434,1058.68,6/10/2025,36078.75
10,96,1320.72,12/10/2023,8671.29
11,460,1637.64,11/3/2024,1626.46
12,585,1498.39,5/23/2024,9723.58
13,248,491.09,6/23/2024,28236.14
14,447,1880.36,3/5/2024,6366.1
15,159,88.85,8/24/2024,21158.91
16,263,1603.22,5/27/2025,16953.78
17,388,213.75,5/5/2024,22617.4
18,180,1774.26,10/28/2023,39298.09
19,373,153.45,12/18/2024,14837.24
20,67,77.09,9/23/2022,1719.93
21,315,172.84,3/17/2023,32326.69
22,499,1781.1,8/1/2024,33253.65
23,418,768.77,6/12/2025,3954.02
24,262,1287.35,3/22/2025,11663.46
25,371,598.81,12/18/2022,26025.94
26,131,1645.5,8/20/2024,22740.69
27,226,1533.65,11/26/2024,12562.66
28,422,937.17,10/19/2024,2535.36
29,267,640.29,2/21/2023,2072.97
30,526,1254.42,4/19/2024,32431.88
31,523,1801.46,10/22/2023,2868.99
32,308,1375.31,2/15/2023,2516.56
33,218,712.32,7/13/2023,33143.28
34,269,1659.83,9/16/2023,785.24
35,441,294.48,3/5/2025,12923.56
36,433,1621.9,1/2/2025,6816.46
37,509,1402.45,11/26/2024,16652.5
38,255,1575.23,5/6/2024,49295.77
39,291,1939.23,11/7/2024,20934.29
40,342,1701.29,2/26/2024,6547.4
41,264,1560.51,4/21/2025,10662.67
42,280,1255.95,12/14/2023,8939.16
43,325,85.99,10/3/2024,26703.96
44,549,1775.16,1/7/2024,3712.71
45,267,150.99,10/18/2022,13837.28
46,323,1549.24,3/30/2023,14834.85
47,360,202.26,8/16/2023,2556.31
48,24,1340.65,3/23/2024,13009.57
49,112,236.64,11/1/2024,31967.64
50,358,1554.03,3/30/2024,12161.71
51,451,353.29,8/8/2024,4731.75
52,2,502.47,4/2/2025,11715.71
53,280,788.24,11/15/2024,4050.25
54,257,579.36,2/19/2023,3481.91
55,131,1116.75,6/12/2025,19550.63
56,261,1361.88,3/29/2024,1205.95
57,169,1570.27,6/5/2025,11179.91
58,216,259.56,8/20/2022,8084.8
59,49,1913.88,6/27/2023,26968.49
60,249,79.43,3/8/2024,2199.53
61,194,1184.57,9/21/2024,35624.78
62,246,1530.06,7/15/2024,2425.94
63,215,1893.91,6/4/2025,28514.7
64,163,1765.87,3/15/2024,2546.23
65,339,1378.65,5/6/2025,12674.93
66,377,1428.38,3/12/2025,31204.07
67,392,1646.97,12/9/2022,37576.63
68,309,1233.65,11/10/2022,3778.53
69,354,1479.81,2/14/2024,2715.2
70,225,1676.89,7/9/2024,32187.83
71,249,1224.61,7/8/2024,1995.34
72,213,189.7,6/3/2025,22533.02
73,360,204.92,2/4/2024,23195.51
74,521,739.31,3/6/2025,4986.59
75,451,1084.97,11/16/2022,3707.72
76,543,1883.47,4/26/2025,300.11
77,580,713.21,6/10/2025,4999.99
78,522,522.39,6/30/2024,18660.35
79,204,73.63,9/12/2023,32212.78
80,575,1224.89,6/30/2024,6206.76
81,371,1280.77,8/5/2024,20483.09
82,536,620.2,6/5/2024,35130.89
83,19,1673.53,10/15/2023,28192.65
84,350,1744.76,11/27/2023,1953.5
85,328,1373.88,9/2/2024,14884.4
86,479,56.91,5/27/2025,5898.19
87,161,922.64,10/17/2024,28697
88,520,922.14,3/19/2023,19875.47
89,337,154.24,6/18/2025,19071.67
90,33,1345.84,6/23/2023,1545
91,350,1777.84,2/2/2024,8230.5
92,130,139.01,1/16/2025,4847.16
93,600,1826.86,9/16/2024,16325.5
94,295,455.91,11/8/2024,114.34
95,409,1660.47,12/12/2024,29982.35
96,258,986.02,12/14/2024,14813.32
97,172,130.79,11/14/2024,14450.05
98,262,1658.15,10/18/2024,21228.25
99,14,1380.03,1/21/2025,9296.76
100,104,1169.61,4/26/2023,3037.55
101,555,1322.81,11/7/2024,23013.98
102,1,285.55,3/28/2024,5462.85
103,201,1526.76,5/4/2023,5107.73
104,185,1240.33,11/16/2023,37451.06
105,74,1483.2,5/21/2025,855.79
106,259,1859.23,4/29/2024,38183.94
107,85,1958.66,12/7/2024,23940.74
108,402,859.46,4/16/2024,19730.97
109,496,179.25,10/30/2023,170.99
110,587,478.76,2/11/2024,1007.61
111,350,869.59,9/28/2024,1678.08
112,26,1110.23,7/29/2024,4922.02
113,198,72.3,11/24/2024,208.49
114,396,206.11,6/16/2024,28335.37
115,227,398.02,2/1/2025,4766.42
116,583,1873.05,6/3/2025,60.65
117,505,625.65,7/12/2022,32366.49
118,393,1758.75,1/8/2025,1838.71
119,275,461.05,6/24/2024,1805.18
120,387,97.19,6/18/2025,11472.44
121,570,1721.79,1/22/2025,7177.37
122,408,1006.93,5/18/2025,6093.8
123,308,794.87,8/20/2023,2249.28
124,288,974.68,6/18/2025,1652.4
125,50,1591.92,5/1/2024,2760.03
126,466,1920.81,3/3/2025,2832.36
127,465,1080.31,7/8/2024,18438.59
128,169,191.18,3/17/2023,1868.79
129,121,126.74,5/23/2024,15397.18
130,27,1032.38,4/7/2023,1930.37
131,546,1453.99,6/2/2025,14151.41
132,98,939.4,5/13/2025,22980.42
133,401,579.28,10/30/2023,9745.63
134,439,1493.39,12/11/2023,26215.9
135,380,936.36,3/27/2023,7777.76
136,22,1778.48,10/24/2024,29157.28
137,231,827.01,9/5/2024,22941.04
138,328,1284.8,11/13/2023,29610.12
139,287,1548.01,12/28/2023,30389.2
140,86,1675.24,8/14/2023,528.58
141,598,1533.86,12/24/2023,31035.45
142,598,1684.84,2/5/2023,9423.57
143,495,1082.04,1/9/2024,1670.63
144,412,663.25,4/5/2024,352.96
145,45,1099.19,5/14/2024,4939.73
146,220,427.51,9/25/2022,29630.83
147,26,564.29,8/8/2024,37833.43
148,179,100.78,12/27/2022,13869.49
149,34,54.18,1/26/2023,3449.82
150,480,731.55,10/7/2024,8589.98
151,356,444.53,2/8/2025,4421.79
152,445,1619.64,3/3/2025,7759.02
153,92,1899.53,11/27/2024,9252.2
154,143,715.92,5/28/2024,4752.59
155,145,1649.38,5/19/2025,5543.37
156,54,425.3,5/16/2023,4290.27
157,520,369.52,5/2/2025,18129.83
158,180,1964.6,6/22/2024,44690.13
159,255,1737.87,10/18/2024,26844.57
160,55,1576.4,11/23/2024,4484.31
161,265,1129.11,12/30/2024,32934.26
162,14,1093.77,6/13/2025,27290.04
163,440,1767.06,7/24/2024,174
164,171,1554.96,8/21/2023,12871.98
165,310,643.87,1/30/2024,25732.87
166,62,825.73,12/30/2023,6179.49
167,476,1849.06,10/10/2023,168.87
168,103,310.4,12/4/2024,1065.59
169,415,1057.24,6/8/2024,35.96
170,544,1804.97,9/14/2022,18580.56
171,465,1998.52,4/22/2023,18745.81
172,239,1830.08,5/23/2024,5412.29
173,342,346.87,1/7/2024,11182.78
174,207,1664.84,6/5/2024,20097.28
175,75,74.37,4/17/2025,26680
176,405,1091.56,10/31/2024,8387.01
177,444,584.48,6/22/2024,30133.72
178,315,246.66,9/28/2023,23485.13
179,241,732.34,1/20/2024,23683.63
180,319,884.08,8/26/2024,21688.61
181,197,1289.8,9/20/2024,6008.21
182,191,718.44,3/26/2024,4289.98
183,455,1854.5,3/23/2024,12739.05
184,584,1298.15,8/12/2023,5098.89
185,494,1631.92,12/28/2023,6613.77
186,587,779.16,1/29/2024,2137.08
187,396,116.31,6/10/2025,23732.26
188,256,1330.34,8/22/2023,1182.1
189,31,244.71,7/31/2022,27831.7
190,18,1769.6,10/8/2023,14146.55
191,64,1373.83,3/6/2024,8736.9
192,79,734.74,9/15/2024,21911.34
193,100,1260.92,6/20/2024,44708.98
194,228,324.63,4/16/2025,2759.33
195,315,1000.94,12/5/2024,24411.77
196,345,1449.58,2/15/2024,10829.12
197,94,754.73,4/10/2025,24763.99
198,353,1389.06,10/25/2023,9235.65
199,236,498.7,4/6/2025,24189.64
200,299,228.67,3/5/2025,1093.33
201,594,1382.8,7/20/2024,35536.86
202,18,897.1,11/12/2023,21946.72
203,522,219.82,6/16/2025,30129.67
204,419,825.33,3/28/2025,20711.57
205,198,102.09,2/3/2025,37540.07
206,548,163.07,12/8/2023,14282.12
207,535,470.16,3/6/2023,27037.89
208,281,1640.57,7/24/2023,3016.45
209,256,677.38,6/8/2023,843.02
210,535,1022.61,6/18/2023,17875.3
211,255,604.53,3/22/2025,7152.85
212,267,233.49,2/10/2024,16984.25
213,397,331.28,5/12/2024,14367.68
214,503,1503.12,12/22/2024,5004.98
215,417,607.8,3/19/2024,9370.86
216,206,323.12,9/15/2024,4968.34
217,310,1068.86,6/28/2023,707.3
218,177,1188.22,12/7/2023,15450.03
219,431,1360.43,8/19/2023,15291.79
220,42,1135.15,6/9/2025,7612.64
221,539,1589.76,3/28/2025,13212.17
222,449,979.71,9/12/2024,9519.68
223,105,1730.02,4/14/2025,6017.19
224,534,237.55,3/14/2024,7574.8
225,574,1827.5,7/8/2024,3983.3
226,413,484.73,4/5/2025,319.39
227,107,1264.61,2/25/2024,45027.6
228,259,559.41,3/20/2025,42206.87
229,436,715.1,11/22/2024,5468.81
230,133,641.53,6/9/2025,20757.64
231,411,1056.29,3/15/2023,7463.97
232,118,853.84,12/26/2023,6840.57
233,489,772.88,1/18/2025,9898.8
234,254,774.56,5/17/2025,32408.53
235,567,629.29,1/26/2025,2857.07
236,466,106.87,1/29/2025,7486.64
237,335,63.86,8/2/2022,805.47
238,451,556.64,5/10/2025,6599.92
239,540,1912.24,12/21/2024,12603.55
240,430,659.19,6/30/2024,21603.79
241,306,274.31,4/17/2025,23449.61
242,256,281.94,10/23/2024,729.04
243,48,1016.03,1/26/2024,12694.58
244,202,732.79,2/26/2025,1284.93
245,181,1292.55,5/2/2025,27389.75
246,131,1844.32,11/5/2022,10296.23
247,294,1660.91,2/24/2025,11194.04
248,555,1096.66,10/5/2024,11888.05
249,16,1343.55,6/5/2023,30548.28
250,255,652.97,6/19/2024,24038.16
251,362,657.24,10/5/2023,1283.54
252,269,242.48,3/7/2025,1476.64
253,593,1328.78,4/22/2025,1325.28
254,103,621.16,1/24/2025,7725.47
255,228,1157.94,3/11/2025,31445.62
256,82,1277.24,4/27/2024,9048.78
257,519,1647.75,2/4/2025,9337.72
258,321,1063.57,1/25/2024,12177.68
259,9,1364.69,12/28/2024,3355.55
260,487,193.3,10/22/2024,18857.32
261,502,1409.75,2/4/2025,34849.72
262,395,1311.99,5/20/2025,40140.77
263,200,1663.79,5/25/2024,28833.06
264,99,1378.24,1/4/2025,3835.97
265,500,1161.35,11/11/2024,26905.33
266,15,1828.68,2/6/2023,35.69
267,197,106.15,9/7/2024,16514.53
268,551,1210.45,9/30/2024,4960.92
269,580,1288.67,2/20/2025,23935.73
270,268,1664.83,12/23/2023,15803.3
271,399,685.3,9/2/2024,3696.56
272,34,351.38,5/1/2025,12664.84
273,476,870.52,10/23/2023,428.52
274,426,1297.91,11/27/2024,10243.17
275,133,1073.12,5/25/2025,22821.45
276,244,1122.77,1/31/2025,16746.08
277,430,397.92,12/24/2023,19461.69
278,14,1131.13,8/28/2023,14409.53
279,557,100.16,1/6/2024,3312.55
280,539,1548.39,4/3/2025,17894.54
281,8,1413.06,2/15/2025,2.34
282,341,1859.1,1/2/2024,15593.16
283,158,1115,7/22/2024,13500.89
284,537,1485.52,1/7/2024,20991.56
285,159,149.68,5/28/2024,29000.23
286,196,69.66,8/14/2024,1633.7
287,556,171.92,2/19/2025,13583.78
288,585,1488.98,7/15/2024,46292.24
289,210,1752.54,3/14/2025,10161.95
290,388,1892.28,7/2/2024,10194.08
291,116,764.24,8/1/2024,525.69
292,70,1952.3,2/3/2024,37654.7
293,61,918.41,4/27/2025,28542.91
294,130,935.97,4/17/2025,1623.32
295,171,1672.05,3/1/2023,17804.68
296,316,1705.32,2/14/2023,17836.55
297,573,847.35,11/1/2023,11512.69
298,244,647.39,8/16/2023,7288.52
299,400,440.45,9/7/2023,7076.95
300,554,1000.29,5/6/2025,9470.92
301,332,734.74,8/6/2024,1561.4
302,145,1553.93,3/1/2024,6520.04
303,246,750.94,6/12/2023,3249.21
304,517,729.45,10/14/2024,8400.21
305,153,1789.85,8/12/2024,31618.65
306,269,830,10/3/2023,493.67
307,529,1641.28,3/14/2023,2905.32
308,446,209.21,9/26/2024,7020.62
309,359,676.3,2/9/2024,28164.34
310,500,763.07,6/11/2024,528.82
311,154,1194.69,9/15/2024,422.58
312,600,1222.83,11/5/2023,13956.37
313,305,175.74,4/6/2024,20797.47
314,336,1273.07,7/25/2024,6265.94
315,44,414.85,12/9/2024,26725.22
316,521,1249.52,4/6/2025,8188.39
317,99,585.94,2/26/2023,11582.22
318,555,207.71,6/28/2024,2182.58
319,124,972.75,10/8/2023,507.84
320,287,707.51,1/15/2024,16833.73
321,549,1490.42,8/12/2024,7246.89
322,264,133.71,10/15/2024,1015.43
323,179,870.73,5/25/2025,16554.02
324,530,1941.81,5/6/2025,6689.46
325,554,1688.57,5/16/2025,14170.77
326,506,1330.73,12/28/2024,48117.73
327,58,1137.02,12/12/2022,15999.47
328,365,940.82,1/5/2025,570.67
329,584,1811.71,3/14/2025,2960.09
330,216,1930.62,9/19/2023,14979.5
331,330,920.41,1/22/2023,18081.34
332,132,693.84,6/9/2024,35398.36
333,383,1752.82,4/30/2024,14938
334,26,1419.29,1/28/2024,25315.84
335,435,1645,4/3/2025,1391.85
336,2,252.69,5/5/2025,25784.04
337,576,266.88,5/1/2024,3217.92
338,390,1721.52,8/23/2023,2153.29
339,192,622.12,2/1/2025,14592.36
340,293,1580.21,3/6/2024,8482.93
341,5,314.07,8/20/2024,16442.94
342,119,1165.7,1/26/2025,1931.85
343,460,1813.09,3/7/2025,688.49
344,276,1573.15,9/24/2023,2264.34
345,369,1627.2,12/4/2024,11954.25
346,497,1800.2,4/28/2024,10327.02
347,546,984.45,11/23/2024,5627.04
348,396,523.49,8/31/2024,29386.34
349,56,1890.65,10/3/2024,16987.32
350,342,906.96,1/31/2024,17898.07
351,31,1892.21,4/8/2023,3888.25
352,59,122.06,9/23/2023,19705.57
353,428,537.2,11/30/2024,24657.63
354,315,1273.73,12/20/2024,33531.2
355,518,78,8/23/2024,2275.68
356,138,138.84,8/12/2024,3396.04
357,200,80.05,3/23/2025,37432.12
358,578,979.63,3/13/2023,16877.26
359,256,468.86,7/28/2024,1242.13
360,444,1985.68,6/22/2024,23528.49
361,192,1864.99,6/29/2024,19191.49
362,388,721.23,1/20/2025,11697.12
363,366,726.74,7/2/2023,15861.23
364,424,1137.03,4/25/2024,42378.94
365,554,752.18,9/11/2023,10478.85
366,437,1536.3,5/2/2023,9889.68
367,513,980.06,8/8/2024,4795.84
368,411,654.27,5/10/2024,21940.88
369,485,267.56,11/30/2023,205.06
370,56,392.72,3/5/2024,11263.09
371,415,1300.1,8/16/2023,15484.63
372,256,515.4,1/28/2025,710.8
373,522,730.79,5/9/2025,24491.16
374,521,608,7/17/2024,5100.92
375,294,1645.61,11/7/2023,9605.23
376,319,775.16,4/19/2024,12532.27
377,395,463.42,12/3/2023,7895.35
378,42,883.43,10/7/2024,19870.3
379,109,1712.86,8/29/2024,25948.34
380,404,1314.25,5/28/2024,679.97
381,452,1718.24,4/22/2025,959.53
382,357,685.1,7/14/2024,4502
383,183,1170.99,2/1/2024,9337.52
384,196,529.99,5/28/2025,21568.96
385,156,613.18,8/11/2024,10980.01
386,472,1701.93,7/2/2024,2373.16
387,90,207.91,1/10/2025,256.1
388,111,1441.97,5/5/2025,5624.27
389,472,624.3,7/23/2024,2179.95
390,389,150.62,2/23/2025,8579.99
391,3,1738.83,12/3/2023,22564.03
392,159,905.05,12/9/2024,38171.63
393,229,1384.68,4/24/2023,21034.82
394,278,967.14,1/27/2023,24339.62
395,211,1940.11,7/4/2023,15082.72
396,492,811.35,10/19/2023,37532.13
397,547,1185.49,12/24/2024,27277.02
398,428,208.92,2/11/2025,24307.9
399,93,1416.19,8/23/2024,10057.6
400,493,1620.09,2/28/2024,11123.85
401,324,1070.84,4/3/2024,2244.57
402,300,418.65,8/29/2024,20294.1
403,425,1287.23,2/28/2025,5330.44
404,69,1815.12,1/25/2025,8613.64
405,578,1485.31,9/20/2024,31386.76
406,29,1726.1,8/11/2023,1881.3
407,67,311.62,2/4/2023,9281.63
408,380,671.18,6/19/2023,18041.92
409,307,171.13,10/3/2023,45290.43
410,545,1517.37,8/7/2024,9298.98
411,345,1261.28,11/23/2024,13912.77
412,453,875.75,1/19/2024,7726
413,579,1748.39,10/5/2023,4388.21
414,175,860.73,9/23/2024,3098.4
415,36,1017.2,3/9/2024,11551.39
416,215,262.93,9/3/2024,19884.23
417,248,729.68,3/5/2025,31294.35
418,112,383.55,3/31/2024,7966.39
419,268,689.18,5/27/2024,18723.04
420,207,394.06,12/18/2024,16456.13
421,529,158.8,12/15/2024,22335.43
422,296,727.68,5/7/2024,13683.42
423,80,1838.27,12/8/2024,25245.34
424,184,1631.37,1/14/2025,7744.89
425,213,699.24,4/30/2024,35469.85
426,290,1214.01,4/29/2025,6371.38
427,422,442.27,8/31/2023,7244.38
428,57,350.02,4/7/2025,430.37
429,263,1286.2,10/28/2023,36229.72
430,133,1073.09,4/3/2025,1824.82
431,390,55.61,9/10/2024,4975.95
432,497,806.35,11/22/2022,10237.98
433,281,455.29,9/4/2024,4120.96
434,426,54.02,6/9/2023,11986.15
435,385,1942.47,3/3/2024,7480.8
436,376,826.25,9/22/2024,3004.9
437,414,1294.72,9/21/2024,22160.67
438,561,1344.74,6/7/2025,24687.59
439,176,695.01,4/9/2025,3111.9
440,91,574.52,8/16/2024,12503.33
441,234,1896.86,10/13/2024,37799.6
442,98,975.95,4/26/2025,20315.12
443,391,1849.83,12/13/2022,2251.06
444,270,1473.93,5/3/2025,29348.27
445,320,1095.17,5/16/2025,914.77
446,53,1285.33,3/19/2025,5244.75
447,252,700.91,7/29/2023,18023.98
448,158,1760.63,1/17/2025,8715.41
449,328,1858.82,6/2/2024,36809.72
450,243,138.64,2/27/2023,3365.6
451,79,1924.34,5/17/2025,21863.35
452,18,58.32,5/25/2023,14652.91
453,544,1829.84,9/20/2023,2604.5
454,373,1699,8/26/2024,5912.1
455,275,150.43,3/4/2024,23559.65
456,384,866.72,3/4/2023,6309.22
457,231,476.92,3/23/2025,18206.01
458,367,833.6,12/26/2023,630.99
459,569,173.45,2/3/2025,15369.8
460,570,558.24,5/19/2025,6406.78
461,578,1566.93,8/20/2024,14565.34
462,399,1180.7,9/17/2023,209.02
463,354,1447.31,9/23/2024,2995.94
464,214,1659.95,11/19/2024,4501.86
465,538,56.43,10/28/2023,13028.77
466,129,841.81,6/12/2024,3941.03
467,592,1363.9,4/19/2024,159.2
468,258,939.1,2/7/2025,27207.13
469,27,250.05,3/31/2024,6058.77
470,16,699.64,6/19/2025,23586.05
471,402,726.67,7/21/2024,15174.7
472,40,1308.78,5/8/2024,10382.71
473,407,1741.66,1/8/2024,5442.01
474,137,369.42,4/9/2025,4867.64
475,187,132.16,9/20/2023,11387.7
476,63,828.63,10/7/2024,28124.79
477,588,254.82,1/10/2025,367.45
478,440,1712.52,8/16/2024,1032.74
479,104,1491.03,12/31/2022,9268.08
480,248,712.77,1/18/2025,2675.02
481,94,1698.01,8/27/2024,25214.43
482,151,1675.05,6/6/2024,12701.28
483,158,1117.79,9/9/2024,3697.63
484,148,471.78,12/16/2024,3082.92
485,124,575.66,5/22/2025,2247.45
486,135,1290.23,9/30/2024,19729.48
487,306,315.91,6/19/2025,11227.8
488,160,383.08,8/13/2024,8802.35
489,153,501.31,3/21/2024,6402.07
490,58,79.4,4/28/2024,2332.47
491,133,922.8,3/7/2025,23053.59
492,176,1111.92,2/6/2023,22099.4
493,272,1341.47,7/11/2023,10385.2
494,501,1155.99,8/8/2024,4395.19
495,239,704.52,11/3/2024,31916.91
496,331,1947.7,7/24/2023,3374.21
497,497,1994.97,3/13/2024,2265.94
498,288,1793.83,7/20/2024,30171
499,282,845.4,9/15/2024,12078.78
500,385,607.46,12/12/2023,32345.6
501,551,1519.55,3/25/2025,27855.31
502,466,943.83,8/25/2024,11166.25
503,221,783.13,3/29/2024,34917.94
504,4,1126.06,5/13/2025,10.69
505,477,127.5,2/19/2024,1777.75
506,252,1797.44,1/31/2023,6533.54
507,57,301.28,9/14/2024,4096.7
508,125,1456.58,7/11/2023,2041.75
509,482,1687.05,5/10/2025,3084.8
510,71,1005.27,3/12/2025,18363.42
511,203,887.18,12/29/2023,10075.49
512,299,676.44,9/12/2024,5203.06
513,559,1165.77,3/23/2025,23155.87
514,466,431.19,1/31/2025,8683.47
515,187,1397.86,5/10/2023,9207.81
516,515,354.59,2/14/2024,4551.02
517,171,1208.32,3/14/2024,4249.16
518,165,1894.98,10/5/2023,40325.43
519,202,1067.99,10/20/2024,3531.12
520,202,1025.2,2/27/2024,4166.21
521,181,1457.65,6/28/2024,6817.59
522,29,800.32,5/4/2024,4713.51
523,29,1554.25,11/8/2024,8369.48
524,299,1842.77,10/19/2023,7116.37
525,44,1761.02,10/17/2024,30835.87
526,285,633.62,8/22/2023,3097
527,347,1852.66,1/24/2025,7825.49
528,159,540.7,3/24/2025,14185.51
529,454,1366.93,8/8/2024,11472.07
530,581,480.01,1/7/2025,15029.57
531,357,117.48,7/14/2024,6686.45
532,161,1403.57,12/31/2024,18746.75
533,194,433.4,5/23/2024,40043.54
534,286,270.23,5/28/2025,31965.48
535,351,1127.99,3/31/2024,23504.21
536,240,454.08,2/22/2024,6145.59
537,521,1305.67,11/15/2024,6528.68
538,82,1476.16,5/8/2023,8811.88
539,23,713.67,6/25/2024,35397.87
540,594,1296.07,8/2/2024,10479.9
541,575,990.33,8/25/2024,8191.84
542,61,1042.1,7/24/2024,33748.67
543,354,1626.81,1/3/2025,2926.42
544,231,404.71,3/14/2024,34729.45
545,196,77.32,10/7/2024,11167.42
546,573,871.67,5/6/2025,30797.38
547,571,899.68,11/16/2024,10057.79
548,516,1660.32,8/31/2024,1118.06
549,468,606,3/22/2024,32500.74
550,359,377.97,2/6/2024,19176.12
551,276,1118.04,5/10/2025,33101.07
552,390,1745.41,9/11/2024,325.83
553,391,1164.18,12/19/2023,4089.02
554,143,943.25,1/12/2025,42857.34
555,1,1505.25,2/7/2024,10055.59
556,134,1371.1,10/23/2024,937.69
557,271,1790.01,8/22/2022,3557.29
558,114,1504.69,6/9/2023,2603.12
559,377,742.42,2/24/2025,13635.64
560,311,1957.99,4/24/2023,6278.42
561,418,919.11,12/28/2024,25215.79
562,520,101.03,8/29/2024,24724.2
563,584,1663.44,8/28/2023,9855.71
564,321,1158.43,6/21/2025,13063.19
565,37,534.29,12/24/2023,5105.17
566,274,382.52,3/21/2025,6436.45
567,333,1531.47,5/10/2024,25846.03
568,160,95.75,3/15/2024,11749.57
569,231,323.45,4/14/2025,20294.96
570,69,625.12,12/22/2024,4251.77
571,61,1406.2,4/23/2025,30833.89
572,213,982.99,7/28/2024,13450.4
573,273,420.63,1/13/2024,5986.13
574,67,703.54,10/8/2024,18639.96
575,422,1090.32,10/8/2024,9505.15
576,31,1257.24,9/28/2022,36757.09
577,374,519.5,10/23/2022,2659.96
578,80,1507.51,3/12/2024,6142.27
579,373,368.69,2/27/2025,30787
580,412,587.49,4/2/2025,721.83
581,449,1120.6,10/13/2024,2856.76
582,449,1318.53,4/29/2024,30909.04
583,298,599.53,1/2/2024,5733.59
584,239,122.18,7/26/2024,41325.96
585,31,947.4,2/23/2024,3264.46
586,41,1476.89,5/12/2025,17613.94
587,112,313.65,3/10/2025,33748.65
588,297,1071.24,4/18/2024,362.9
589,402,1231.7,3/21/2024,13957.4
590,132,254.33,5/20/2024,26301.29
591,494,649.41,11/26/2023,17541.32
592,21,99.76,11/9/2023,11239.7
593,72,1661.92,11/5/2024,20559.91
594,64,906.68,8/16/2023,7667.98
595,74,1477.33,5/11/2024,1114.88
596,584,387.33,2/14/2023,319.3
597,583,1221.85,5/1/2024,16.61
598,425,613.87,8/6/2024,29123.11
599,88,303.68,12/15/2023,1687.81
600,42,1358.93,9/15/2023,5996.99
601,212,196.33,4/29/2023,28615.11
602,380,1582.4,2/23/2025,4628.92
603,374,1469.48,5/3/2024,1411.12
604,563,667.17,10/7/2024,9260.96
605,16,1552.99,4/4/2023,15444.01
606,367,1312.59,9/22/2024,331.25
607,272,1068.65,6/11/2025,10779.89
608,74,697.66,3/14/2025,29.09
609,360,284.86,7/10/2024,30929.42
610,469,974.55,10/26/2023,30808.42
611,67,718.38,1/23/2023,5091.14
612,398,273.97,1/15/2024,1444.74
613,126,279.09,3/11/2025,25672.21
614,445,389.62,10/25/2024,7120.6
615,99,549.31,4/11/2025,10229
616,198,563.33,1/11/2024,1443.34
617,108,1311.96,5/27/2024,9492.7
618,334,70.31,12/31/2022,2073.57
619,511,414.21,10/4/2024,14420.01
620,221,286.9,8/12/2024,26957.59
621,509,440.13,3/8/2023,29210.89
622,192,333.97,2/26/2024,9917.31
623,330,1480.64,4/28/2023,14392.55
624,314,675.72,12/21/2024,27557.5
625,182,636.25,1/6/2025,172.93
626,530,902.06,5/18/2025,15269.99
627,439,1364.79,7/12/2024,6237.59
628,236,1634.5,2/10/2025,12673.99
629,102,1360.7,3/31/2025,42427.34
630,597,1484,9/18/2022,27802.68
631,244,1575.17,4/27/2024,36254.66
632,101,1890.64,4/11/2025,7353.25
633,276,1556.56,9/29/2024,1151.48
634,518,272.81,1/9/2025,7190.3
635,463,1885.91,12/31/2024,4829.78
636,139,1340.44,8/29/2023,39894.72
637,190,1056.88,12/27/2023,7786.24
638,314,1479.31,4/14/2024,12756.74
639,264,1264.11,6/11/2023,18427.73
640,272,1290.05,5/9/2024,9291.57
641,339,1650.62,8/21/2024,2450.18
642,437,558.17,3/29/2023,6425.29
643,249,1088.47,6/1/2025,1832.57
644,404,1687.7,5/11/2025,3073.74
645,562,171.98,12/29/2024,3009.65
646,343,186.64,6/14/2025,11362.56
647,580,1299.06,5/31/2024,3766.32
648,480,339.41,11/30/2024,8891.69
649,20,1485.06,1/3/2024,12344.12
650,510,1254.18,3/1/2024,7964.44
651,395,938.26,5/27/2023,20465.5
652,12,1011.68,6/10/2025,4475.39
653,138,540.32,8/17/2024,1186.73
654,229,1284.45,12/19/2022,3053.55
655,225,422.44,7/5/2024,30269.44
656,364,936.09,3/18/2025,741.73
657,576,401.57,6/20/2025,1026.52
658,443,801.42,4/1/2024,31082.21
659,397,1303.72,1/14/2023,289.81
660,457,1661.22,12/13/2023,16395.43
661,334,1480.32,5/28/2025,5528.39
662,391,1306.6,5/13/2023,5376.8
663,60,1769.15,9/27/2023,14638.53
664,429,1904.66,3/20/2025,7108.56
665,114,1956.23,1/13/2024,35666.41
666,21,1131.62,4/6/2024,72.2
667,246,1268.33,5/27/2024,2840.19
668,185,1333.66,3/12/2025,25919.78
669,489,812.61,10/30/2024,10371.5
670,422,90.24,4/3/2024,7723.86
671,235,1781.57,2/1/2025,1053.74
672,598,1211.28,4/7/2023,42045.23
673,46,812.7,10/11/2024,6893.96
674,506,885.01,2/22/2025,38602.03
675,349,740.73,1/4/2025,18961.61
676,28,1314.78,7/5/2024,3469.74
677,50,1373.61,3/17/2025,2401.32
678,224,133.95,9/13/2024,28088.71
679,192,753.38,6/15/2025,15639.44
680,518,1667.43,10/17/2024,3028
681,380,1787.72,3/3/2025,19795.82
682,320,1609.97,3/11/2025,3157.88
683,295,1560.93,2/20/2025,4625.3
684,268,461.81,1/26/2024,1719.56
685,50,775.01,9/8/2024,31476.37
686,599,1239.54,6/18/2024,1146.53
687,409,229.81,10/6/2024,3835.87
688,517,263.64,8/29/2023,8927.17
689,318,1242.03,5/8/2023,22345.17
690,423,1011.97,6/16/2023,6249.1
691,15,512.17,10/1/2023,15008.97
692,96,927.34,2/2/2023,13863.96
693,96,1949.46,10/30/2023,38093.39
694,446,905.83,11/4/2023,4346.11
695,42,594.2,2/12/2025,18039.84
696,348,1301.29,1/10/2023,2271.11
697,108,698.19,8/16/2024,10030.81
698,136,1791.61,2/26/2025,18430.2
699,54,1446.57,10/17/2024,1313.75
700,573,817.64,10/26/2023,31445.96
701,598,164.83,11/17/2022,18396.92
702,299,1132.67,12/19/2022,3845.25
703,369,1770.85,8/28/2024,11927.56
704,377,1714.18,6/20/2025,25645.63
705,333,1887.87,5/23/2024,23473.66
706,255,554.49,7/28/2024,34474.31
707,506,604.69,4/13/2024,29167.09
708,140,1018.11,11/12/2023,2957.55
709,175,160.61,3/27/2024,18689.24
710,27,454.6,4/11/2023,4050.96
711,3,275.57,6/2/2025,10812.92
712,147,1614.3,8/3/2024,208.72
713,156,1701.8,5/30/2024,4582.43
714,100,1634.85,5/19/2025,19141.81
715,26,1174.77,8/29/2023,16075.49
716,533,1092.8,12/11/2023,31416.18
717,117,1778.92,12/14/2024,10571.23
718,577,86.03,5/3/2025,24580.46
719,267,659.24,5/4/2025,35848.87
720,50,597.36,5/31/2023,35299.02
721,296,1502.47,10/24/2024,11547.52
722,409,1449.17,7/9/2024,14155.64
723,145,294.02,3/22/2025,1475.27
724,478,1395.14,3/27/2025,25962.34
725,136,891.48,2/11/2025,553.81
726,276,1572.02,8/30/2023,35412.16
727,39,380.28,2/28/2025,12044.91
728,185,1070.28,10/12/2023,11665.82
729,423,743.62,4/30/2025,7851.27
730,146,1810.53,11/10/2024,20446.34
731,325,796.97,5/2/2024,19379.88
732,411,1811.29,10/6/2023,19693.92
733,590,1800.44,5/15/2025,9495.67
734,600,927.09,11/26/2024,5052.83
735,195,1759.81,11/16/2024,18049.56
736,546,133.17,4/16/2024,4544.54
737,302,1135.09,12/30/2024,3372.48
738,312,642.14,7/16/2024,8164.87
739,230,1355.77,5/17/2025,27869.16
740,238,786.6,8/29/2024,4345.57
741,38,1259.94,4/3/2025,37626.45
742,525,692.11,5/6/2025,591.94
743,480,1225.56,8/8/2024,14523.33
744,222,254.14,7/14/2024,16504.64
745,262,400.46,1/4/2025,15598.25
746,14,358.97,5/4/2023,36807.21
747,170,1302.45,8/28/2023,2275.32
748,351,356.29,4/15/2025,5862.97
749,410,1462.67,3/27/2024,14918.39
750,325,185.31,10/4/2024,37315.88
751,164,267.16,12/14/2024,28473.05
752,504,836.32,10/27/2024,160.47
753,536,1866.19,7/4/2023,19004.48
754,91,88.48,12/9/2024,18475.22
755,438,1753.72,7/31/2024,14843.23
756,457,1028.97,3/30/2023,2861.72
757,318,302.4,6/3/2023,15387.59
758,432,753.04,6/15/2024,1320.79
759,591,476.14,12/10/2024,6526.11
760,257,1419.77,5/15/2024,3826.9
761,308,1457.7,7/23/2023,1904.12
762,19,1394.37,4/1/2023,32965.25
763,564,828.83,8/31/2023,20655.31
764,204,1505.68,8/25/2024,14221.81
765,400,1225.21,10/15/2024,275.29
766,123,1997.96,3/13/2025,14623.83
767,544,813.04,4/19/2025,838.9
768,415,1597.63,7/31/2023,44930.69
769,188,1390.3,10/4/2022,14091.78
770,229,1738.29,7/19/2023,12638.8
771,207,93.21,11/17/2024,741.16
772,107,1255.04,9/12/2023,36767.9
773,540,1407.25,5/11/2025,13427.58
774,24,197.62,6/2/2023,1253.47
775,232,1828.45,5/23/2024,7890.21
776,284,1628.27,6/20/2023,751.41
777,541,340.49,9/12/2022,43116.45
778,258,726.77,9/13/2024,22554.47
779,521,457.03,10/15/2024,8727.98
780,574,1065.71,6/18/2023,3081.73
781,504,1517.89,4/19/2024,25100.91
782,149,1772.92,6/11/2023,437.78
783,316,483.63,9/18/2024,16152.61
784,47,1650.52,7/26/2024,15208.27
785,61,1318.21,1/11/2025,27322.07
786,454,1041.31,6/20/2024,9821.45
787,341,701.4,10/21/2024,1181.85
788,329,420.72,4/6/2024,30145.46
789,496,1601.08,9/24/2023,4980.61
790,393,1440.31,1/28/2024,1686.12
791,402,1724.33,12/14/2023,9810.58
792,399,182.53,5/22/2023,892.31
793,260,969.94,9/24/2024,3638.12
794,365,1540.74,4/17/2025,2572.67
795,445,1482.44,1/6/2023,1471.76
796,324,901.64,12/27/2023,28529.61
797,282,1041.19,1/20/2023,19034.97
798,161,1923.44,10/27/2024,8078.68
799,248,862.32,1/16/2025,18586.81
800,77,915.05,12/4/2023,4095.61
801,461,1378.32,2/10/2024,33063.44
802,486,445.78,2/11/2025,6536.28
803,70,557.84,10/11/2022,34629
804,31,206.05,1/30/2024,27557.88
805,89,1211.16,1/3/2024,6371.98
806,62,169.73,10/27/2024,14129.85
807,159,688.44,9/5/2024,25962.82
808,208,1814.6,2/11/2024,12319.31
809,437,1666.52,4/15/2025,16500.81
810,256,1270.45,4/12/2024,1541.12
811,486,981.28,8/19/2024,3278.33
812,267,50.29,9/25/2024,8980.73
813,483,1535.72,9/9/2024,757.27
814,118,1777.6,9/7/2023,17361.1
815,7,1570.13,12/8/2024,25905.61
816,168,865.39,2/13/2025,736.15
817,442,1930.02,5/7/2025,5074.88
818,229,1830.52,11/30/2022,13807.96
819,371,807.56,2/24/2023,15810.97
820,258,715.05,5/29/2025,24690.54
821,15,507.01,8/11/2024,5464.52
822,523,1524.17,12/28/2022,24309.43
823,253,1229.86,1/14/2024,4892.14
824,367,692.01,7/26/2024,494.89
825,306,1275.34,12/27/2024,7285.15
826,51,1719.27,6/14/2025,6271.75
827,35,696.8,5/12/2024,43937.98
828,507,1737.93,2/2/2023,12742.67
829,206,1240.15,7/22/2022,9202.14
830,12,182.72,10/21/2022,4926.84
831,480,800.93,6/14/2025,22672.33
832,169,1677.9,1/14/2025,954.46
833,246,1047.31,9/30/2023,1267.12
834,151,1738.99,12/31/2023,6760.74
835,65,1710.01,3/18/2024,2722.44
836,531,505.02,4/2/2024,17295.64
837,273,488.18,8/9/2023,6570.49
838,597,1258.76,3/4/2024,30031.63
839,246,1120.77,2/8/2024,1188.95
840,181,1616.09,12/4/2023,1902.54
841,266,1649.25,4/17/2023,10343.48
842,8,638.01,10/3/2024,19572.58
843,538,801.21,4/16/2025,15123.06
844,572,1290.73,5/29/2025,788.13
845,463,831.11,10/31/2024,38795.7
846,262,1879.29,10/7/2024,4744.09
847,170,649.32,7/7/2024,3410.39
848,107,267.29,11/28/2023,20576.66
849,468,427.38,8/17/2024,35346.01
850,550,215.9,4/7/2024,6158.95
851,126,1685.85,3/12/2024,11422.62
852,67,1494.08,1/19/2025,4677.67
853,486,1697.25,10/12/2024,2010.65
854,541,1458.87,10/22/2022,8585.54
855,299,89.1,9/4/2023,5564.8
856,221,1816.32,4/17/2023,21957.76
857,121,825.71,3/15/2024,13930.33
858,124,877.19,5/27/2025,975.61
859,407,1253.79,9/28/2023,5975.47
860,592,1303.95,12/12/2024,6842.62
861,403,385.97,4/17/2025,13849.41
862,515,320.3,1/27/2024,5083.02
863,584,1948.63,12/2/2022,6538.16
864,129,552.39,6/8/2025,4108.54
865,566,876.04,8/18/2023,1959.86
866,467,249.88,5/13/2025,20397.59
867,95,1293.84,1/9/2025,15690.12
868,585,750.65,3/8/2025,30039.94
869,342,939.4,3/23/2024,9909.53
870,177,424.95,8/6/2023,14522.33
871,155,1215.43,5/24/2024,1950.2
872,27,1581.04,8/7/2023,1419.24
873,72,484.27,1/21/2023,13796.63
874,258,715.18,5/21/2025,3848.31
875,293,982.75,8/2/2024,10903.69
876,99,1929.94,4/9/2024,4708.27
877,323,1059.89,5/19/2025,6595.41
878,186,1899.83,2/8/2024,2147.97
879,580,699.83,12/9/2023,12342.88
880,2,929.35,11/3/2024,965.56
881,468,970.7,3/18/2024,19318.79
882,203,1662.08,8/6/2024,2005.31
883,100,1597.03,6/24/2024,18488.73
884,305,659.79,8/14/2024,24597.79
885,198,830.48,8/30/2024,11946.14
886,358,678.67,3/22/2025,217.28
887,229,1923.94,4/7/2023,8980.68
888,180,1639.93,6/10/2024,4136.42
889,103,362.97,5/22/2025,9438.77
890,414,929.75,1/28/2025,28776.05
891,71,619.86,11/7/2024,11594.06
892,367,1705.7,12/26/2024,945.59
893,460,968.89,7/5/2024,519.21
894,492,53.63,4/10/2025,16959.61
895,129,770.9,8/28/2024,1991.01
896,43,180.6,1/28/2023,4441.12
897,222,693.01,7/26/2023,8557.63
898,198,1581.92,7/30/2024,35306.85
899,523,1055.45,11/4/2022,20129.45
900,236,902.05,1/4/2024,13484.84
901,430,1283.78,6/7/2024,39125.05
902,320,1452.74,3/7/2024,4845.85
903,520,1758.9,2/15/2024,1159.44
904,414,1865.18,1/22/2025,7256.51
905,136,1578.77,3/12/2025,25514.99
906,198,1150.85,12/6/2023,25578.74
907,387,1650.34,1/13/2025,30320.05
908,282,324.18,1/15/2025,24550.09
909,302,336.3,1/23/2025,5008.61
910,144,1524.88,9/20/2024,3102.99
911,180,569.39,8/14/2023,12269.4
912,218,1302.48,1/22/2023,32180.55
913,350,147.76,2/23/2025,7473.75
914,495,1105.92,5/20/2024,524.41
915,590,1179.1,4/19/2025,2313.52
916,492,312.06,3/22/2024,4695.67
917,142,1865.55,10/8/2024,9321.17
918,155,1460.43,1/10/2025,21749.9
919,197,1195.67,8/29/2024,16896.05
920,42,254.47,7/19/2024,19417.15
921,377,1262.27,11/3/2024,31233.41
922,502,1969.31,12/14/2024,2996.17
923,573,1975.85,1/8/2024,2111.35
924,398,1050.07,10/9/2023,1422.88
925,40,655.2,3/2/2025,31074.14
926,32,61.96,4/7/2025,39912
927,277,1746.83,1/21/2025,11466.2
928,82,1617.52,3/4/2025,8398.52
929,122,1649.21,4/18/2025,18680.32
930,217,1839.42,5/17/2024,6749.5
931,367,1012.52,9/22/2024,242.95
932,105,1483.97,7/2/2024,3461.72
933,353,568.83,8/4/2023,4880.7
934,134,1176.95,12/20/2023,1927.76
935,486,1210.71,2/4/2024,8304.5
936,389,1692.78,10/30/2023,32266.73
937,49,1224.42,7/13/2023,3199.44
938,389,620.94,1/2/2024,15927.83
939,427,668.14,4/3/2024,4804.95
940,132,85.23,3/27/2024,29933.31
941,378,1957.63,12/10/2023,1119.85
942,209,1583.04,1/17/2025,1098.94
943,584,1980.65,12/25/2024,9234.98
944,77,870.06,8/31/2023,13145.44
945,110,1524.83,6/18/2025,4258.12
946,222,1980.56,8/23/2023,9606.47
947,395,619.38,5/31/2025,24532.29
948,373,1281.75,12/3/2024,35195.63
949,274,1794.98,4/16/2024,10975.3
950,130,164.7,9/14/2024,10293.25
951,424,115.08,12/2/2024,5249.96
952,202,702.8,3/30/2025,3610.71
953,30,749.68,6/15/2024,3576.56
954,353,1932.2,10/23/2024,10940.15
955,316,1370.46,5/21/2024,19087.77
956,560,1497.09,12/27/2024,7060.2
957,553,84.01,3/12/2024,37769.63
958,508,134.26,12/24/2022,16001.62
959,565,1772.77,3/14/2024,817.99
960,365,1964.08,3/6/2024,2686.32
961,415,1161.83,4/29/2024,9562.46
962,290,111.6,1/22/2024,4125.21
963,462,1525.6,6/20/2024,9913.82
964,297,244.5,1/22/2024,35696.19
965,580,449.46,8/14/2024,5525.11
966,101,1272.2,10/20/2024,2444.68
967,594,193.51,5/20/2025,15504.7
968,410,1020.35,1/22/2025,15569.49
969,369,352.59,9/23/2024,24823.62
970,341,1369.08,11/12/2024,29079
971,388,1084.75,6/4/2024,18643.18
972,268,1405.33,6/29/2023,4940.25
973,267,331.59,3/14/2025,560.67
974,528,1369.95,6/11/2024,16730.15
975,147,686.8,2/7/2024,34459.54
976,553,1665.46,10/22/2023,15328.64
977,527,1592,3/31/2024,19240.79
978,558,137.92,7/7/2024,20714.5
979,220,931.78,3/2/2025,6965.29
980,85,349.14,4/5/2025,11351.02
981,566,1590.72,3/19/2024,18922.21
982,314,1062.76,11/26/2024,7805.92
983,64,940.98,3/24/2023,5712.87
984,565,201.4,4/11/2024,467.5
985,23,1459.47,1/26/2024,16206.44
986,121,1852.19,5/7/2024,478.14
987,59,1500.07,10/4/2023,15790.64
988,249,1435.31,1/4/2025,1831.67
989,77,1013.82,5/19/2025,846.66
990,39,1938.27,6/3/2024,16247.77
991,367,643.62,3/29/2025,814.48
992,139,1379.94,3/22/2025,31405.91
993,519,1854.22,5/4/2023,333.08
994,597,604.62,2/7/2025,14754.27
995,326,687.32,6/12/2025,4301.98
996,586,801.11,6/17/2025,11275.83
997,370,891.16,2/24/2025,5121.37
998,104,1876.7,9/7/2023,24959.46
999,578,1107.04,1/8/2024,3002.69
1000,60,1243.7,6/13/2023,17218.3
1001,125,699.99,1/12/2024,3595.56
1002,111,1017.69,11/11/2024,6427.34
1003,114,237.66,9/23/2024,35672.65
1004,528,1940.57,5/8/2025,4963.08
1005,39,1217.88,6/18/2024,23658.2
1006,139,1866.27,12/22/2023,19412.79
1007,79,306.84,10/19/2024,8539.43
1008,423,1992.66,5/22/2023,13364.26
1009,529,221.68,9/6/2023,20950.55
1010,62,53.6,8/27/2024,1246.93
1011,213,477.54,8/6/2023,27116.47
1012,126,868.54,5/31/2025,16404.35
1013,391,707.66,9/9/2022,2268.43
1014,400,1318.55,2/14/2025,11001.01
1015,192,481.73,8/28/2024,16433.76
1016,197,807.05,2/19/2025,6329.62
1017,301,519.65,12/24/2024,6666.97
1018,174,391.67,2/12/2025,9460.04
1019,499,564.49,9/6/2024,29989.04
1020,58,661.87,6/2/2025,4826.74
1021,586,1568.47,9/23/2024,474.88
1022,377,64.45,5/6/2024,25355.84
1023,277,365.53,2/19/2025,14114
1024,447,1109.63,1/6/2023,4108.43
1025,340,1907.62,8/29/2024,2258.8
1026,88,101.24,2/6/2024,14359.43
1027,190,960.39,9/1/2024,16591.59
1028,126,1909.18,4/30/2025,23562.98
1029,382,1186.86,12/7/2024,9924.18
1030,359,1495.26,9/21/2024,28006.62
1031,587,1042.42,4/20/2024,4611.45
1032,87,777.6,6/29/2024,8961.22
1033,566,658.37,7/31/2023,16509.05
1034,377,376.56,10/6/2024,14090.61
1035,253,1272.49,10/8/2022,1903.52
1036,99,993.63,5/2/2023,1745.41
1037,313,326.02,1/15/2024,21275.85
1038,492,1856.06,2/21/2024,26511.94
1039,581,1092.75,11/23/2024,14112.82
1040,24,1787.69,10/29/2024,12455.36
1041,470,1978.52,5/29/2024,5676.36
1042,109,1324.85,8/3/2024,12114.31
1043,270,333.94,8/9/2024,11541.8
1044,344,1689.97,12/20/2022,1164.28
1045,114,1975.7,10/24/2024,10237.49
1046,298,757.65,5/31/2024,8630.37
1047,389,317.51,10/30/2024,12118.06
1048,63,476.43,8/20/2024,36010.09
1049,288,1707.22,11/7/2024,9515.16
1050,16,275.36,11/19/2024,7322.7
1051,289,877.37,8/12/2024,25280.88
1052,190,213.12,7/28/2023,4321.21
1053,490,1029.24,12/20/2023,19919.66
1054,29,1930.82,6/21/2024,3606.03
1055,142,1491.02,3/13/2024,38558
1056,486,95.9,12/12/2024,5662.93
1057,438,153.49,12/17/2024,8975.54
1058,478,829.03,5/21/2025,27537.54
1059,485,1244.52,12/9/2024,3356.92
1060,531,1876.25,12/16/2023,18474.27
1061,360,835.55,5/13/2024,25437.85
1062,314,201.82,5/15/2025,8050.8
1063,16,1715.39,7/27/2023,23988.28
1064,297,1255.35,10/19/2024,14891.18
1065,172,1416.13,1/16/2025,34275.24
1066,195,474.64,10/14/2023,7697.99
1067,27,1893.86,7/29/2023,3323.88
1068,109,1251.11,4/20/2025,14036.33
1069,322,143.06,6/19/2023,26036.83
1070,365,1288.25,6/11/2023,3538.84
1071,98,178.8,6/23/2024,27655.92
1072,496,1638.39,12/8/2024,5699.58
1073,289,327.66,5/15/2024,29026.21
1074,379,1867.27,3/26/2023,17696.8
1075,242,1315.45,1/26/2025,43302.17
1076,216,1539.72,11/11/2024,1952.47
1077,312,502.98,4/8/2025,4074.38
1078,77,891.19,8/1/2024,10269.61
1079,483,649.43,5/8/2025,822.2
1080,424,1185.32,4/13/2024,1787.02
1081,118,268.41,10/25/2023,38281.43
1082,594,694.48,12/15/2024,2657.15
1083,113,279.52,7/10/2023,14879.86
1084,465,300.35,4/7/2024,12136.93
1085,202,1014.7,4/30/2025,1445.76
1086,378,1874.77,6/19/2024,1908.59
1087,11,404.45,5/23/2025,459.07
1088,216,836.25,10/21/2023,4048.94
1089,310,710.89,12/17/2024,14902.6
1090,293,1436.96,9/13/2024,9263.02
1091,212,919.66,7/25/2024,29034.29
1092,473,1311.55,5/16/2025,20813.9
1093,27,1062.36,8/21/2024,173.08
1094,471,1272.79,10/13/2022,1497.08
1095,510,1080.8,1/21/2025,21554.04
1096,286,145.71,6/19/2024,5406.91
1097,500,1659.33,4/27/2024,22060.32
1098,262,381.47,5/9/2025,8361.19
1099,237,911.04,4/7/2025,3031.57
1100,416,809.97,5/13/2024,13424.39
1101,294,653.64,1/21/2025,10529.6
1102,470,277.62,6/21/2024,7962.04
1103,78,843.88,6/2/2025,6845.8
1104,502,1447.85,4/16/2024,24564.26
1105,303,1656.08,6/26/2024,13389.29
1106,428,904.4,1/9/2024,19923.26
1107,299,781.05,3/30/2023,1090.92
1108,241,1398.64,11/11/2024,9457.96
1109,105,1299.15,2/11/2025,26657.21
1110,533,253.88,11/2/2024,16377.59
1111,335,1717.18,11/13/2022,4232.6
1112,219,1592.72,3/26/2025,4564.99
1113,361,719.86,2/24/2024,4033.83
1114,468,1291.71,5/13/2024,1351.27
1115,472,1222.2,10/29/2024,1916.79
1116,488,1792.2,4/1/2024,761.48
1117,317,1280.28,2/17/2025,18448.29
1118,216,102.26,2/21/2024,448.93
1119,497,431.89,7/5/2024,9569.86
1120,269,253.44,7/17/2024,1078.19
1121,360,1196.11,12/28/2023,4662.48
1122,188,1170.66,4/20/2023,11005
1123,392,923.21,12/13/2023,5380.99
1124,54,765.12,5/1/2024,1812.87
1125,167,686.71,4/1/2023,5059.18
1126,511,964.84,1/18/2025,28815.52
1127,364,890.59,11/23/2023,648.6
1128,414,650.67,9/21/2024,5824.24
1129,277,471.25,8/22/2023,6776.64
1130,518,1501.6,6/18/2024,6737.77
1131,25,410.43,8/9/2023,432.46
1132,75,56.88,1/26/2025,10205.91
1133,585,841.34,5/27/2025,22547.01
1134,386,713.89,6/14/2024,10090.9
1135,110,1462.15,1/18/2025,6425.41
1136,430,141.84,5/13/2024,19327.39
1137,238,906.29,3/31/2025,2522.8
1138,57,1168.48,11/29/2023,4282.02
1139,121,1482.79,4/24/2024,11484.93
1140,200,1588.98,12/5/2024,2837.85
1141,2,873.83,2/13/2025,12895.49
1142,407,1792.49,7/7/2023,4252.81
1143,117,1362.4,1/10/2025,20370.21
1144,344,1834.78,5/14/2023,1173.63
1145,280,1355.41,12/3/2023,2250.04
1146,407,537.59,8/25/2024,9934.29
1147,74,251.79,5/16/2025,1027.83
1148,35,1599.79,4/25/2025,33614.91
1149,34,1098.65,10/4/2022,8411.86
1150,414,1506.14,1/1/2025,11127.72
1151,422,330.38,2/20/2024,13815.95
1152,99,1681.19,9/15/2024,1631.12
1153,478,664.34,12/1/2024,17738.18
1154,485,1200.97,11/12/2023,815.63
1155,591,845.1,5/31/2025,2691.26
1156,441,739.61,6/30/2024,1057.22
1157,278,1373.55,8/9/2024,5161.15
1158,183,400.02,2/11/2023,4923.86
1159,48,1809.06,11/20/2024,3563.37
1160,47,1866.95,2/2/2025,11694.82
1161,170,329.65,5/27/2024,1977
1162,341,1829.44,8/3/2024,19365.99
1163,410,998.94,2/23/2025,6639.42
1164,554,1468.86,5/27/2024,476.84
1165,498,1558.82,4/21/2025,4096.79
1166,483,1351.98,10/23/2024,1417.05
1167,219,1815.84,6/21/2025,12561.03
1168,529,161.84,2/6/2024,3095.68
1169,212,114.52,9/4/2023,12510.48
1170,595,343.27,3/31/2025,8531.14
1171,228,760.01,3/11/2024,45948.03
1172,152,460.23,2/3/2024,8682.5
1173,46,576.03,7/14/2024,7811.39
1174,31,825.19,10/11/2024,9964.56
1175,192,564.7,6/29/2024,12438.91
1176,409,1120.33,12/12/2024,13359.83
1177,286,1696.26,6/11/2025,32073.6
1178,174,865.34,11/24/2024,7413.97
1179,376,683.52,5/8/2025,12656.38
1180,479,1191.81,7/11/2024,5536.99
1181,585,964.22,7/13/2024,6517.34
1182,305,1357.16,8/30/2024,3439.43
1183,395,1244.68,3/29/2024,30007.6
1184,36,658.15,11/8/2024,31982.32
1185,75,148.39,5/17/2024,33668.1
1186,438,1340.89,5/19/2025,19035.37
1187,376,563.9,12/11/2023,3359.24
1188,46,1527.29,12/24/2024,2603.45
1189,502,956.59,11/10/2024,1262.12
1190,425,943.88,5/11/2024,28812.96
1191,339,70.69,12/5/2023,5297.4
1192,173,513.44,1/25/2025,490.12
1193,192,1961.71,4/16/2024,6199.12
1194,275,1554.66,1/12/2024,47049.02
1195,407,68.74,3/7/2024,5885.13
1196,366,1751.03,8/16/2023,4063.85
1197,33,1827.25,6/16/2023,14317.19
1198,403,1477.5,3/11/2025,3308.24
1199,191,1362.91,10/26/2024,6555.97
1200,73,1533,10/17/2024,981.16
1201,504,1041.93,1/13/2024,4040.82
1202,356,1225.42,9/23/2024,1068.89
1203,466,398.16,11/3/2024,11567.94
1204,80,840.57,4/7/2024,9597.98
1205,143,1537.38,4/25/2025,5969.01
1206,146,1851.9,1/28/2024,7133.4
1207,264,187.84,5/8/2024,10199.54
1208,490,1934.96,9/17/2024,8885.2
1209,502,840.17,9/27/2024,25898.75
1210,166,361.76,10/4/2024,11822.79
1211,373,1689.27,10/26/2024,32155.63
1212,533,1954.88,5/16/2024,34560.99
1213,447,894.13,11/28/2023,5167.44
1214,574,471.76,10/8/2023,10097.07
1215,290,142.92,4/13/2025,2490.24
1216,200,970.21,11/7/2024,10455.36
1217,116,735.78,9/15/2023,4827.58
1218,187,1711.2,1/8/2024,19655.6
1219,416,795.96,1/4/2023,7262.48
1220,556,1891.89,2/8/2024,8562.51
1221,379,863.31,12/8/2023,5823.82
1222,26,146.45,12/5/2024,37543.8
1223,497,1997.6,10/14/2023,166.69
1224,207,1399.25,4/24/2025,29327.71
1225,17,597.78,3/1/2023,4752.71
1226,160,1142.61,6/16/2025,8619.02
1227,228,932.58,7/24/2024,4142.03
1228,146,1380.32,1/23/2024,6241.81
1229,484,612.93,8/6/2024,3386.32
1230,511,1664.27,1/2/2025,10336.99
1231,180,1280.18,2/11/2024,32010.85
1232,516,1263.1,3/21/2025,2481.43
1233,336,557.06,8/29/2024,19927.21
1234,427,1495.78,7/17/2023,865.42
1235,253,1471.42,12/29/2023,10303.69
1236,405,1475.38,1/19/2024,13906.92
1237,524,467.82,5/4/2025,19636.98
1238,31,1374.14,5/12/2025,7154.33
1239,528,216.67,11/23/2024,31253.84
1240,354,1242.85,8/24/2024,643.06
1241,427,1844.33,10/1/2023,4567.46
1242,27,1199.57,8/29/2024,3798.75
1243,32,1219.61,6/8/2024,23038.27
1244,64,562.41,5/4/2024,6859.49
1245,237,818.37,5/15/2024,649.79
1246,151,1990.79,7/24/2024,10121.71
1247,338,1666.67,9/2/2023,6111.74
1248,369,1224.47,6/24/2024,3439.05
1249,501,503.51,12/5/2022,823.78
1250,496,399.93,10/17/2024,5246.28
1251,105,1610.9,2/11/2025,32028.26
1252,244,334.71,1/14/2024,2183.79
1253,99,815.09,8/22/2023,11776.62
1254,193,1565.77,1/30/2024,1671.48
1255,454,544.52,8/12/2024,2121.42
1256,405,709.59,11/20/2024,11198.7
1257,71,873.06,6/27/2024,10764.68
1258,178,1561.08,9/15/2023,7757.21
1259,333,1763.55,2/23/2025,5936.74
1260,596,879.2,8/28/2024,6072.32
1261,5,1901.22,11/9/2024,17149.75
1262,476,681.23,11/20/2023,198.24
1263,589,841.9,12/9/2023,3295.41
1264,491,178.11,7/22/2024,32069.01
1265,525,217.15,3/20/2024,1591.34
1266,138,1333.79,8/2/2024,10001.28
1267,198,1486.8,6/5/2023,4789.97
1268,90,1097.81,6/3/2023,42914.82
1269,338,1856.53,1/19/2025,28319.66
1270,421,1877.66,11/22/2024,3328.78
1271,521,713.43,4/26/2025,10151.12
1272,65,1941.38,4/4/2024,3531.36
1273,431,1315.17,5/28/2023,9845.98
1274,595,196.69,4/30/2025,39310.99
1275,389,1996.47,8/6/2024,13404.41
1276,454,841.65,9/13/2023,16264.63
1277,142,434.76,6/5/2023,11881.79
1278,314,1165.6,1/2/2025,21805.06
1279,356,1388.25,6/10/2025,5286.59
1280,241,928.11,4/22/2025,176.8
1281,276,434.35,9/13/2024,30413.53
1282,159,628.68,1/24/2025,3974.88
1283,429,352.9,10/23/2023,3317.43
1284,510,962.44,5/3/2025,26048.68
1285,280,338.43,5/10/2025,2579.18
1286,191,1375.47,9/9/2024,1772.55
1287,111,1629.66,7/26/2024,11831.22
1288,492,424.01,8/20/2024,20307.98
1289,591,105.1,4/5/2025,1855.54
1290,455,447.8,12/25/2024,10735.63
1291,104,110.95,11/18/2022,6648.84
1292,375,1103.88,5/1/2024,18059.77
1293,335,78.75,3/2/2023,25748.97
1294,241,378.17,3/27/2025,3946.31
1295,306,662.44,12/19/2023,31633.54
1296,331,220.77,2/13/2025,6298.02
1297,437,1477.14,7/22/2024,36422.49
1298,302,1992.64,3/22/2025,537.46
1299,451,1927.92,12/1/2022,12016.8
1300,67,1792.96,9/13/2023,8415.1
1301,201,1531.42,1/17/2023,2732.14
1302,88,1418.07,12/12/2024,24936.29
1303,217,524.06,1/6/2025,10359.39
1304,519,1892.78,8/25/2024,6602.52
1305,310,260.12,3/31/2024,23424.14
1306,558,1164.32,6/18/2025,6095.88
1307,151,113.58,5/20/2025,12013.22
1308,137,1160.74,1/7/2024,18550.42
1309,261,714.93,4/11/2024,10861.89
1310,43,388.76,10/5/2024,8559.97
1311,311,725.81,4/21/2023,5208.61
1312,571,864.36,5/20/2024,11798.4
1313,103,1525.23,11/3/2024,6609.63
1314,527,1945.12,3/1/2024,13503.42
1315,181,769.84,3/24/2025,9195.97
1316,201,258.22,3/8/2025,3163.58
1317,255,1472.82,5/29/2025,16711.76
1318,206,473.12,11/9/2022,4865.14
1319,445,266.41,8/15/2024,2190.84
1320,478,1400.05,2/18/2025,24995.08
1321,84,890.6,7/1/2023,19004.36
1322,12,671.5,11/7/2023,2112.09
1323,464,1379.81,9/2/2024,18949.38
1324,243,795.98,5/28/2024,649.11
1325,511,1416.55,11/10/2024,21969.97
1326,428,1230.68,8/31/2024,35178.29
1327,384,1928.36,10/17/2023,6387.65
1328,179,260.63,11/28/2024,23647.63
1329,310,1719.72,11/21/2023,19394.4
1330,398,1262.5,1/3/2025,675.56
1331,437,920.29,11/9/2023,5208.3
1332,54,582.06,3/15/2023,2940.48
1333,174,1245.07,6/11/2024,1220.33
1334,109,1307.48,4/15/2025,44136.56
1335,566,1854.94,2/27/2025,29239.81
1336,322,1499.61,7/29/2023,25685.48
1337,395,1395.99,6/27/2023,19812.36
1338,265,77.83,1/25/2024,26362.25
1339,120,1234.69,10/19/2024,6081.08
1340,373,721.81,11/23/2024,31399.67
1341,464,1950.27,7/2/2024,12768.78
1342,2,557.97,5/24/2024,31106.17
1343,445,268.78,7/23/2023,6934.89
1344,555,1699.07,10/26/2024,27732.81
1345,279,145.28,10/1/2024,5424.89
1346,478,295.12,2/15/2025,11151.2
1347,345,598.62,8/10/2023,11383.9
1348,59,1184.65,10/30/2023,2539.17
1349,133,743.78,5/21/2024,16218.77
1350,64,1252.2,2/22/2024,4305.95
1351,419,1370.59,2/27/2025,1759.98
1352,522,693.67,10/29/2024,13486.77
1353,520,1523.68,3/4/2024,7105.41
1354,119,1884.07,5/21/2025,7213.87
1355,438,998.07,8/5/2023,6345.79
1356,317,445.21,5/31/2025,17739.18
1357,374,1254.31,6/17/2023,296.95
1358,475,1769.98,12/6/2023,13930.12
1359,254,1048.88,7/21/2024,25244.86
1360,402,1422.05,10/5/2024,30867.59
1361,152,326.43,4/11/2024,12530.2
1362,277,491.84,5/20/2025,15242.06
1363,201,870.82,1/1/2025,1847.66
1364,510,239.06,5/4/2024,15734.52
1365,119,1931.89,3/5/2023,21229.52
1366,218,1932.15,12/2/2024,13922.8
1367,341,726.84,8/10/2024,6676.49
1368,276,1854.23,7/3/2024,36091.22
1369,436,1347.68,1/18/2025,15657.39
1370,345,1029.98,6/15/2025,17006.33
1371,270,1099.33,3/18/2025,8700.52
1372,63,1233.14,1/28/2025,29787.93
1373,155,1064.99,1/21/2024,11499.9
1374,284,286.73,3/20/2025,6191.28
1375,307,1829.13,7/19/2024,4253.42
1376,580,1424.39,8/7/2024,7309.65
1377,73,744.63,12/12/2023,3953.65
1378,34,1180.6,7/17/2023,10368.92
1379,399,336.71,8/27/2024,4490.96
1380,564,1910.24,3/19/2025,14138.31
1381,268,114.34,1/20/2024,590.06
1382,379,359.82,12/30/2023,16348.34
1383,497,1291.41,12/2/2023,5735.85
1384,21,442.07,11/19/2023,11033.95
1385,473,890.46,4/27/2025,39122.33
1386,238,147.48,8/29/2024,3054.74
1387,453,1162.16,4/2/2023,14625.63
1388,329,199.99,11/23/2023,25918.92
1389,597,104.91,6/7/2025,31924.44
1390,363,1544.78,12/2/2023,22729.54
1391,101,1261.84,5/24/2024,2950.41
1392,500,380.68,6/28/2024,22805.26
1393,234,596.96,12/9/2024,35600.23
1394,106,756.98,9/18/2024,1524.7
1395,122,1438.68,3/3/2024,1294.24
1396,52,1051.08,1/4/2024,19134.91
1397,143,152.66,5/10/2023,6553.26
1398,326,221.68,3/19/2024,12093.51
1399,30,58.53,2/15/2025,11687.24
1400,365,137.29,11/9/2024,21625.98
1401,96,642.51,12/5/2024,12752.77
1402,457,394.15,1/8/2024,10229.87
1403,356,1998.47,2/12/2025,2008.49
1404,247,989.09,3/15/2025,4421.67
1405,29,542.29,6/28/2024,9324.88
1406,507,722.62,11/14/2022,24992.26
1407,300,660.95,5/1/2025,23863.58
1408,290,602.93,10/12/2023,10216.2
1409,238,431.38,6/6/2024,5554.83
1410,252,1564.84,7/17/2024,23409.1
1411,572,1110.87,11/5/2023,5183.27
1412,425,718.17,8/15/2024,18714.18
1413,44,453.99,6/30/2024,13051.16
1414,205,1594.37,4/6/2025,4463.39
1415,302,223.93,4/28/2025,337.91
1416,433,1599.56,11/16/2024,4276.24
1417,261,1339.89,3/16/2023,14572.98
1418,596,129.99,4/30/2025,2733.55
1419,580,524.02,1/22/2024,27631.88
1420,122,1932.12,10/14/2024,14130.3
1421,200,447.59,12/23/2024,34427.33
1422,240,1873.82,3/10/2024,8338.72
1423,44,1916.38,10/6/2024,31558.19
1424,465,266.51,3/12/2024,14985.63
1425,156,1672.34,9/25/2024,1780.2
1426,545,361.22,8/24/2024,24659.51
1427,18,1774.91,11/16/2024,26660.78
1428,583,371.68,1/22/2024,224.31
1429,541,1860.8,4/30/2024,20054.63
1430,534,271.31,6/7/2025,959.91
1431,28,1110.85,1/25/2025,9683.15
1432,63,350.79,6/27/2024,35455.89
1433,555,1136.36,5/9/2025,27264.14
1434,592,1375.85,8/6/2023,14425.23
1435,144,1605.61,7/25/2023,23212.83
1436,365,926.98,4/1/2023,24379.6
1437,246,1575.56,8/31/2024,1618.85
1438,277,1335.74,10/30/2024,19891.91
1439,194,729.93,9/10/2024,38174.6
1440,463,1403.23,3/5/2025,22855.72
1441,255,1204.08,2/15/2024,27904.44
1442,402,366.96,1/29/2024,37896.81
1443,161,501.51,3/24/2023,21459.2
1444,148,162.28,6/4/2024,391.47
1445,354,1264.93,11/18/2023,1603.38
1446,11,1234.05,4/12/2025,916.09
1447,25,1327.05,3/21/2024,5245.54
1448,374,1545.85,4/15/2025,380.39
1449,386,1250.64,6/5/2025,8689
1450,242,1173.82,8/26/2024,30421.65
1451,92,97.89,1/17/2024,37310.59
1452,493,491.64,8/20/2024,6186.81
1453,533,409.41,2/11/2024,15139.77
1454,328,1649.07,8/15/2023,37410.81
1455,303,1103.47,4/30/2024,1515.14
1456,183,1399.89,1/25/2024,5731.34
1457,401,1066.21,2/4/2023,8784.57
1458,176,509.17,4/25/2023,18326.53
1459,561,722.92,1/20/2024,16507.58
1460,187,103.08,11/13/2024,76.57
1461,115,1964.89,5/26/2024,25455.83
1462,373,1373.18,5/28/2025,10838.76
1463,316,1123.61,2/24/2024,5932.53
1464,145,57.63,12/28/2023,2367.26
1465,376,254.45,1/5/2024,29619.63
1466,563,1718.19,1/10/2025,11156.04
1467,194,1373.12,5/4/2025,7134.81
1468,463,939.71,3/9/2025,26872.19
1469,56,311.2,4/3/2024,24849.15
1470,543,520.15,10/24/2024,1476.95
1471,214,393.1,6/24/2024,3700.03
1472,109,1460.06,4/19/2025,11398.34
1473,499,305.92,3/6/2024,37909.25
1474,57,1975.17,12/1/2024,3926.89
1475,465,386.03,12/21/2023,7112.01
1476,459,687.13,1/10/2023,13317.04
1477,118,353.74,3/21/2025,8248.29
1478,58,1305.01,10/23/2024,11936
1479,437,1551.74,9/13/2023,34468.97
1480,217,455.3,10/1/2024,374.47
1481,186,358.8,2/2/2024,398.77
1482,397,887.36,5/8/2024,14994.74
1483,179,280.26,6/9/2024,4919.6
1484,293,864.89,10/2/2024,1233.63
1485,213,467.46,3/5/2023,14198.12
1486,356,1145.35,11/19/2024,3985.69
1487,377,1925.81,5/5/2025,31117.23
1488,408,361.26,2/3/2024,16652.84
1489,176,1215.96,11/30/2024,23851.85
1490,34,1187.76,6/27/2024,16450.98
1491,312,1755.88,2/13/2025,2738.62
1492,306,1021.99,5/18/2023,39477.38
1493,450,883.81,9/21/2024,398.17
1494,463,1533.65,9/25/2024,39613.66
1495,180,730.26,5/25/2025,19499.79
1496,300,1550.81,5/23/2025,9097.82
1497,439,1824.01,8/18/2024,48370.18
1498,448,864.5,3/2/2023,6086.58
1499,332,1370.12,4/25/2024,8581.42
