LoanID,CustomerID,LoanType,Amount,InterestRate,StartDate,EndDate,Status
1,1,Business,484037.53,8.68,2024-09-25,2034-09-23,Rejected
2,1,Auto,149481.07,11.37,2023-04-11,2027-04-10,Closed
3,2,Mortgage,91867.88,7.15,2025-01-28,2026-01-28,Closed
4,3,Business,77417.44,11.03,2022-05-21,2031-05-19,Rejected
5,4,Personal,268156.64,12.24,2023-07-28,2031-07-26,Closed
6,4,Business,228424.55,4.48,2023-04-05,2027-04-04,Closed
7,5,Personal,271400.84,12.21,2023-01-21,2033-01-18,Approved
8,7,Mortgage,437493.31,5.59,2024-02-23,2033-02-20,Rejected
9,7,Personal,15332.13,13.66,2021-09-06,2031-09-04,Rejected
10,8,Business,123737.95,8.08,2022-09-10,2023-09-10,Ongoing
11,8,Auto,385387.5,8.82,2022-03-17,2030-03-15,Approved
12,9,Business,62043.49,7.51,2021-09-18,2031-09-16,Rejected
13,11,Auto,79452.92,12.65,2021-07-05,2030-07-03,Rejected
14,11,Auto,292693.71,5.25,2025-01-15,2031-01-14,Ongoing
15,12,Auto,475074.11,10.91,2022-11-06,2031-11-04,Ongoing
16,13,Mortgage,9303.32,11.76,2021-07-07,2027-07-06,Ongoing
17,13,Auto,395372.92,4.33,2020-12-01,2026-11-30,Rejected
18,14,Business,92055.67,11.61,2024-11-03,2029-11-02,Rejected
19,14,Auto,151426.08,3.44,2022-08-20,2029-08-18,Approved
20,15,Mortgage,44612.95,9.71,2024-11-04,2031-11-03,Rejected
21,15,Mortgage,24344.26,6.83,2021-05-22,2026-05-21,Approved
22,17,Business,126386.58,6.34,2021-08-30,2031-08-28,Closed
23,17,Business,54835.03,8.32,2021-12-11,2025-12-10,Closed
24,18,Personal,382643.92,9.66,2022-03-03,2025-03-02,Rejected
25,20,Business,29271.52,12.43,2021-11-11,2031-11-09,Rejected
26,20,Auto,48693.02,4.53,2022-09-27,2026-09-26,Ongoing
27,21,Auto,358997.77,6.95,2024-04-18,2033-04-16,Closed
28,23,Business,16697.02,11.18,2025-01-26,2031-01-25,Approved
29,24,Business,271197.1,8.8,2024-12-10,2025-12-10,Ongoing
30,28,Business,62419.61,8.99,2021-09-17,2024-09-16,Ongoing
31,28,Auto,252196.0,8.74,2022-10-30,2031-10-28,Ongoing
32,29,Personal,321215.17,6.46,2022-06-12,2026-06-11,Ongoing
33,29,Personal,218986.27,8.22,2021-01-16,2031-01-14,Ongoing
34,31,Auto,235661.74,11.32,2024-07-08,2027-07-08,Ongoing
35,32,Business,123969.54,10.69,2021-06-11,2022-06-11,Approved
36,33,Mortgage,341733.72,13.63,2021-02-24,2030-02-22,Approved
37,36,Mortgage,255358.34,7.07,2021-10-03,2030-10-01,Rejected
38,42,Auto,179983.42,11.18,2025-05-27,2034-05-25,Rejected
39,43,Business,197616.24,13.06,2021-05-02,2030-04-30,Rejected
40,43,Business,91145.54,12.58,2021-05-11,2026-05-10,Ongoing
41,44,Auto,251458.63,5.54,2024-05-13,2032-05-11,Closed
42,45,Auto,436076.43,7.57,2025-05-26,2032-05-24,Approved
43,46,Personal,407476.5,5.6,2021-07-04,2028-07-02,Closed
44,47,Auto,91449.27,14.28,2023-09-12,2026-09-11,Rejected
45,48,Mortgage,165353.88,3.58,2023-04-26,2029-04-24,Rejected
46,48,Auto,247460.01,14.14,2021-08-23,2026-08-22,Ongoing
47,49,Mortgage,8634.48,7.57,2023-12-26,2032-12-23,Approved
48,49,Auto,457794.4,13.51,2024-04-02,2030-04-01,Ongoing
49,50,Auto,231582.99,10.39,2020-08-11,2029-08-09,Closed
50,50,Business,68933.83,8.12,2025-06-09,2030-06-08,Rejected
51,53,Personal,110407.22,14.25,2025-02-03,2035-02-01,Closed
52,54,Mortgage,232824.91,14.16,2023-02-18,2033-02-15,Closed
53,54,Mortgage,360585.52,12.91,2025-03-02,2029-03-01,Ongoing
54,55,Business,392795.05,3.58,2023-10-21,2031-10-19,Rejected
55,56,Business,219573.15,12.62,2023-10-11,2024-10-10,Ongoing
56,57,Auto,108024.33,4.74,2021-02-20,2031-02-18,Ongoing
57,58,Personal,450301.79,8.25,2025-03-22,2026-03-22,Approved
58,59,Business,402394.41,14.29,2023-09-17,2028-09-15,Rejected
59,60,Auto,249366.51,8.73,2023-10-15,2024-10-14,Ongoing
60,60,Business,181731.38,6.73,2024-10-14,2030-10-13,Closed
61,63,Mortgage,76728.45,7.87,2020-08-06,2027-08-05,Rejected
62,63,Personal,412859.33,6.12,2022-07-03,2023-07-03,Rejected
63,64,Auto,122974.94,11.61,2023-12-25,2031-12-23,Ongoing
64,64,Mortgage,459367.24,5.91,2021-08-05,2022-08-05,Approved
65,66,Auto,305380.29,5.06,2023-04-08,2025-04-07,Approved
66,66,Auto,325821.79,4.68,2021-11-15,2023-11-15,Closed
67,67,Business,20944.94,9.38,2021-05-23,2026-05-22,Approved
68,67,Personal,271803.37,6.16,2024-01-20,2029-01-18,Ongoing
69,72,Mortgage,137141.52,13.34,2022-05-14,2030-05-12,Closed
70,72,Business,51327.8,8.26,2021-02-07,2022-02-07,Ongoing
71,74,Auto,323193.25,13.73,2023-04-15,2033-04-12,Closed
72,74,Mortgage,428969.49,9.17,2022-03-19,2027-03-18,Ongoing
73,75,Personal,300135.97,10.77,2023-07-29,2030-07-27,Approved
74,75,Personal,274181.66,12.29,2023-07-19,2032-07-16,Ongoing
75,76,Mortgage,169438.06,5.39,2022-03-01,2029-02-27,Rejected
76,78,Mortgage,44121.2,7.13,2022-09-14,2028-09-12,Ongoing
77,79,Personal,310587.27,13.1,2024-07-14,2028-07-13,Rejected
78,80,Personal,471501.74,8.28,2024-11-20,2027-11-20,Ongoing
79,81,Mortgage,401141.83,14.42,2022-11-19,2024-11-18,Ongoing
80,82,Personal,143994.14,4.25,2023-09-20,2028-09-18,Approved
81,83,Mortgage,391244.86,5.89,2021-09-23,2022-09-23,Ongoing
82,85,Business,154878.29,12.38,2020-10-20,2023-10-20,Rejected
83,85,Auto,463030.54,8.92,2023-10-28,2030-10-26,Ongoing
84,86,Business,343108.38,6.95,2025-06-17,2029-06-16,Rejected
85,87,Business,446612.48,11.95,2021-08-11,2022-08-11,Ongoing
86,88,Auto,407223.19,14.01,2024-03-29,2028-03-28,Closed
87,89,Personal,458367.13,11.79,2022-01-10,2030-01-08,Closed
88,89,Business,192349.73,7.61,2024-09-25,2031-09-24,Ongoing
89,91,Mortgage,350065.03,3.09,2021-07-24,2028-07-22,Ongoing
90,92,Mortgage,376242.02,4.92,2020-11-15,2023-11-15,Ongoing
91,92,Auto,495835.82,11.23,2023-06-02,2026-06-01,Ongoing
92,93,Personal,454997.85,9.88,2025-04-29,2032-04-27,Ongoing
93,93,Auto,487246.5,13.03,2023-12-08,2027-12-07,Ongoing
94,94,Personal,20144.36,10.46,2020-11-16,2029-11-14,Approved
95,94,Business,413900.0,3.68,2022-12-28,2028-12-26,Ongoing
96,96,Personal,137104.08,5.32,2020-06-30,2027-06-29,Closed
97,96,Auto,104316.08,9.91,2024-04-01,2032-03-30,Ongoing
98,97,Business,266907.64,9.93,2020-07-24,2023-07-24,Ongoing
99,97,Mortgage,326145.44,13.39,2022-12-21,2023-12-21,Approved
100,98,Mortgage,268799.35,11.45,2024-11-18,2029-11-17,Approved
101,99,Mortgage,271149.12,4.3,2024-04-09,2027-04-09,Closed
102,99,Auto,442182.33,8.98,2023-12-19,2024-12-18,Rejected
103,100,Mortgage,356635.02,6.94,2023-03-09,2028-03-07,Approved
104,101,Business,396861.78,4.1,2021-02-22,2031-02-20,Approved
105,101,Auto,251508.95,9.95,2025-02-13,2028-02-13,Rejected
106,106,Business,12789.01,9.28,2021-05-29,2027-05-28,Rejected
107,106,Personal,153310.19,13.94,2021-07-20,2025-07-19,Approved
108,107,Auto,191833.21,3.12,2021-09-24,2024-09-23,Closed
109,107,Business,172409.3,11.01,2021-01-29,2029-01-27,Approved
110,108,Auto,296533.57,7.23,2025-02-23,2035-02-21,Approved
111,110,Personal,47241.09,14.36,2021-04-06,2030-04-04,Rejected
112,110,Personal,293599.11,9.04,2022-04-03,2024-04-02,Approved
113,111,Auto,371957.79,5.68,2024-04-10,2032-04-08,Approved
114,111,Mortgage,40652.02,7.5,2021-02-17,2026-02-16,Ongoing
115,112,Auto,126017.94,13.09,2022-05-16,2032-05-13,Ongoing
116,113,Mortgage,271114.04,13.59,2023-02-27,2031-02-25,Rejected
117,114,Mortgage,310270.06,10.07,2023-05-03,2027-05-02,Ongoing
118,115,Personal,481891.62,9.89,2021-07-12,2027-07-11,Rejected
119,116,Business,42072.0,11.17,2023-01-13,2032-01-11,Ongoing
120,117,Business,91485.61,11.54,2020-07-29,2027-07-28,Ongoing
121,117,Business,123831.45,13.54,2021-10-11,2031-10-09,Rejected
122,118,Personal,344559.64,6.9,2021-03-25,2022-03-25,Ongoing
123,118,Mortgage,283079.98,9.99,2023-10-16,2029-10-14,Ongoing
124,119,Personal,209635.26,11.85,2025-04-20,2028-04-19,Closed
125,119,Business,116475.79,9.29,2025-05-30,2034-05-28,Approved
126,120,Mortgage,345285.93,8.65,2024-08-01,2033-07-30,Rejected
127,121,Auto,232371.17,6.7,2021-12-25,2025-12-24,Approved
128,121,Personal,199050.16,9.62,2024-04-04,2029-04-03,Rejected
129,122,Personal,67058.44,3.57,2023-03-07,2024-03-06,Approved
130,122,Mortgage,64309.06,8.03,2024-07-13,2027-07-13,Rejected
131,124,Auto,496440.83,4.77,2022-08-19,2032-08-16,Approved
132,124,Mortgage,38453.54,7.48,2023-05-12,2025-05-11,Rejected
133,125,Mortgage,499075.65,6.0,2024-10-13,2029-10-12,Closed
134,126,Mortgage,188576.59,14.17,2022-07-07,2027-07-06,Rejected
135,128,Auto,178365.93,5.25,2023-04-23,2028-04-21,Rejected
136,130,Mortgage,417031.18,3.34,2023-02-28,2029-02-26,Approved
137,130,Personal,348180.48,5.94,2022-11-08,2025-11-07,Approved
138,132,Mortgage,304296.09,13.37,2021-04-05,2023-04-05,Approved
139,132,Mortgage,493023.05,14.36,2023-06-22,2032-06-19,Rejected
140,133,Personal,470898.87,6.52,2020-09-26,2025-09-25,Ongoing
141,135,Mortgage,184465.07,11.97,2021-07-06,2026-07-05,Approved
142,135,Personal,414976.33,9.48,2021-05-31,2027-05-30,Approved
143,136,Mortgage,160198.01,14.46,2020-09-16,2024-09-15,Closed
144,136,Auto,242701.1,7.12,2022-11-10,2026-11-09,Ongoing
145,137,Auto,465460.06,7.36,2022-09-14,2026-09-13,Closed
146,140,Auto,466234.8,4.25,2024-03-02,2025-03-02,Ongoing
147,140,Business,13031.86,13.1,2022-11-25,2027-11-24,Closed
148,143,Personal,438737.96,13.68,2024-03-03,2026-03-03,Closed
149,143,Auto,297689.36,11.75,2020-08-11,2026-08-10,Ongoing
150,144,Business,274332.18,11.81,2022-12-04,2028-12-02,Approved
151,145,Business,199511.92,13.32,2020-11-28,2023-11-28,Rejected
152,146,Business,439471.22,5.21,2023-04-27,2032-04-24,Closed
153,146,Business,354750.37,12.29,2023-04-22,2032-04-19,Approved
154,147,Auto,137784.16,12.28,2025-04-17,2034-04-15,Closed
155,148,Mortgage,133510.68,9.79,2021-02-03,2031-02-01,Approved
156,148,Personal,244059.78,4.43,2024-04-16,2029-04-15,Approved
157,149,Mortgage,116527.27,12.22,2021-02-22,2027-02-21,Rejected
158,149,Mortgage,435121.15,14.85,2023-09-21,2026-09-20,Ongoing
159,152,Mortgage,406732.26,8.36,2023-05-07,2031-05-05,Ongoing
160,155,Personal,48341.53,9.89,2022-09-10,2028-09-08,Approved
161,155,Mortgage,249570.58,5.59,2021-09-03,2027-09-02,Rejected
162,156,Personal,297861.92,11.31,2023-01-28,2027-01-27,Rejected
163,156,Personal,216957.57,6.83,2022-10-28,2031-10-26,Ongoing
164,158,Mortgage,337647.65,9.6,2021-03-02,2023-03-02,Ongoing
165,158,Mortgage,335531.26,10.35,2023-09-15,2029-09-13,Rejected
166,160,Mortgage,167177.76,5.22,2023-04-28,2026-04-27,Rejected
167,160,Mortgage,185826.87,11.24,2023-05-08,2026-05-07,Rejected
168,161,Auto,364088.72,5.12,2023-04-01,2027-03-31,Approved
169,162,Business,309581.88,10.26,2022-11-26,2030-11-24,Closed
170,165,Auto,97025.87,14.57,2021-11-29,2028-11-27,Approved
171,169,Auto,87448.63,7.63,2021-01-13,2029-01-11,Approved
172,169,Mortgage,478539.57,3.69,2021-08-06,2027-08-05,Ongoing
173,170,Auto,177213.0,8.95,2021-01-08,2031-01-06,Approved
174,171,Business,472261.83,3.96,2022-04-01,2026-03-31,Approved
175,171,Auto,295068.22,14.88,2024-10-11,2025-10-11,Closed
176,172,Auto,120189.77,12.6,2023-01-23,2029-01-21,Ongoing
177,173,Personal,91902.26,11.05,2023-12-22,2033-12-19,Approved
178,173,Auto,147217.02,12.58,2023-04-03,2027-04-02,Rejected
179,175,Mortgage,123823.1,4.96,2023-11-01,2030-10-30,Rejected
180,175,Personal,497214.63,14.29,2021-03-01,2028-02-28,Ongoing
181,176,Personal,193295.33,4.37,2024-11-06,2027-11-06,Rejected
182,177,Mortgage,333142.7,5.36,2022-03-08,2029-03-06,Closed
183,178,Business,450110.96,4.27,2023-05-15,2029-05-13,Approved
184,178,Mortgage,342080.98,10.27,2021-07-10,2023-07-10,Ongoing
185,179,Business,299256.17,8.21,2024-04-04,2032-04-02,Rejected
186,179,Business,396519.28,10.62,2025-04-02,2035-03-31,Ongoing
187,180,Auto,298081.61,12.41,2025-06-07,2029-06-06,Ongoing
188,181,Business,106028.31,7.46,2023-11-01,2025-10-31,Rejected
189,181,Auto,193662.93,12.28,2025-05-29,2031-05-28,Ongoing
190,182,Business,300234.2,10.82,2022-11-03,2024-11-02,Rejected
191,182,Personal,197512.96,6.61,2023-04-23,2031-04-21,Rejected
192,183,Personal,353504.2,9.53,2024-05-17,2029-05-16,Approved
193,183,Business,374075.75,9.67,2023-10-13,2026-10-12,Closed
194,184,Personal,163591.14,6.94,2022-03-28,2025-03-27,Rejected
195,185,Personal,417570.74,12.3,2024-11-29,2026-11-29,Approved
196,185,Mortgage,102695.35,14.0,2022-08-13,2030-08-11,Ongoing
197,186,Mortgage,132011.45,13.71,2024-05-11,2028-05-10,Closed
198,186,Auto,418952.42,9.62,2023-07-28,2030-07-26,Approved
199,187,Mortgage,361372.52,5.74,2021-11-10,2023-11-10,Rejected
200,187,Personal,69272.0,14.03,2023-07-13,2027-07-12,Ongoing
201,190,Business,295537.06,10.9,2022-09-04,2028-09-02,Rejected
202,192,Business,272250.29,4.02,2022-10-17,2023-10-17,Approved
203,192,Auto,290013.22,3.2,2022-02-22,2031-02-20,Rejected
204,193,Mortgage,70776.84,6.81,2024-07-23,2030-07-22,Approved
205,194,Personal,121486.18,5.26,2024-05-03,2027-05-03,Rejected
206,194,Personal,117046.18,11.86,2021-01-29,2029-01-27,Approved
207,196,Auto,112543.16,5.14,2022-04-13,2027-04-12,Closed
208,197,Mortgage,421151.19,9.68,2022-10-30,2024-10-29,Approved
209,198,Auto,467095.82,4.15,2021-05-21,2030-05-19,Rejected
210,199,Auto,86547.82,5.22,2022-10-01,2024-09-30,Approved
211,199,Mortgage,22182.63,5.47,2024-09-26,2033-09-24,Rejected
212,201,Auto,79401.94,9.37,2023-07-21,2024-07-20,Closed
213,201,Business,345149.72,8.9,2022-06-26,2023-06-26,Closed
214,202,Mortgage,259755.75,10.23,2023-07-06,2028-07-04,Rejected
215,203,Mortgage,395188.58,10.15,2021-03-03,2029-03-01,Approved
216,203,Business,143937.32,5.58,2020-07-21,2026-07-20,Closed
217,204,Business,109283.32,12.52,2022-04-07,2023-04-07,Rejected
218,205,Auto,163935.5,14.79,2025-06-18,2028-06-17,Approved
219,205,Business,393303.84,11.51,2023-06-27,2031-06-25,Rejected
220,207,Auto,496324.49,9.32,2022-07-18,2028-07-16,Approved
221,208,Personal,84168.37,5.88,2022-07-25,2025-07-24,Rejected
222,209,Auto,47452.23,10.38,2025-06-05,2030-06-04,Ongoing
223,209,Auto,489852.3,11.99,2023-01-15,2033-01-12,Rejected
224,210,Business,266431.99,10.02,2024-08-05,2025-08-05,Rejected
225,210,Business,366050.68,3.71,2024-08-13,2025-08-13,Ongoing
226,213,Business,271652.48,14.54,2024-06-29,2030-06-28,Ongoing
227,215,Auto,224245.69,7.07,2025-01-02,2032-12-31,Rejected
228,215,Personal,146084.76,3.06,2024-04-28,2028-04-27,Ongoing
229,217,Mortgage,463264.31,5.23,2022-02-01,2028-01-31,Rejected
230,217,Auto,23414.72,12.51,2021-11-23,2023-11-23,Approved
231,218,Business,363854.77,13.08,2021-11-20,2028-11-18,Rejected
232,218,Business,442137.5,11.53,2024-12-02,2031-12-01,Ongoing
233,221,Business,128970.11,3.97,2024-01-23,2025-01-22,Closed
234,221,Auto,492750.72,7.52,2023-01-23,2026-01-22,Closed
235,222,Auto,4551.43,14.21,2021-02-01,2028-01-31,Approved
236,223,Mortgage,443204.51,8.23,2021-02-10,2031-02-08,Ongoing
237,223,Personal,440805.86,6.14,2024-01-07,2034-01-04,Approved
238,224,Business,351382.24,3.8,2022-06-11,2023-06-11,Closed
239,225,Business,382419.08,3.73,2021-10-17,2028-10-15,Closed
240,225,Business,442936.07,5.09,2020-09-05,2026-09-04,Closed
241,227,Auto,270155.57,9.46,2020-07-16,2025-07-15,Rejected
242,230,Auto,457042.86,10.52,2023-07-15,2027-07-14,Ongoing
243,231,Mortgage,430295.71,3.59,2025-01-14,2034-01-12,Rejected
244,233,Business,268606.21,5.84,2021-10-21,2024-10-20,Ongoing
245,234,Personal,171214.31,7.33,2023-09-16,2032-09-13,Closed
246,237,Auto,18903.88,10.12,2023-01-18,2028-01-17,Closed
247,238,Mortgage,383943.92,5.31,2025-03-23,2030-03-22,Ongoing
248,238,Business,431691.34,7.39,2024-04-16,2026-04-16,Closed
249,241,Mortgage,485517.81,9.98,2021-05-11,2024-05-10,Approved
250,242,Mortgage,250476.61,4.43,2022-08-13,2032-08-10,Ongoing
251,243,Auto,25821.6,9.86,2023-04-02,2029-03-31,Ongoing
252,245,Personal,7635.95,13.09,2024-06-03,2031-06-02,Closed
253,245,Personal,89372.95,10.55,2023-11-29,2024-11-28,Closed
254,246,Personal,287144.05,11.57,2022-05-16,2025-05-15,Rejected
255,246,Auto,99148.01,10.94,2020-06-29,2027-06-28,Rejected
256,248,Auto,276442.49,4.88,2023-03-23,2027-03-22,Approved
257,248,Business,234253.56,3.02,2020-11-30,2023-11-30,Rejected
258,249,Auto,312558.78,9.59,2021-12-30,2025-12-29,Closed
259,249,Auto,139579.98,5.11,2025-02-06,2031-02-05,Closed
260,250,Auto,340949.18,3.73,2023-12-05,2029-12-03,Closed
261,251,Auto,409320.53,12.42,2024-11-29,2028-11-28,Ongoing
262,252,Business,7116.16,7.61,2022-08-04,2026-08-03,Closed
263,254,Business,413621.19,5.73,2021-08-31,2024-08-30,Ongoing
264,255,Personal,217195.91,9.22,2024-09-10,2027-09-10,Ongoing
265,255,Business,202991.64,4.09,2020-10-23,2024-10-22,Rejected
266,256,Mortgage,458371.76,10.33,2020-09-15,2028-09-13,Approved
267,256,Mortgage,402077.32,8.79,2021-01-03,2030-01-01,Approved
268,257,Business,120600.9,7.16,2023-10-04,2027-10-03,Closed
269,257,Personal,475153.6,6.26,2022-04-18,2026-04-17,Ongoing
270,259,Auto,486880.97,5.84,2022-09-22,2028-09-20,Rejected
271,260,Personal,298616.5,14.26,2022-10-02,2028-09-30,Rejected
272,260,Business,286787.85,5.17,2022-08-22,2030-08-20,Rejected
273,263,Business,96793.41,14.49,2025-05-06,2034-05-04,Approved
274,264,Auto,184524.29,5.98,2023-03-01,2033-02-26,Rejected
275,265,Auto,265875.46,5.47,2023-10-24,2025-10-23,Approved
276,265,Auto,85806.68,5.11,2021-04-21,2022-04-21,Ongoing
277,266,Auto,458634.14,11.82,2024-04-14,2025-04-14,Rejected
278,266,Personal,62531.4,14.59,2022-01-22,2023-01-22,Approved
279,267,Personal,219974.09,12.87,2025-03-29,2033-03-27,Ongoing
280,268,Business,21352.72,5.14,2021-08-03,2025-08-02,Ongoing
281,269,Mortgage,276163.3,10.84,2025-01-18,2034-01-16,Ongoing
282,269,Personal,59856.49,6.33,2022-07-11,2026-07-10,Rejected
283,270,Business,381033.13,13.71,2023-07-07,2027-07-06,Closed
284,271,Auto,314025.09,13.3,2021-04-17,2025-04-16,Rejected
285,271,Mortgage,58393.64,14.43,2023-04-06,2031-04-04,Rejected
286,272,Mortgage,303500.74,9.39,2022-09-10,2032-09-07,Approved
287,272,Personal,325263.27,7.65,2021-07-03,2027-07-02,Rejected
288,274,Business,113849.77,5.13,2025-02-24,2032-02-23,Approved
289,275,Auto,98769.96,5.14,2021-06-12,2029-06-10,Ongoing
290,275,Personal,309072.99,13.26,2023-09-02,2029-08-31,Rejected
291,277,Mortgage,187123.64,8.21,2020-12-12,2030-12-10,Approved
292,279,Mortgage,87729.32,13.05,2023-10-16,2030-10-14,Rejected
293,279,Auto,314772.03,8.06,2024-02-01,2031-01-30,Rejected
294,280,Business,409142.84,13.51,2021-10-27,2031-10-25,Ongoing
295,280,Business,195612.28,13.99,2023-04-12,2028-04-10,Closed
296,281,Mortgage,253479.88,14.91,2025-01-18,2028-01-18,Ongoing
297,282,Auto,364483.35,12.75,2023-02-04,2029-02-02,Ongoing
298,284,Personal,40014.42,12.63,2025-03-11,2030-03-10,Closed
299,284,Auto,205539.05,9.89,2025-05-28,2032-05-26,Ongoing
300,285,Auto,407448.32,5.94,2024-01-28,2033-01-25,Closed
301,285,Personal,21904.31,10.04,2025-02-24,2034-02-22,Ongoing
302,286,Mortgage,48824.01,14.54,2022-02-24,2028-02-23,Rejected
303,287,Mortgage,408106.56,12.97,2022-05-21,2023-05-21,Closed
304,287,Auto,477736.67,6.41,2021-05-28,2024-05-27,Rejected
305,291,Personal,75315.23,7.39,2021-09-24,2025-09-23,Approved
306,292,Personal,456719.15,13.32,2025-01-23,2033-01-21,Closed
307,292,Auto,371233.46,9.33,2024-04-17,2026-04-17,Closed
308,293,Auto,267146.42,13.42,2021-02-21,2026-02-20,Rejected
309,293,Mortgage,176504.97,13.13,2021-06-16,2022-06-16,Approved
310,296,Business,369749.46,7.9,2021-05-10,2025-05-09,Ongoing
311,298,Mortgage,21770.03,9.39,2022-05-13,2032-05-10,Closed
312,299,Personal,92921.11,8.26,2023-06-09,2033-06-06,Rejected
313,301,Personal,433451.3,4.02,2021-02-19,2030-02-17,Closed
314,303,Mortgage,51173.61,11.07,2020-12-07,2030-12-05,Closed
315,304,Mortgage,108873.94,3.34,2021-12-14,2023-12-14,Rejected
316,304,Auto,362051.92,14.76,2020-09-19,2023-09-19,Closed
317,307,Auto,19046.86,6.46,2025-02-04,2027-02-04,Closed
318,308,Personal,213643.63,4.8,2021-05-19,2025-05-18,Approved
319,313,Personal,412271.39,11.91,2021-09-25,2024-09-24,Closed
320,313,Auto,342922.83,3.78,2020-10-18,2027-10-17,Rejected
321,314,Auto,398021.95,5.29,2024-11-30,2031-11-29,Rejected
322,314,Mortgage,364633.33,14.16,2020-09-24,2023-09-24,Ongoing
323,315,Auto,353519.26,6.54,2023-01-21,2024-01-21,Closed
324,318,Personal,200063.11,14.75,2021-05-13,2026-05-12,Approved
325,318,Personal,172877.55,10.86,2025-04-21,2030-04-20,Ongoing
326,320,Auto,452552.67,7.91,2023-08-19,2030-08-17,Approved
327,320,Business,399403.19,9.64,2020-07-21,2029-07-19,Ongoing
328,324,Business,361731.66,11.7,2023-07-20,2032-07-17,Ongoing
329,326,Personal,271758.42,14.75,2021-11-16,2028-11-14,Approved
330,326,Auto,233193.0,8.33,2021-11-14,2030-11-12,Closed
331,327,Auto,381470.04,13.47,2020-10-21,2021-10-21,Ongoing
332,328,Mortgage,352907.61,10.07,2022-12-04,2029-12-02,Ongoing
333,331,Personal,391501.11,13.28,2024-05-15,2032-05-13,Approved
334,332,Personal,332563.76,10.74,2024-04-28,2026-04-28,Ongoing
335,334,Auto,109282.65,10.39,2021-01-19,2031-01-17,Ongoing
336,337,Personal,279429.08,7.93,2021-02-23,2024-02-23,Ongoing
337,337,Business,29367.77,6.04,2023-08-03,2029-08-01,Ongoing
338,338,Business,173652.61,9.85,2021-03-19,2028-03-17,Approved
339,338,Mortgage,405662.36,7.29,2020-08-29,2028-08-27,Rejected
340,339,Personal,457476.31,9.6,2024-11-11,2034-11-09,Closed
341,339,Mortgage,406302.68,3.21,2021-10-05,2025-10-04,Approved
342,345,Auto,426252.84,6.2,2024-04-26,2029-04-25,Closed
343,346,Business,1555.01,4.36,2022-07-28,2027-07-27,Approved
344,347,Mortgage,39571.26,3.34,2022-02-10,2031-02-08,Approved
345,347,Auto,303628.66,4.97,2024-04-14,2028-04-13,Approved
346,348,Business,277575.89,11.18,2020-08-11,2021-08-11,Closed
347,349,Mortgage,467899.86,4.31,2020-12-13,2027-12-12,Closed
348,350,Personal,61186.8,8.95,2023-10-27,2025-10-26,Closed
349,351,Mortgage,79748.45,10.47,2024-02-01,2033-01-29,Closed
350,352,Auto,478161.33,5.17,2024-07-24,2032-07-22,Closed
351,352,Auto,158504.23,6.37,2024-05-03,2026-05-03,Rejected
352,353,Auto,212058.68,14.9,2022-04-18,2027-04-17,Rejected
353,353,Mortgage,290566.96,9.06,2020-08-09,2029-08-07,Rejected
354,356,Auto,481844.95,10.98,2024-01-11,2028-01-10,Ongoing
355,356,Mortgage,391712.88,13.27,2024-01-27,2025-01-26,Closed
356,358,Business,281554.26,5.15,2024-01-31,2031-01-29,Closed
357,358,Personal,146832.75,3.74,2021-08-23,2023-08-23,Rejected
358,359,Business,219716.94,4.12,2022-12-20,2023-12-20,Closed
359,360,Mortgage,244879.71,5.46,2022-07-04,2025-07-03,Closed
360,360,Mortgage,288682.57,11.72,2021-01-21,2023-01-21,Approved
361,361,Mortgage,24323.86,4.61,2024-09-11,2030-09-10,Approved
362,361,Mortgage,376572.36,14.08,2020-08-22,2027-08-21,Rejected
363,362,Auto,24316.07,10.88,2020-08-14,2030-08-12,Closed
364,362,Personal,270364.13,7.32,2021-09-29,2030-09-27,Approved
365,363,Auto,134009.58,11.66,2021-05-23,2022-05-23,Approved
366,364,Mortgage,328810.13,6.07,2021-04-28,2023-04-28,Approved
367,364,Personal,28955.43,11.26,2024-01-28,2030-01-26,Closed
368,365,Business,45950.96,12.12,2024-07-13,2034-07-11,Ongoing
369,365,Personal,70108.83,7.57,2024-01-14,2032-01-12,Approved
370,366,Mortgage,178146.19,10.41,2023-03-30,2033-03-27,Closed
371,366,Personal,167609.98,5.38,2024-07-31,2027-07-31,Rejected
372,367,Personal,43545.65,12.04,2023-03-18,2026-03-17,Approved
373,367,Personal,268719.39,12.52,2022-02-22,2027-02-21,Closed
374,368,Personal,314569.3,14.15,2021-05-20,2026-05-19,Rejected
375,368,Auto,360630.3,12.18,2024-04-05,2026-04-05,Closed
376,369,Business,376730.62,3.63,2025-04-29,2026-04-29,Approved
377,370,Personal,17102.81,8.72,2021-09-07,2030-09-05,Closed
378,370,Business,269398.28,4.77,2021-03-05,2025-03-04,Approved
379,371,Personal,228653.96,11.56,2025-04-30,2028-04-29,Approved
380,371,Auto,72237.69,9.34,2024-08-19,2032-08-17,Approved
381,374,Auto,187334.04,11.31,2021-10-11,2030-10-09,Ongoing
382,376,Auto,113359.19,12.96,2021-04-10,2024-04-09,Approved
383,380,Auto,173379.38,7.23,2022-01-08,2027-01-07,Ongoing
384,380,Auto,193340.43,12.46,2024-01-15,2026-01-14,Closed
385,381,Auto,86125.52,10.43,2024-08-13,2032-08-11,Rejected
386,381,Auto,80207.01,6.54,2022-10-06,2032-10-03,Rejected
387,382,Personal,462202.84,3.67,2023-06-26,2029-06-24,Closed
388,383,Business,421989.11,8.33,2024-11-30,2025-11-30,Rejected
389,383,Mortgage,272126.48,6.95,2024-09-11,2029-09-10,Ongoing
390,384,Business,483115.25,11.16,2020-10-27,2025-10-26,Closed
391,385,Business,182481.94,5.34,2022-03-21,2031-03-19,Closed
392,385,Mortgage,162586.2,12.22,2022-08-08,2023-08-08,Ongoing
393,386,Mortgage,108907.61,12.97,2024-03-05,2025-03-05,Rejected
394,387,Business,85135.54,7.18,2022-06-29,2024-06-28,Approved
395,387,Business,151929.0,12.15,2021-09-12,2022-09-12,Rejected
396,388,Auto,129454.33,6.63,2020-08-08,2024-08-07,Rejected
397,388,Business,145391.49,7.67,2021-07-24,2026-07-23,Closed
398,389,Personal,316927.94,4.85,2024-07-14,2028-07-13,Rejected
399,390,Business,169347.12,9.66,2023-09-21,2025-09-20,Approved
400,392,Business,407941.67,11.04,2021-11-02,2028-10-31,Approved
401,392,Auto,299069.83,9.33,2024-03-03,2025-03-03,Closed
402,394,Mortgage,415375.0,6.68,2020-08-25,2024-08-24,Approved
403,396,Mortgage,18870.58,4.23,2024-11-16,2034-11-14,Rejected
404,399,Auto,261050.92,10.63,2021-05-18,2028-05-16,Closed
405,399,Mortgage,319285.66,5.26,2024-05-23,2028-05-22,Rejected
406,400,Personal,266067.7,12.43,2023-08-24,2028-08-22,Ongoing
407,402,Auto,324777.61,9.03,2020-08-03,2025-08-02,Ongoing
408,402,Auto,312536.31,7.48,2025-04-27,2033-04-25,Approved
409,403,Auto,11399.08,3.79,2022-03-23,2026-03-22,Rejected
410,404,Mortgage,371548.85,13.08,2020-08-12,2026-08-11,Approved
411,405,Personal,157336.56,13.74,2021-12-11,2022-12-11,Approved
412,405,Auto,397741.14,13.32,2020-12-22,2023-12-22,Ongoing
413,406,Mortgage,334875.85,6.23,2025-06-01,2034-05-30,Ongoing
414,407,Personal,27903.56,7.81,2020-07-12,2029-07-10,Approved
415,407,Mortgage,34596.66,8.41,2021-07-30,2031-07-28,Ongoing
416,408,Mortgage,37083.66,3.74,2021-05-02,2023-05-02,Closed
417,408,Auto,172180.6,3.17,2023-10-06,2026-10-05,Rejected
418,410,Mortgage,314532.94,9.01,2021-12-08,2026-12-07,Rejected
419,411,Personal,241833.79,6.13,2021-05-21,2024-05-20,Closed
420,411,Auto,142511.2,9.62,2021-02-23,2024-02-23,Closed
421,412,Personal,9580.35,7.26,2024-10-28,2027-10-28,Approved
422,413,Auto,461315.98,10.33,2020-07-13,2025-07-12,Ongoing
423,413,Auto,336688.39,8.56,2020-12-18,2023-12-18,Closed
424,414,Mortgage,346791.4,12.09,2020-10-10,2024-10-09,Approved
425,414,Mortgage,219793.26,12.4,2021-09-25,2024-09-24,Closed
426,415,Mortgage,155947.85,7.14,2024-07-30,2032-07-28,Rejected
427,416,Mortgage,448589.43,3.97,2021-08-31,2025-08-30,Ongoing
428,417,Auto,240546.73,4.84,2025-04-18,2032-04-16,Rejected
429,418,Mortgage,396584.79,8.29,2023-09-15,2032-09-12,Rejected
430,418,Personal,224975.76,6.26,2022-12-05,2032-12-02,Closed
431,419,Auto,405394.0,8.81,2025-02-24,2029-02-23,Rejected
432,421,Business,199184.76,3.75,2024-01-09,2031-01-07,Closed
433,421,Auto,315525.11,8.27,2022-08-25,2030-08-23,Rejected
434,422,Auto,463655.88,6.95,2022-11-12,2025-11-11,Ongoing
435,422,Mortgage,237162.26,12.43,2022-04-02,2026-04-01,Ongoing
436,424,Auto,352285.21,10.68,2023-09-12,2030-09-10,Rejected
437,425,Personal,100868.42,3.64,2024-07-16,2029-07-15,Closed
438,425,Personal,26246.32,10.98,2024-01-02,2033-12-30,Ongoing
439,428,Auto,149584.15,13.16,2022-10-25,2028-10-23,Rejected
440,429,Business,210321.92,4.74,2021-12-29,2031-12-27,Rejected
441,430,Personal,344254.56,3.92,2023-05-22,2025-05-21,Closed
442,431,Business,314203.51,3.09,2022-05-12,2028-05-10,Closed
443,431,Business,98499.64,13.35,2024-03-06,2026-03-06,Rejected
444,432,Mortgage,381050.74,11.08,2020-09-14,2022-09-14,Closed
445,432,Business,485400.42,11.8,2024-04-10,2029-04-09,Approved
446,433,Auto,187858.62,6.97,2022-12-30,2030-12-28,Closed
447,433,Business,100449.71,5.02,2024-11-29,2026-11-29,Ongoing
448,438,Mortgage,337491.85,13.02,2025-02-15,2032-02-14,Rejected
449,438,Business,248510.33,7.93,2021-06-25,2031-06-23,Rejected
450,441,Personal,477959.33,10.76,2020-12-08,2026-12-07,Closed
451,443,Business,468591.64,8.45,2021-06-24,2031-06-22,Ongoing
452,444,Auto,380700.85,5.31,2024-03-09,2030-03-08,Rejected
453,445,Business,143754.74,10.03,2022-04-30,2028-04-28,Rejected
454,445,Personal,126985.54,6.67,2023-03-06,2027-03-05,Rejected
455,454,Business,323950.56,4.0,2020-06-23,2028-06-21,Ongoing
456,454,Auto,481772.7,11.8,2020-08-29,2028-08-27,Rejected
457,455,Business,325890.13,7.22,2020-09-17,2021-09-17,Approved
458,456,Personal,256410.61,11.02,2021-11-08,2022-11-08,Closed
459,456,Personal,167278.58,4.31,2023-03-21,2029-03-19,Closed
460,457,Mortgage,241676.22,14.93,2021-04-21,2023-04-21,Closed
461,458,Business,54803.98,13.53,2023-12-29,2029-12-27,Rejected
462,459,Auto,466401.51,5.53,2022-05-02,2023-05-02,Ongoing
463,460,Auto,141761.22,12.03,2022-12-25,2024-12-24,Ongoing
464,460,Mortgage,172206.59,11.77,2023-05-20,2029-05-18,Rejected
465,461,Personal,294977.65,6.54,2021-04-05,2028-04-03,Ongoing
466,465,Auto,459215.32,9.8,2023-07-19,2033-07-16,Rejected
467,466,Mortgage,255220.3,8.44,2022-08-13,2031-08-11,Closed
468,466,Auto,273140.78,9.77,2023-05-18,2031-05-16,Approved
469,468,Business,149863.09,8.59,2023-08-11,2026-08-10,Closed
470,468,Auto,214518.59,10.54,2022-10-30,2027-10-29,Ongoing
471,470,Personal,417754.86,11.17,2020-11-19,2021-11-19,Closed
472,470,Personal,151453.87,8.11,2020-12-07,2027-12-06,Closed
473,473,Personal,67904.73,5.8,2020-11-03,2027-11-02,Closed
474,473,Mortgage,279816.3,11.2,2025-06-15,2035-06-13,Closed
475,474,Auto,16151.33,8.69,2025-04-06,2027-04-06,Approved
476,474,Business,184032.22,11.99,2021-01-30,2031-01-28,Ongoing
477,475,Personal,419968.45,5.74,2024-03-28,2029-03-27,Ongoing
478,475,Personal,2440.05,9.24,2023-11-14,2033-11-11,Approved
479,476,Auto,367055.31,3.13,2024-09-25,2026-09-25,Rejected
480,477,Business,38885.45,7.51,2023-03-08,2024-03-07,Approved
481,479,Auto,9964.12,12.32,2023-12-26,2031-12-24,Approved
482,479,Personal,462940.34,8.29,2024-07-14,2026-07-14,Ongoing
483,480,Mortgage,445342.08,13.86,2023-03-31,2026-03-30,Rejected
484,480,Mortgage,216224.41,4.19,2023-01-03,2025-01-02,Ongoing
485,481,Mortgage,144862.36,3.83,2020-08-18,2029-08-16,Ongoing
486,481,Auto,12003.11,12.72,2021-10-22,2025-10-21,Closed
487,482,Mortgage,128120.89,8.59,2024-12-29,2033-12-27,Approved
488,482,Personal,270219.19,9.2,2023-10-01,2025-09-30,Rejected
489,484,Auto,366121.66,14.57,2024-07-23,2025-07-23,Closed
490,484,Auto,32247.7,6.07,2024-06-15,2026-06-15,Closed
491,486,Mortgage,210038.41,10.35,2023-12-28,2027-12-27,Rejected
492,486,Auto,162533.96,13.08,2024-08-06,2027-08-06,Closed
493,487,Business,71539.2,8.8,2021-08-21,2028-08-19,Closed
494,489,Mortgage,431753.69,7.79,2024-07-31,2026-07-31,Rejected
495,490,Auto,283908.04,10.52,2021-01-09,2026-01-08,Rejected
496,490,Business,25092.17,4.34,2021-12-13,2029-12-11,Approved
497,491,Personal,219319.38,8.19,2022-02-15,2025-02-14,Rejected
498,498,Personal,230905.63,8.73,2023-03-06,2031-03-04,Closed
499,498,Personal,476248.08,13.37,2023-07-23,2025-07-22,Closed
500,502,Business,404470.12,7.45,2025-01-16,2032-01-15,Rejected
501,504,Mortgage,12425.14,6.03,2022-02-18,2031-02-16,Approved
502,505,Mortgage,135709.2,14.43,2021-07-29,2027-07-28,Closed
503,506,Business,357758.44,7.18,2025-02-09,2029-02-08,Ongoing
504,506,Mortgage,421646.86,6.2,2021-11-12,2028-11-10,Approved
505,510,Personal,72923.33,10.56,2023-07-28,2026-07-27,Rejected
506,513,Business,278690.84,3.68,2021-11-09,2024-11-08,Closed
507,513,Mortgage,459371.54,11.78,2024-08-18,2032-08-16,Ongoing
508,514,Auto,132152.45,9.78,2021-03-07,2029-03-05,Rejected
509,514,Mortgage,336956.85,10.82,2022-02-27,2032-02-25,Closed
510,515,Mortgage,243153.52,11.29,2021-03-03,2026-03-02,Closed
511,515,Business,221937.88,8.05,2025-01-15,2035-01-13,Approved
512,516,Personal,390686.79,4.37,2024-04-28,2034-04-26,Approved
513,518,Mortgage,471825.5,5.91,2024-02-26,2034-02-23,Approved
514,519,Business,420621.36,14.69,2020-11-13,2023-11-13,Rejected
515,519,Mortgage,491219.32,4.41,2021-07-22,2026-07-21,Rejected
516,520,Business,214613.32,9.76,2024-09-08,2027-09-08,Closed
517,523,Business,295088.49,13.41,2021-07-26,2030-07-24,Ongoing
518,523,Auto,284939.91,4.67,2025-03-03,2033-03-01,Rejected
519,526,Mortgage,28581.8,10.22,2025-05-25,2032-05-23,Rejected
520,527,Auto,102125.86,3.57,2021-10-31,2029-10-29,Closed
521,527,Auto,93100.34,7.92,2021-04-11,2022-04-11,Approved
522,530,Personal,24859.1,12.63,2022-08-27,2031-08-25,Ongoing
523,531,Business,208736.19,6.55,2021-10-14,2022-10-14,Closed
524,534,Mortgage,285589.64,13.86,2024-07-10,2031-07-09,Closed
525,535,Mortgage,26599.34,8.1,2021-10-12,2024-10-11,Ongoing
526,535,Business,169960.66,5.34,2024-10-26,2028-10-25,Approved
527,536,Personal,491747.06,5.78,2023-05-24,2024-05-23,Approved
528,536,Business,193788.36,14.18,2024-02-24,2030-02-22,Rejected
529,537,Mortgage,120709.69,7.42,2023-12-16,2033-12-13,Closed
530,537,Personal,162910.17,5.35,2023-03-21,2028-03-19,Rejected
531,539,Auto,290042.9,12.63,2022-11-07,2030-11-05,Rejected
532,540,Personal,456876.05,14.45,2023-04-15,2032-04-12,Rejected
533,541,Personal,284627.26,5.07,2022-05-29,2026-05-28,Ongoing
534,541,Personal,84570.13,10.17,2023-10-03,2025-10-02,Rejected
535,542,Mortgage,240848.86,14.51,2021-10-29,2026-10-28,Closed
536,544,Personal,154435.77,11.26,2020-10-04,2025-10-03,Ongoing
537,545,Auto,192871.03,4.16,2021-02-20,2023-02-20,Closed
538,547,Auto,240620.14,8.24,2020-12-31,2024-12-30,Ongoing
539,547,Auto,242717.77,10.86,2024-10-17,2026-10-17,Ongoing
540,548,Personal,215306.11,10.54,2022-04-10,2030-04-08,Ongoing
541,550,Mortgage,351787.56,12.03,2025-06-08,2032-06-06,Approved
542,552,Personal,386969.36,6.91,2023-11-20,2029-11-18,Closed
543,554,Personal,339468.79,8.42,2022-10-18,2026-10-17,Closed
544,554,Personal,344553.7,5.52,2021-04-05,2026-04-04,Closed
545,555,Personal,430090.22,6.66,2020-11-19,2025-11-18,Approved
546,555,Mortgage,486939.4,4.8,2022-06-17,2032-06-14,Ongoing
547,558,Mortgage,89833.48,14.89,2023-10-12,2027-10-11,Rejected
548,560,Business,218707.05,7.17,2021-03-10,2029-03-08,Closed
549,560,Auto,33567.91,9.17,2023-08-18,2029-08-16,Rejected
550,561,Business,313383.95,10.73,2025-02-10,2029-02-09,Approved
551,561,Personal,148800.71,13.06,2024-01-07,2029-01-05,Closed
552,564,Business,207675.21,9.99,2021-12-08,2024-12-07,Approved
553,564,Mortgage,249648.2,9.49,2024-01-19,2026-01-18,Approved
554,565,Mortgage,121275.23,5.76,2022-03-18,2031-03-16,Ongoing
555,565,Personal,125215.31,10.37,2023-08-29,2028-08-27,Ongoing
556,566,Auto,256046.91,13.05,2022-02-16,2023-02-16,Approved
557,567,Personal,274853.54,13.76,2020-09-29,2025-09-28,Rejected
558,567,Mortgage,206652.82,11.91,2024-12-16,2027-12-16,Closed
559,568,Auto,238318.03,3.38,2020-07-30,2021-07-30,Closed
560,568,Mortgage,59999.88,5.33,2021-06-20,2029-06-18,Ongoing
561,569,Auto,445218.05,11.5,2021-05-14,2025-05-13,Approved
562,569,Auto,131862.79,4.88,2023-06-01,2031-05-30,Approved
563,570,Business,269161.67,12.22,2023-08-28,2024-08-27,Closed
564,571,Business,86043.08,5.44,2024-06-01,2026-06-01,Approved
565,571,Auto,148883.77,6.02,2020-08-05,2027-08-04,Closed
566,572,Personal,66129.09,8.37,2021-10-21,2026-10-20,Closed
567,572,Auto,74234.21,6.37,2021-07-14,2028-07-12,Approved
568,573,Business,216008.08,10.54,2024-09-12,2033-09-10,Rejected
569,574,Personal,284129.17,7.51,2020-06-25,2022-06-25,Rejected
570,575,Business,215756.12,13.12,2025-06-22,2034-06-20,Rejected
571,575,Auto,387165.96,5.73,2021-12-24,2022-12-24,Closed
572,576,Mortgage,301354.61,13.84,2024-11-13,2034-11-11,Ongoing
573,576,Auto,61461.11,4.3,2021-05-15,2029-05-13,Rejected
574,577,Business,231416.81,10.24,2023-06-04,2029-06-02,Closed
575,577,Mortgage,310687.09,8.14,2022-02-20,2026-02-19,Closed
576,578,Auto,402642.03,8.86,2021-01-19,2029-01-17,Rejected
577,578,Mortgage,66368.6,13.82,2024-06-12,2032-06-10,Closed
578,582,Business,483987.95,13.03,2020-06-27,2029-06-25,Ongoing
579,583,Personal,263646.71,11.55,2022-09-09,2032-09-06,Closed
580,585,Auto,434435.46,6.09,2024-06-21,2028-06-20,Rejected
581,585,Personal,215521.52,3.71,2024-05-09,2028-05-08,Ongoing
582,588,Auto,303117.31,11.54,2025-02-17,2028-02-17,Closed
583,591,Mortgage,175197.26,8.83,2023-08-09,2031-08-07,Ongoing
584,592,Auto,309105.77,14.98,2023-01-02,2028-01-01,Closed
585,592,Personal,169726.97,9.92,2023-04-04,2032-04-01,Approved
586,594,Mortgage,359084.09,8.0,2023-08-29,2027-08-28,Approved
587,596,Auto,249491.04,9.13,2023-08-29,2027-08-28,Closed
588,598,Auto,64893.18,12.66,2021-11-12,2029-11-10,Closed
589,599,Mortgage,45938.24,9.34,2023-01-07,2029-01-05,Ongoing
590,600,Auto,482492.17,6.77,2025-06-21,2033-06-19,Ongoing
591,600,Mortgage,454163.03,4.42,2023-10-15,2029-10-13,Ongoing
592,602,Personal,127366.07,10.13,2025-03-04,2034-03-02,Ongoing
593,602,Auto,212467.38,5.79,2021-07-24,2023-07-24,Closed
594,606,Mortgage,471420.34,5.89,2023-06-22,2029-06-20,Ongoing
595,606,Business,261455.57,13.58,2020-11-17,2025-11-16,Closed
596,608,Mortgage,117577.45,11.77,2024-07-19,2033-07-17,Rejected
597,608,Business,110799.12,7.85,2023-07-05,2033-07-02,Rejected
598,610,Personal,456923.28,4.5,2023-04-05,2024-04-04,Rejected
599,610,Personal,159493.86,3.93,2020-07-24,2022-07-24,Rejected
600,613,Business,172340.08,6.43,2022-10-16,2023-10-16,Ongoing
601,613,Business,57998.35,7.32,2021-01-14,2028-01-13,Ongoing
602,614,Business,158500.56,9.97,2023-02-08,2025-02-07,Closed
603,614,Mortgage,462292.34,6.89,2020-08-27,2023-08-27,Closed
604,615,Mortgage,86927.44,5.4,2024-03-23,2025-03-23,Closed
605,616,Personal,178066.09,6.49,2022-09-06,2026-09-05,Rejected
606,616,Business,15794.72,9.23,2020-09-07,2026-09-06,Rejected
607,618,Auto,362557.26,7.9,2021-06-08,2030-06-06,Rejected
608,618,Personal,231851.51,6.33,2022-03-07,2024-03-06,Approved
609,619,Personal,48656.4,14.42,2021-04-24,2026-04-23,Ongoing
610,620,Personal,428429.8,14.21,2024-04-17,2033-04-15,Closed
611,620,Auto,143526.59,9.56,2023-01-01,2024-12-31,Closed
612,623,Auto,312785.88,10.17,2022-12-15,2030-12-13,Ongoing
613,624,Business,242575.53,11.47,2025-01-15,2027-01-15,Approved
614,625,Personal,136472.87,4.53,2022-09-15,2032-09-12,Approved
615,626,Business,191779.37,9.69,2023-08-19,2024-08-18,Ongoing
616,627,Auto,270993.56,6.82,2020-09-17,2030-09-15,Approved
617,628,Mortgage,160069.87,8.85,2021-06-23,2029-06-21,Ongoing
618,628,Business,148767.77,3.35,2022-05-09,2024-05-08,Approved
619,629,Auto,110406.21,3.2,2023-11-21,2024-11-20,Ongoing
620,630,Personal,171004.12,3.06,2022-11-23,2023-11-23,Closed
621,630,Auto,5410.8,9.63,2022-02-02,2023-02-02,Rejected
622,631,Personal,299709.49,13.27,2024-09-15,2034-09-13,Closed
623,632,Mortgage,104063.98,3.44,2023-07-14,2025-07-13,Closed
624,633,Business,437882.96,9.92,2024-12-04,2030-12-03,Approved
625,633,Auto,159249.71,10.56,2021-08-17,2023-08-17,Rejected
626,634,Mortgage,300978.77,3.27,2022-01-11,2025-01-10,Closed
627,635,Personal,147100.63,7.78,2022-09-26,2029-09-24,Ongoing
628,638,Auto,224847.28,12.32,2021-05-24,2026-05-23,Closed
629,638,Auto,81592.94,12.5,2020-11-03,2027-11-02,Ongoing
630,639,Mortgage,414873.48,5.71,2023-03-22,2031-03-20,Approved
631,639,Business,455975.81,12.44,2024-05-17,2031-05-16,Rejected
632,640,Business,105187.44,13.06,2023-07-31,2025-07-30,Closed
633,641,Auto,259462.18,5.4,2023-07-05,2025-07-04,Closed
634,644,Mortgage,12405.16,13.59,2024-12-05,2031-12-04,Rejected
635,645,Personal,373248.16,14.49,2024-08-10,2026-08-10,Closed
636,645,Business,52464.61,7.46,2020-12-09,2027-12-08,Closed
637,646,Personal,137948.48,3.11,2020-07-06,2028-07-04,Approved
638,647,Auto,106009.05,3.34,2024-11-11,2029-11-10,Approved
639,648,Auto,149069.88,4.34,2024-07-01,2027-07-01,Rejected
640,648,Mortgage,88189.08,8.3,2021-09-29,2022-09-29,Rejected
641,649,Mortgage,136466.61,4.19,2021-04-03,2028-04-01,Ongoing
642,650,Auto,443852.67,8.22,2021-11-28,2031-11-26,Closed
643,652,Personal,455174.97,8.41,2025-03-24,2026-03-24,Closed
644,655,Business,478049.56,10.8,2024-01-22,2027-01-21,Closed
645,655,Business,42802.66,11.76,2025-06-06,2029-06-05,Approved
646,656,Mortgage,55582.52,14.09,2021-05-11,2029-05-09,Approved
647,656,Auto,248992.69,5.48,2023-12-08,2024-12-07,Rejected
648,657,Mortgage,209976.18,4.03,2024-08-17,2026-08-17,Rejected
649,658,Auto,276355.69,3.87,2022-02-02,2028-02-01,Ongoing
650,658,Auto,38255.86,11.86,2024-02-14,2025-02-13,Rejected
651,659,Auto,183393.85,12.84,2024-10-19,2034-10-17,Rejected
652,659,Auto,296236.45,6.42,2024-06-23,2025-06-23,Rejected
653,660,Mortgage,164909.56,6.19,2022-03-06,2024-03-05,Approved
654,661,Mortgage,83608.99,12.43,2024-05-05,2032-05-03,Approved
655,661,Personal,449357.89,10.22,2021-11-18,2029-11-16,Approved
656,662,Business,177389.18,5.77,2023-09-10,2033-09-07,Closed
657,663,Auto,480264.25,9.11,2022-08-23,2031-08-21,Ongoing
658,663,Personal,339765.38,13.22,2023-08-01,2032-07-29,Closed
659,664,Auto,189564.15,11.45,2023-11-04,2031-11-02,Approved
660,665,Auto,177627.52,3.83,2025-06-20,2029-06-19,Approved
661,665,Mortgage,271438.43,12.85,2024-05-09,2034-05-07,Ongoing
662,666,Personal,409101.89,10.22,2024-06-19,2034-06-17,Rejected
663,667,Business,394443.01,14.54,2024-07-10,2029-07-09,Ongoing
664,668,Personal,487666.53,14.51,2023-01-12,2027-01-11,Approved
665,668,Personal,198189.76,14.63,2024-05-31,2030-05-30,Ongoing
666,671,Business,91179.36,13.45,2021-01-25,2027-01-24,Approved
667,671,Business,3450.52,6.46,2023-08-15,2033-08-12,Rejected
668,672,Personal,460055.12,8.56,2022-01-21,2028-01-20,Rejected
669,673,Mortgage,205922.55,7.06,2023-10-02,2025-10-01,Closed
670,673,Personal,289329.29,5.43,2020-12-21,2029-12-19,Rejected
671,674,Business,335604.84,10.67,2024-06-07,2033-06-05,Ongoing
672,675,Personal,24560.34,13.95,2022-09-02,2023-09-02,Ongoing
673,677,Business,262551.83,9.15,2021-06-18,2022-06-18,Rejected
674,678,Business,455400.14,4.63,2024-10-21,2028-10-20,Rejected
675,680,Personal,499606.03,13.02,2023-10-23,2027-10-22,Closed
676,680,Auto,400556.61,8.01,2020-12-01,2029-11-29,Closed
677,682,Auto,267952.39,14.92,2024-02-28,2033-02-25,Rejected
678,684,Mortgage,42150.76,11.9,2020-08-09,2027-08-08,Ongoing
679,685,Auto,209148.88,5.99,2021-01-22,2022-01-22,Rejected
680,685,Business,326972.5,11.4,2023-08-25,2024-08-24,Closed
681,686,Mortgage,344485.51,12.39,2020-09-01,2023-09-01,Rejected
682,687,Personal,385069.93,3.09,2023-12-28,2033-12-25,Approved
683,687,Personal,4810.27,13.28,2022-10-17,2024-10-16,Closed
684,688,Auto,394841.88,13.41,2023-05-08,2033-05-05,Approved
685,688,Mortgage,15908.11,10.97,2024-07-22,2033-07-20,Approved
686,690,Personal,224672.5,14.08,2022-02-24,2029-02-22,Rejected
687,691,Auto,36970.34,4.5,2023-11-19,2030-11-17,Closed
688,691,Mortgage,255298.73,12.36,2024-10-01,2026-10-01,Closed
689,693,Business,67467.37,11.14,2020-10-03,2022-10-03,Approved
690,694,Business,189348.23,6.66,2022-02-06,2026-02-05,Ongoing
691,694,Business,122898.69,14.43,2023-11-30,2029-11-28,Approved
692,698,Personal,176513.51,5.0,2021-08-16,2023-08-16,Closed
693,699,Mortgage,24619.47,5.52,2021-10-02,2031-09-30,Closed
694,699,Business,335449.12,4.61,2021-02-12,2027-02-11,Approved
695,700,Mortgage,186377.4,10.06,2021-03-15,2024-03-14,Approved
696,701,Personal,462558.22,7.91,2022-05-17,2029-05-15,Ongoing
697,702,Auto,495453.8,8.4,2022-03-06,2027-03-05,Ongoing
698,703,Business,300643.23,8.1,2022-10-03,2024-10-02,Ongoing
699,705,Mortgage,102798.89,14.0,2023-11-06,2032-11-03,Rejected
700,706,Business,471376.71,11.28,2020-08-26,2026-08-25,Approved
701,706,Personal,438545.13,5.79,2025-04-09,2027-04-09,Approved
702,707,Business,124601.35,6.85,2023-12-20,2032-12-17,Rejected
703,709,Mortgage,87128.58,13.36,2022-07-20,2029-07-18,Approved
704,711,Auto,402511.49,8.62,2025-03-19,2033-03-17,Rejected
705,711,Personal,338922.65,6.85,2021-05-28,2030-05-26,Ongoing
706,713,Personal,222194.35,10.28,2021-05-17,2028-05-15,Closed
707,715,Personal,38033.58,6.19,2024-08-09,2026-08-09,Closed
708,715,Business,353973.88,5.87,2024-12-28,2028-12-27,Approved
709,716,Mortgage,309200.02,13.24,2023-12-24,2031-12-22,Rejected
710,718,Personal,328173.24,4.26,2024-07-11,2033-07-09,Rejected
711,720,Auto,405440.41,11.01,2023-07-17,2027-07-16,Approved
712,722,Mortgage,90231.22,14.81,2020-11-29,2029-11-27,Ongoing
713,724,Auto,132663.04,14.66,2023-02-14,2028-02-13,Closed
714,724,Auto,112576.29,5.81,2021-01-11,2022-01-11,Rejected
715,725,Business,414842.56,8.11,2023-07-25,2028-07-23,Rejected
716,726,Personal,29097.43,11.43,2022-07-16,2027-07-15,Rejected
717,726,Mortgage,351277.56,6.54,2024-08-05,2033-08-03,Closed
718,727,Personal,440401.22,3.72,2021-06-16,2022-06-16,Ongoing
719,728,Auto,35574.95,9.82,2021-04-29,2028-04-27,Closed
720,729,Business,91403.91,13.47,2021-11-22,2022-11-22,Closed
721,729,Mortgage,344841.5,6.63,2024-10-07,2032-10-05,Ongoing
722,730,Mortgage,201674.5,13.36,2020-07-18,2030-07-16,Ongoing
723,731,Business,134946.63,4.08,2021-09-19,2028-09-17,Approved
724,732,Mortgage,80322.23,9.88,2023-11-03,2029-11-01,Rejected
725,732,Personal,227508.79,9.5,2020-09-23,2025-09-22,Approved
726,734,Mortgage,187317.11,11.84,2023-04-04,2033-04-01,Closed
727,736,Auto,215198.81,7.79,2022-10-02,2032-09-29,Approved
728,736,Business,235920.55,7.66,2025-06-19,2032-06-17,Approved
729,738,Mortgage,438369.88,11.9,2020-10-12,2022-10-12,Approved
730,738,Auto,283979.72,5.27,2022-05-19,2032-05-16,Closed
731,739,Personal,63686.97,6.01,2023-11-12,2029-11-10,Rejected
732,739,Personal,5323.02,4.11,2025-01-25,2026-01-25,Rejected
733,740,Personal,494987.58,11.51,2023-08-02,2024-08-01,Ongoing
734,741,Personal,237488.99,3.43,2024-08-12,2032-08-10,Closed
735,742,Auto,277268.73,12.78,2022-03-10,2032-03-07,Approved
736,745,Auto,62607.23,7.02,2023-09-26,2033-09-23,Closed
737,745,Mortgage,225640.17,5.14,2021-12-23,2025-12-22,Approved
738,746,Business,458273.16,6.78,2023-08-08,2024-08-07,Rejected
739,746,Auto,440042.42,13.73,2023-04-23,2026-04-22,Closed
740,747,Personal,34851.23,12.67,2021-02-27,2030-02-25,Rejected
741,748,Business,13774.61,5.45,2025-06-06,2032-06-04,Approved
742,749,Business,407335.55,11.81,2020-08-02,2026-08-01,Approved
743,749,Auto,335361.3,6.04,2023-01-13,2026-01-12,Rejected
744,751,Mortgage,440519.64,6.55,2023-12-03,2027-12-02,Closed
745,751,Mortgage,413753.1,14.49,2024-01-07,2026-01-06,Approved
746,753,Auto,416439.92,10.96,2024-09-29,2026-09-29,Rejected
747,754,Mortgage,69616.68,9.58,2024-01-12,2033-01-09,Approved
748,754,Auto,151110.41,6.63,2022-01-13,2026-01-12,Closed
749,757,Auto,436717.83,4.03,2025-02-16,2026-02-16,Rejected
750,757,Auto,180438.67,11.54,2023-09-23,2025-09-22,Rejected
751,758,Auto,196837.42,6.18,2023-04-11,2027-04-10,Rejected
752,758,Auto,29444.93,8.98,2022-01-30,2026-01-29,Ongoing
753,759,Business,399925.91,7.95,2022-10-06,2025-10-05,Approved
754,759,Auto,59648.45,14.95,2020-07-23,2026-07-22,Rejected
755,760,Mortgage,175188.18,8.62,2023-09-04,2029-09-02,Approved
756,760,Auto,445483.63,3.42,2025-03-31,2027-03-31,Rejected
757,761,Mortgage,232478.41,8.27,2021-04-04,2022-04-04,Rejected
758,762,Personal,111239.23,6.35,2022-02-26,2025-02-25,Closed
759,763,Business,190320.26,8.93,2021-10-17,2027-10-16,Closed
760,763,Mortgage,161996.95,9.88,2024-09-19,2028-09-18,Rejected
761,764,Auto,143516.39,11.45,2021-12-01,2027-11-30,Ongoing
762,765,Auto,135832.64,7.07,2025-03-12,2033-03-10,Ongoing
763,766,Mortgage,123187.05,4.83,2025-06-14,2028-06-13,Ongoing
764,766,Business,19471.07,9.58,2023-04-28,2031-04-26,Ongoing
765,767,Business,477506.53,3.88,2023-09-28,2025-09-27,Closed
766,768,Mortgage,405062.8,11.73,2024-06-12,2030-06-11,Ongoing
767,770,Business,65531.1,12.07,2024-03-16,2031-03-15,Closed
768,770,Personal,410720.23,14.79,2022-12-24,2027-12-23,Closed
769,771,Mortgage,283887.54,13.08,2024-10-13,2032-10-11,Closed
770,772,Mortgage,200716.19,5.22,2022-03-04,2024-03-03,Approved
771,773,Auto,2860.28,3.16,2025-01-04,2033-01-02,Closed
772,773,Mortgage,28517.09,10.9,2020-11-11,2022-11-11,Rejected
773,774,Personal,189650.34,5.55,2020-08-23,2021-08-23,Approved
774,776,Auto,125748.41,9.1,2023-10-16,2033-10-13,Approved
775,777,Business,341059.32,9.28,2024-06-03,2034-06-01,Closed
776,777,Business,336979.35,7.24,2021-06-29,2030-06-27,Ongoing
777,778,Business,297561.82,5.68,2025-05-07,2027-05-07,Approved
778,779,Personal,438349.29,10.24,2022-03-05,2031-03-03,Rejected
779,779,Business,64964.25,8.76,2023-07-24,2029-07-22,Ongoing
780,780,Personal,429911.41,10.78,2021-01-14,2023-01-14,Approved
781,781,Personal,272457.69,7.78,2021-09-09,2027-09-08,Ongoing
782,781,Auto,85929.18,10.04,2023-03-12,2033-03-09,Ongoing
783,782,Personal,362993.76,10.91,2021-04-22,2031-04-20,Closed
784,782,Mortgage,369789.09,13.11,2024-04-24,2027-04-24,Ongoing
785,783,Mortgage,318034.47,9.36,2022-04-18,2032-04-15,Closed
786,784,Auto,180100.54,6.11,2023-05-07,2024-05-06,Approved
787,784,Personal,8337.68,8.58,2025-01-06,2035-01-04,Rejected
788,785,Auto,400858.05,10.75,2023-11-02,2026-11-01,Ongoing
789,786,Business,236193.24,7.07,2022-07-23,2027-07-22,Ongoing
790,787,Mortgage,184292.83,7.99,2023-12-07,2026-12-06,Rejected
791,788,Auto,115638.16,11.9,2021-02-18,2027-02-17,Closed
792,791,Business,419107.93,3.19,2023-05-31,2032-05-28,Approved
793,794,Auto,264986.49,9.7,2022-03-09,2024-03-08,Approved
794,795,Personal,163959.48,4.1,2021-01-22,2023-01-22,Approved
795,795,Mortgage,118953.37,12.8,2023-08-25,2026-08-24,Approved
796,796,Personal,210410.72,11.22,2020-08-26,2027-08-25,Rejected
797,797,Mortgage,360355.15,4.68,2022-03-04,2031-03-02,Closed
798,798,Business,300399.05,8.56,2021-06-27,2024-06-26,Closed
799,798,Business,327498.88,8.14,2023-01-04,2031-01-02,Closed
800,799,Personal,318470.88,6.87,2023-10-23,2027-10-22,Approved
801,800,Auto,420900.36,5.14,2023-12-25,2028-12-23,Rejected
802,800,Auto,132273.4,12.27,2022-03-27,2027-03-26,Rejected
803,802,Personal,302323.44,3.87,2024-06-12,2032-06-10,Closed
804,803,Business,315418.56,4.5,2023-07-30,2027-07-29,Ongoing
805,804,Business,498150.48,6.18,2020-10-26,2026-10-25,Approved
806,804,Business,413503.89,10.24,2022-10-02,2025-10-01,Ongoing
807,805,Auto,495206.57,4.05,2022-04-17,2030-04-15,Approved
808,806,Auto,142734.29,13.76,2024-03-01,2028-02-29,Ongoing
809,807,Personal,179890.23,8.09,2022-01-27,2028-01-26,Rejected
810,808,Auto,63771.16,8.2,2023-10-03,2033-09-30,Ongoing
811,809,Business,181542.59,9.9,2021-04-22,2029-04-20,Ongoing
812,809,Auto,403915.95,13.96,2023-06-26,2027-06-25,Approved
813,810,Business,415366.99,13.06,2024-03-24,2033-03-22,Closed
814,811,Business,243061.62,3.46,2022-11-23,2030-11-21,Closed
815,812,Personal,98689.55,12.79,2022-02-25,2025-02-24,Closed
816,813,Business,418831.33,7.75,2021-01-04,2029-01-02,Rejected
817,815,Personal,275227.01,5.03,2023-05-28,2029-05-26,Approved
818,821,Auto,25549.43,3.74,2021-03-29,2024-03-28,Closed
819,821,Mortgage,160438.82,3.38,2025-02-12,2026-02-12,Closed
820,822,Business,142766.84,3.11,2023-03-12,2032-03-09,Rejected
821,822,Personal,225115.34,14.22,2023-12-07,2029-12-05,Ongoing
822,823,Auto,237194.2,12.35,2021-06-13,2027-06-12,Rejected
823,823,Auto,435129.85,9.43,2023-09-20,2024-09-19,Ongoing
824,824,Business,10007.0,11.26,2020-10-30,2026-10-29,Closed
825,828,Business,162543.42,4.46,2021-06-12,2023-06-12,Approved
826,828,Mortgage,261111.69,14.33,2023-03-10,2027-03-09,Closed
827,831,Auto,333698.31,6.94,2023-12-31,2031-12-29,Ongoing
828,831,Auto,5892.08,14.99,2025-04-09,2034-04-07,Ongoing
829,832,Auto,173447.96,13.92,2024-04-01,2032-03-30,Rejected
830,832,Mortgage,481122.18,11.25,2021-08-17,2026-08-16,Rejected
831,836,Auto,107897.05,5.12,2021-06-21,2023-06-21,Rejected
832,836,Mortgage,73267.2,7.33,2023-02-19,2024-02-19,Ongoing
833,838,Personal,275605.35,6.51,2024-04-27,2029-04-26,Ongoing
834,838,Mortgage,427345.11,14.67,2022-08-23,2031-08-21,Ongoing
835,839,Auto,60699.67,6.75,2021-08-17,2023-08-17,Ongoing
836,839,Mortgage,53359.1,13.01,2022-03-01,2023-03-01,Ongoing
837,840,Business,376176.3,3.91,2022-11-26,2029-11-24,Ongoing
838,840,Auto,385897.94,4.93,2023-01-12,2031-01-10,Ongoing
839,842,Mortgage,410661.91,10.73,2021-04-25,2024-04-24,Rejected
840,842,Mortgage,259183.35,12.72,2024-01-10,2026-01-09,Closed
841,843,Personal,484235.86,6.65,2022-05-01,2023-05-01,Closed
842,844,Personal,18677.03,7.78,2024-05-21,2026-05-21,Closed
843,844,Mortgage,300135.6,5.41,2023-06-14,2027-06-13,Approved
844,845,Mortgage,444213.03,11.05,2021-08-12,2022-08-12,Approved
845,845,Auto,291617.93,8.25,2021-01-06,2030-01-04,Approved
846,846,Personal,31793.29,11.52,2023-10-28,2025-10-27,Approved
847,846,Personal,11326.39,5.24,2023-04-28,2032-04-25,Approved
848,847,Auto,417587.28,10.95,2022-10-03,2031-10-01,Rejected
849,847,Business,494456.07,5.42,2022-12-17,2025-12-16,Ongoing
850,848,Mortgage,360106.53,13.32,2022-12-22,2024-12-21,Rejected
851,849,Personal,149737.48,9.18,2024-02-24,2028-02-23,Rejected
852,849,Mortgage,390693.37,6.9,2021-06-19,2030-06-17,Closed
853,851,Auto,340875.88,10.25,2021-08-24,2028-08-22,Approved
854,852,Auto,321212.74,5.62,2023-09-16,2028-09-14,Rejected
855,853,Personal,208344.91,7.47,2022-03-13,2027-03-12,Approved
856,854,Business,374232.65,14.26,2024-12-09,2031-12-08,Ongoing
857,856,Personal,318767.57,5.42,2022-03-16,2030-03-14,Closed
858,858,Business,52354.41,12.91,2024-01-11,2028-01-10,Rejected
859,859,Mortgage,150086.02,4.26,2023-08-18,2032-08-15,Rejected
860,860,Mortgage,92212.65,10.58,2021-04-30,2031-04-28,Approved
861,860,Business,427194.77,13.85,2021-02-22,2027-02-21,Rejected
862,861,Personal,273536.97,3.08,2021-03-15,2026-03-14,Closed
863,861,Business,475720.98,4.85,2021-09-10,2023-09-10,Rejected
864,864,Business,452665.16,3.6,2020-09-08,2030-09-06,Approved
865,864,Personal,68155.09,14.17,2024-07-18,2032-07-16,Closed
866,865,Personal,204797.16,10.72,2020-09-03,2023-09-03,Approved
867,866,Business,439539.86,12.43,2021-06-25,2027-06-24,Rejected
868,866,Auto,265534.84,10.14,2025-06-09,2034-06-07,Closed
869,867,Business,222206.46,12.64,2021-11-22,2022-11-22,Rejected
870,867,Personal,309749.87,11.96,2023-01-07,2030-01-05,Ongoing
871,868,Mortgage,54957.34,4.17,2022-04-05,2027-04-04,Approved
872,869,Business,307800.05,5.22,2024-01-16,2033-01-13,Ongoing
873,869,Business,380326.31,3.93,2024-04-06,2026-04-06,Closed
874,871,Auto,87527.73,3.64,2022-01-10,2025-01-09,Ongoing
875,871,Auto,357791.72,11.64,2020-07-18,2026-07-17,Rejected
876,873,Personal,214003.77,5.95,2021-04-01,2023-04-01,Ongoing
877,873,Mortgage,136164.19,13.13,2020-10-12,2024-10-11,Approved
878,874,Auto,235083.85,8.42,2024-06-10,2027-06-10,Rejected
879,875,Personal,315624.24,5.85,2021-10-11,2023-10-11,Ongoing
880,876,Personal,388769.8,9.97,2023-07-30,2031-07-28,Ongoing
881,876,Personal,342554.8,7.51,2022-06-25,2026-06-24,Approved
882,877,Mortgage,465086.72,12.39,2024-01-19,2029-01-17,Rejected
883,877,Business,290250.45,10.14,2023-03-11,2028-03-09,Rejected
884,878,Auto,469740.92,3.65,2025-04-08,2032-04-06,Rejected
885,879,Auto,398443.83,10.62,2022-05-25,2027-05-24,Rejected
886,879,Business,107871.21,8.53,2021-09-29,2029-09-27,Closed
887,880,Auto,161506.1,13.86,2021-07-29,2030-07-27,Rejected
888,880,Auto,29371.28,10.32,2025-05-01,2029-04-30,Rejected
889,881,Business,265432.15,5.81,2025-04-08,2033-04-06,Ongoing
890,881,Mortgage,165018.15,12.33,2023-05-10,2030-05-08,Closed
891,883,Mortgage,284007.0,12.63,2021-10-24,2022-10-24,Rejected
892,883,Personal,187860.81,4.62,2022-01-27,2025-01-26,Ongoing
893,884,Mortgage,252697.61,10.15,2024-04-09,2030-04-08,Closed
894,884,Business,155308.46,12.46,2024-04-24,2025-04-24,Ongoing
895,886,Personal,54985.47,11.7,2022-07-14,2026-07-13,Ongoing
896,892,Auto,489325.14,7.91,2021-08-09,2027-08-08,Closed
897,892,Business,209709.59,7.21,2022-11-17,2030-11-15,Approved
898,893,Auto,415379.18,10.43,2025-04-24,2032-04-22,Rejected
899,893,Mortgage,177265.86,10.43,2023-01-04,2030-01-02,Ongoing
900,894,Business,239733.08,10.4,2021-08-28,2022-08-28,Rejected
901,895,Mortgage,402058.49,7.16,2025-03-17,2031-03-16,Closed
902,895,Auto,1601.3,8.46,2023-12-24,2027-12-23,Rejected
903,896,Mortgage,243612.46,3.76,2021-05-18,2031-05-16,Ongoing
904,897,Personal,391797.75,4.43,2023-09-09,2026-09-08,Approved
905,897,Auto,130294.96,6.84,2021-04-17,2027-04-16,Ongoing
906,898,Business,79411.41,9.52,2022-06-10,2031-06-08,Ongoing
907,899,Auto,469265.89,4.46,2024-12-18,2034-12-16,Rejected
908,900,Mortgage,426220.9,3.52,2023-04-03,2031-04-01,Rejected
909,901,Business,75482.47,12.33,2024-06-19,2033-06-17,Closed
910,901,Mortgage,255373.94,10.65,2021-01-08,2029-01-06,Rejected
911,903,Personal,496702.2,8.42,2022-05-12,2023-05-12,Closed
912,904,Personal,303442.95,13.33,2023-05-13,2031-05-11,Closed
913,904,Mortgage,37104.81,13.82,2020-10-09,2024-10-08,Closed
914,905,Auto,436935.57,6.12,2021-02-24,2031-02-22,Ongoing
915,905,Personal,348545.77,4.94,2021-09-08,2024-09-07,Closed
916,907,Mortgage,417758.91,6.43,2022-03-01,2027-02-28,Ongoing
917,908,Business,116405.72,10.83,2022-05-30,2031-05-28,Approved
918,909,Personal,399654.27,6.08,2025-05-21,2029-05-20,Closed
919,910,Auto,472464.43,11.61,2021-07-24,2023-07-24,Ongoing
920,913,Personal,65503.39,11.08,2025-02-27,2026-02-27,Closed
921,913,Auto,145456.3,9.15,2020-10-02,2026-10-01,Ongoing
922,914,Personal,123451.02,13.28,2020-06-28,2028-06-26,Ongoing
923,917,Business,272498.87,4.01,2022-05-28,2026-05-27,Rejected
924,917,Personal,418729.17,4.23,2020-09-25,2023-09-25,Rejected
925,918,Mortgage,260883.67,9.03,2021-03-27,2023-03-27,Approved
926,918,Mortgage,69051.33,8.23,2021-06-28,2023-06-28,Approved
927,922,Auto,243902.02,4.34,2020-07-09,2026-07-08,Approved
928,924,Mortgage,371589.98,10.42,2024-12-10,2027-12-10,Approved
929,924,Business,315935.23,12.91,2025-02-17,2027-02-17,Ongoing
930,925,Mortgage,345533.83,13.08,2023-12-07,2033-12-04,Rejected
931,926,Auto,429545.18,3.39,2024-12-07,2032-12-05,Rejected
932,927,Mortgage,313364.88,4.22,2024-10-30,2033-10-28,Closed
933,927,Business,63256.16,6.63,2023-06-30,2029-06-28,Rejected
934,928,Personal,159631.22,3.94,2021-10-05,2031-10-03,Approved
935,929,Business,434064.84,11.42,2023-04-27,2027-04-26,Closed
936,929,Business,424028.03,12.51,2024-12-27,2031-12-26,Approved
937,930,Personal,189870.6,6.34,2024-12-17,2032-12-15,Closed
938,930,Auto,460068.06,4.67,2023-01-04,2025-01-03,Ongoing
939,931,Mortgage,316969.68,11.14,2022-09-08,2024-09-07,Rejected
940,932,Mortgage,352378.16,12.37,2021-07-04,2030-07-02,Closed
941,933,Business,309152.82,4.48,2022-03-17,2024-03-16,Ongoing
942,933,Auto,56644.26,3.4,2022-03-06,2023-03-06,Closed
943,934,Business,489399.72,10.99,2022-08-29,2031-08-27,Rejected
944,934,Auto,221853.87,8.27,2022-01-15,2025-01-14,Approved
945,938,Personal,178160.46,12.62,2022-10-10,2026-10-09,Rejected
946,938,Mortgage,219830.66,9.67,2021-03-11,2024-03-10,Closed
947,939,Personal,238197.99,12.02,2023-02-11,2026-02-10,Ongoing
948,940,Business,300600.87,14.67,2021-09-10,2029-09-08,Rejected
949,941,Business,327615.82,3.55,2020-09-02,2028-08-31,Ongoing
950,942,Mortgage,83406.6,14.37,2020-12-07,2023-12-07,Closed
951,943,Personal,47808.9,8.81,2020-09-27,2022-09-27,Closed
952,944,Business,364697.83,5.43,2020-07-06,2025-07-05,Ongoing
953,945,Personal,165345.21,10.27,2021-11-26,2029-11-24,Approved
954,945,Auto,30306.9,14.51,2023-11-28,2024-11-27,Closed
955,946,Personal,3712.88,10.13,2023-02-09,2029-02-07,Ongoing
956,946,Personal,387604.3,5.6,2021-01-20,2030-01-18,Closed
957,949,Mortgage,258718.65,7.85,2023-02-23,2027-02-22,Rejected
958,949,Mortgage,66941.15,13.43,2023-02-01,2033-01-29,Rejected
959,950,Personal,110849.73,11.0,2021-12-28,2025-12-27,Ongoing
960,950,Personal,260462.92,3.96,2021-06-16,2025-06-15,Rejected
961,951,Auto,19512.29,6.79,2025-01-19,2033-01-17,Approved
962,952,Auto,48621.39,4.34,2025-04-24,2029-04-23,Ongoing
963,952,Personal,193403.37,5.67,2023-08-19,2033-08-16,Closed
964,956,Business,182632.67,11.59,2025-05-03,2032-05-01,Closed
965,956,Auto,109655.21,6.08,2023-05-24,2030-05-22,Closed
966,957,Auto,9806.82,11.42,2021-12-07,2022-12-07,Ongoing
967,958,Auto,387762.23,6.26,2023-12-05,2026-12-04,Rejected
968,958,Auto,194939.15,3.93,2021-03-07,2027-03-06,Closed
969,959,Business,311208.58,8.5,2022-05-13,2024-05-12,Rejected
970,959,Business,29380.68,8.84,2023-05-18,2026-05-17,Ongoing
971,960,Mortgage,25727.94,13.13,2021-03-24,2023-03-24,Ongoing
972,961,Business,169213.45,9.11,2023-08-01,2032-07-29,Rejected
973,961,Personal,75963.09,5.07,2021-12-14,2031-12-12,Approved
974,962,Personal,278958.99,7.2,2023-12-07,2030-12-05,Ongoing
975,963,Auto,238154.74,13.94,2023-06-25,2033-06-22,Ongoing
976,964,Business,43653.94,13.58,2023-12-25,2031-12-23,Rejected
977,964,Business,479127.17,10.47,2021-03-12,2029-03-10,Approved
978,967,Mortgage,329317.59,3.93,2023-10-26,2029-10-24,Closed
979,968,Business,318125.14,10.0,2021-08-31,2024-08-30,Rejected
980,968,Personal,399191.85,13.91,2022-03-07,2032-03-04,Closed
981,969,Mortgage,270597.67,7.56,2021-10-18,2030-10-16,Approved
982,970,Mortgage,84924.38,8.09,2021-09-18,2027-09-17,Approved
983,970,Business,298639.32,10.88,2020-11-16,2021-11-16,Rejected
984,972,Auto,298918.46,5.34,2020-11-29,2029-11-27,Rejected
985,972,Auto,258991.87,8.86,2023-02-27,2026-02-26,Approved
986,973,Personal,341189.83,11.55,2024-09-02,2032-08-31,Rejected
987,976,Auto,41089.22,14.56,2021-02-05,2023-02-05,Closed
988,977,Auto,88676.14,12.62,2022-05-18,2029-05-16,Ongoing
989,977,Mortgage,79461.6,11.63,2024-01-22,2029-01-20,Approved
990,978,Auto,57991.52,11.45,2023-10-23,2025-10-22,Closed
991,979,Auto,214176.41,6.2,2020-07-15,2025-07-14,Approved
992,979,Mortgage,484599.64,7.98,2022-08-01,2023-08-01,Rejected
993,981,Mortgage,226552.69,11.77,2021-08-25,2025-08-24,Approved
994,982,Business,364892.29,4.33,2020-12-21,2026-12-20,Approved
995,983,Auto,43777.8,12.5,2020-08-21,2027-08-20,Closed
996,983,Personal,117805.71,6.96,2020-07-05,2028-07-03,Ongoing
997,986,Auto,146699.2,8.97,2022-07-24,2023-07-24,Closed
998,987,Auto,495784.41,6.12,2023-06-23,2025-06-22,Approved
999,987,Business,65643.63,3.07,2023-02-16,2028-02-15,Rejected
1000,988,Personal,271251.74,13.68,2020-06-25,2024-06-24,Closed
1001,988,Business,113750.85,14.07,2022-03-17,2026-03-16,Ongoing
1002,990,Personal,9275.82,12.69,2022-12-26,2026-12-25,Ongoing
1003,990,Auto,148808.88,11.41,2021-10-04,2028-10-02,Rejected
1004,992,Business,83273.97,5.77,2021-04-10,2029-04-08,Approved
1005,992,Auto,296416.82,13.21,2023-10-09,2032-10-06,Closed
1006,993,Auto,110019.66,14.93,2024-09-19,2025-09-19,Closed
1007,995,Auto,493289.78,11.22,2025-06-11,2028-06-10,Approved
1008,996,Personal,414120.42,4.45,2021-07-22,2031-07-20,Ongoing
1009,998,Mortgage,36350.93,10.71,2025-03-27,2029-03-26,Rejected
1010,998,Mortgage,463260.37,13.01,2022-08-06,2025-08-05,Approved
1011,1000,Business,299899.3,8.6,2023-07-23,2027-07-22,Rejected
1012,1000,Auto,267993.55,14.2,2021-03-21,2030-03-19,Closed
