TransactionID,MerchantID,Amount,PaymentMethod,Date
1,283,276.56,CreditCard,6/16/2025 1:26
2,201,6907.18,BankTransfer,5/26/2025 14:11
3,169,2001.72,BankTransfer,1/7/2025 1:40
4,36,1999.4,MobilePay,3/17/2025 4:46
5,259,1948.18,MobilePay,4/19/2025 5:42
6,128,5028.92,BankTransfer,4/28/2025 0:02
7,145,4521.53,BankTransfer,5/14/2025 5:58
8,272,9022.56,MobilePay,5/7/2025 17:46
9,170,6886.85,CreditCard,2/3/2025 16:06
10,267,5033.79,CreditCard,3/22/2025 11:53
11,111,2212.19,CreditCard,1/31/2025 14:06
12,252,1570.96,CreditCard,2/26/2025 8:12
13,284,5236.08,BankTransfer,1/6/2025 22:56
14,116,6225.85,BankTransfer,3/2/2025 14:19
15,235,3264.42,CreditCard,5/25/2025 11:49
16,105,8829.61,MobilePay,2/7/2025 3:20
17,26,3787.28,MobilePay,5/1/2025 23:53
18,147,8077.34,CreditCard,2/24/2025 15:48
19,172,6922.98,MobilePay,6/12/2025 3:01
20,166,3583.66,CreditCard,1/22/2025 15:59
21,152,9803.66,CreditCard,6/2/2025 10:53
22,216,9866.95,BankTransfer,2/5/2025 0:04
23,21,8143.28,CreditCard,4/27/2025 10:13
24,81,7275.52,MobilePay,1/7/2025 12:03
25,299,6179.19,CreditCard,5/21/2025 13:55
26,143,6777.24,CreditCard,5/24/2025 3:02
27,241,8663.05,MobilePay,2/10/2025 14:52
28,283,4645.32,BankTransfer,2/15/2025 22:15
29,216,5007.85,MobilePay,6/10/2025 8:31
30,105,6915.8,CreditCard,1/1/2025 9:59
31,1,2831.95,MobilePay,2/1/2025 10:25
32,156,3484.18,BankTransfer,2/28/2025 20:47
33,145,1482.95,MobilePay,2/24/2025 23:48
34,118,4713.76,MobilePay,3/22/2025 21:52
35,107,1745.18,MobilePay,1/17/2025 9:54
36,295,8751.66,CreditCard,2/9/2025 2:36
37,231,1557.59,MobilePay,2/9/2025 18:38
38,141,5737.17,MobilePay,3/26/2025 10:01
39,62,1717.92,CreditCard,6/21/2025 14:29
40,194,9087.65,MobilePay,3/16/2025 23:40
41,38,2972.03,BankTransfer,6/13/2025 1:27
42,124,4221.76,CreditCard,3/30/2025 23:14
43,24,695.3,CreditCard,1/27/2025 20:42
44,74,9913.4,BankTransfer,4/28/2025 2:37
45,262,3800.04,MobilePay,2/14/2025 13:47
46,27,1430.75,MobilePay,5/3/2025 14:53
47,9,5129.23,BankTransfer,2/23/2025 4:42
48,182,2437.19,BankTransfer,1/27/2025 0:41
49,242,318.5,MobilePay,5/8/2025 8:45
50,134,447.73,CreditCard,2/11/2025 5:49
51,253,2768.21,BankTransfer,2/13/2025 3:00
52,201,8349.75,BankTransfer,5/14/2025 1:44
53,67,4341.77,CreditCard,1/17/2025 12:58
54,252,3864.43,CreditCard,5/10/2025 14:58
55,135,4037.17,CreditCard,3/21/2025 21:33
56,170,7229.5,BankTransfer,3/29/2025 2:43
57,125,1205.64,CreditCard,3/21/2025 1:55
58,151,6705.43,MobilePay,5/31/2025 10:20
59,146,9866.85,MobilePay,5/11/2025 10:44
60,20,7993.47,BankTransfer,1/1/2025 11:53
61,168,7864,MobilePay,6/6/2025 16:37
62,300,2804.73,CreditCard,3/16/2025 9:58
63,210,7637.38,CreditCard,2/5/2025 0:33
64,170,4256.31,CreditCard,3/30/2025 9:19
65,237,9780.13,MobilePay,1/17/2025 18:08
66,39,275.61,MobilePay,4/20/2025 1:37
67,21,676.15,BankTransfer,4/8/2025 12:55
68,51,4906.04,CreditCard,5/1/2025 3:41
69,187,2521.87,CreditCard,3/3/2025 15:36
70,285,8875.24,MobilePay,3/12/2025 9:02
71,248,9955.9,MobilePay,3/21/2025 21:36
72,4,5624.14,BankTransfer,4/30/2025 5:12
73,269,3183.58,BankTransfer,3/16/2025 3:19
74,227,3698.76,CreditCard,3/11/2025 9:42
75,39,7857.49,BankTransfer,1/7/2025 0:47
76,61,3689.14,MobilePay,2/17/2025 15:06
77,166,9450.3,BankTransfer,5/5/2025 5:11
78,33,4268.49,CreditCard,1/4/2025 16:02
79,125,6927.98,BankTransfer,4/30/2025 3:46
80,271,1391.01,BankTransfer,1/22/2025 7:41
81,121,3918.87,MobilePay,6/17/2025 3:17
82,1,501.27,MobilePay,3/21/2025 1:51
83,130,8499.69,BankTransfer,2/9/2025 7:15
84,281,4209.63,CreditCard,3/19/2025 14:45
85,283,6904.24,BankTransfer,1/13/2025 4:31
86,252,7329.93,MobilePay,4/13/2025 3:21
87,50,5917.2,BankTransfer,1/22/2025 6:30
88,280,4652.36,CreditCard,5/31/2025 4:17
89,100,614.63,MobilePay,2/26/2025 21:42
90,175,6967.08,MobilePay,5/24/2025 0:18
91,243,8305.29,MobilePay,2/15/2025 10:51
92,49,3857.5,BankTransfer,5/24/2025 3:48
93,130,1092.8,CreditCard,3/26/2025 22:56
94,4,466.45,BankTransfer,3/2/2025 11:15
95,105,9325.2,CreditCard,2/1/2025 0:37
96,12,4137.2,MobilePay,5/1/2025 1:57
97,92,313.03,BankTransfer,3/7/2025 1:43
98,220,4932.32,BankTransfer,3/30/2025 7:58
99,257,2479.94,CreditCard,3/14/2025 20:01
100,157,7163.22,BankTransfer,2/12/2025 8:43
101,15,1897.55,BankTransfer,5/19/2025 14:50
102,91,6007.48,CreditCard,5/3/2025 11:44
103,262,6902.86,CreditCard,1/10/2025 5:41
104,224,3188.98,BankTransfer,5/25/2025 13:25
105,79,8349.72,BankTransfer,5/21/2025 11:40
106,28,2386.03,MobilePay,5/25/2025 3:24
107,55,6319.62,CreditCard,4/16/2025 21:54
108,87,7459.68,MobilePay,4/18/2025 12:12
109,270,942.9,MobilePay,2/19/2025 1:09
110,237,1828.59,BankTransfer,5/18/2025 17:22
111,95,3515,BankTransfer,5/28/2025 11:58
112,101,4299.78,MobilePay,5/25/2025 1:11
113,272,1160.04,CreditCard,5/20/2025 19:30
114,9,3321.33,CreditCard,1/27/2025 21:00
115,77,8435.32,CreditCard,1/3/2025 13:38
116,218,581.4,CreditCard,2/22/2025 12:04
117,46,5440.49,CreditCard,3/19/2025 13:47
118,95,9186.58,CreditCard,1/13/2025 17:13
119,9,4853.6,BankTransfer,3/19/2025 15:45
120,270,9389.77,BankTransfer,1/9/2025 9:24
121,32,9350.17,CreditCard,6/9/2025 0:05
122,73,1747.94,CreditCard,6/14/2025 20:21
123,136,6292.9,BankTransfer,3/15/2025 15:16
124,213,3566.67,CreditCard,3/9/2025 21:56
125,49,695.79,CreditCard,4/28/2025 20:32
126,227,8046.01,MobilePay,3/16/2025 6:37
127,171,1866.9,CreditCard,5/14/2025 20:46
128,179,7068.37,CreditCard,4/30/2025 8:10
129,296,891.79,BankTransfer,2/25/2025 2:34
130,237,1255.81,BankTransfer,5/18/2025 20:28
131,15,5155.42,MobilePay,5/20/2025 7:35
132,64,924.79,BankTransfer,4/17/2025 17:52
133,33,8387.27,MobilePay,6/12/2025 8:56
134,12,6674.95,MobilePay,5/14/2025 9:06
135,55,1738.87,CreditCard,4/8/2025 14:47
136,176,690.01,CreditCard,3/19/2025 17:00
137,59,9765.6,BankTransfer,4/7/2025 4:22
138,234,7795.9,MobilePay,5/2/2025 21:22
139,31,9886.65,CreditCard,6/16/2025 10:13
140,203,4728.51,CreditCard,3/25/2025 11:57
141,100,5704.54,BankTransfer,5/28/2025 8:37
142,249,2538.22,CreditCard,5/9/2025 19:02
143,225,6203.08,CreditCard,2/6/2025 7:19
144,146,6090.97,CreditCard,3/11/2025 12:08
145,253,9120.5,CreditCard,5/6/2025 2:33
146,48,412,MobilePay,4/26/2025 0:00
147,57,3099.62,MobilePay,4/15/2025 3:31
148,196,7072.2,BankTransfer,6/2/2025 7:52
149,62,7897.85,MobilePay,4/23/2025 7:51
150,210,735.71,BankTransfer,2/4/2025 1:34
151,179,5599.86,MobilePay,3/7/2025 11:43
152,277,7255.64,MobilePay,6/4/2025 6:42
153,34,8183.8,MobilePay,5/10/2025 7:52
154,172,8771.33,MobilePay,4/21/2025 2:41
155,95,3081.64,MobilePay,1/15/2025 19:58
156,29,3604.23,CreditCard,5/26/2025 23:53
157,99,9418.92,BankTransfer,3/27/2025 11:19
158,158,4817.09,CreditCard,1/26/2025 9:47
159,296,8520.98,MobilePay,1/26/2025 10:34
160,282,2013.14,BankTransfer,1/11/2025 23:31
161,216,1995.32,BankTransfer,1/26/2025 6:02
162,194,9307.51,MobilePay,1/9/2025 20:12
163,18,9856.99,BankTransfer,4/27/2025 8:53
164,189,5321.77,MobilePay,1/5/2025 10:24
165,260,5571.05,CreditCard,4/11/2025 12:19
166,280,3773.95,MobilePay,1/29/2025 21:39
167,244,940.15,CreditCard,2/7/2025 1:42
168,227,8451.88,MobilePay,4/25/2025 6:41
169,242,4319.63,MobilePay,5/30/2025 0:39
170,68,9865.6,MobilePay,6/12/2025 21:31
171,37,677.65,BankTransfer,4/28/2025 14:54
172,200,1123.79,CreditCard,4/9/2025 3:49
173,146,1808.19,CreditCard,1/27/2025 17:06
174,128,307.55,CreditCard,4/5/2025 22:14
175,179,2416.84,MobilePay,3/21/2025 14:54
176,271,1525.07,BankTransfer,6/7/2025 3:44
177,34,3286.61,MobilePay,5/30/2025 6:00
178,275,309.46,BankTransfer,1/8/2025 12:44
179,240,9317.49,BankTransfer,1/30/2025 17:25
180,288,3902.92,CreditCard,2/3/2025 20:54
181,220,6088.88,CreditCard,1/10/2025 2:46
182,267,3244.42,MobilePay,5/15/2025 9:22
183,239,3339.94,CreditCard,4/3/2025 19:12
184,225,3045.77,BankTransfer,5/22/2025 21:37
185,51,2659.34,MobilePay,3/31/2025 11:28
186,122,7650.87,MobilePay,1/6/2025 12:31
187,144,4166.09,BankTransfer,3/25/2025 22:31
188,87,4058.87,CreditCard,1/25/2025 17:40
189,213,7736.89,BankTransfer,2/4/2025 14:04
190,177,1048.16,BankTransfer,5/25/2025 11:18
191,268,1164.64,CreditCard,6/2/2025 11:16
192,274,8813.75,CreditCard,4/6/2025 21:45
193,97,2865.06,BankTransfer,3/16/2025 3:24
194,156,9498.05,MobilePay,3/6/2025 3:50
195,173,9027.53,BankTransfer,4/15/2025 14:37
196,82,4675.29,MobilePay,1/16/2025 14:31
197,233,981.23,MobilePay,3/6/2025 6:12
198,274,6212.76,BankTransfer,2/4/2025 5:51
199,211,1262.05,MobilePay,2/7/2025 21:11
200,12,678.59,CreditCard,1/4/2025 18:01
201,54,1253.91,BankTransfer,5/11/2025 7:59
202,253,5065.42,CreditCard,1/4/2025 9:15
203,277,4768.3,BankTransfer,4/22/2025 0:17
204,237,6692.79,BankTransfer,2/27/2025 18:56
205,297,1740.01,CreditCard,5/30/2025 14:32
206,30,5785.16,MobilePay,1/2/2025 21:16
207,242,1493.66,MobilePay,3/19/2025 16:40
208,284,3058.11,CreditCard,4/3/2025 20:16
209,3,8576.28,CreditCard,2/19/2025 1:30
210,170,356.92,MobilePay,3/8/2025 19:03
211,210,7077.41,BankTransfer,4/11/2025 3:51
212,203,137.03,CreditCard,1/24/2025 2:15
213,214,5217.31,CreditCard,2/21/2025 6:03
214,94,8163.39,BankTransfer,1/4/2025 6:22
215,190,7367.92,BankTransfer,3/12/2025 17:06
216,267,7706.26,BankTransfer,5/21/2025 18:57
217,234,2056.34,BankTransfer,5/25/2025 23:55
218,287,2706.94,MobilePay,2/24/2025 9:31
219,6,2704.58,CreditCard,2/24/2025 6:37
220,298,365.52,MobilePay,4/30/2025 10:57
221,62,4162.08,BankTransfer,2/18/2025 11:42
222,54,5008.59,CreditCard,4/23/2025 1:36
223,98,9457.24,BankTransfer,2/8/2025 10:10
224,226,7636.19,CreditCard,1/19/2025 11:13
225,291,8474.06,MobilePay,1/4/2025 7:37
226,115,8117.76,CreditCard,6/20/2025 5:43
227,29,1247.35,BankTransfer,1/18/2025 0:10
228,83,3364.13,BankTransfer,4/9/2025 16:56
229,219,2893.97,CreditCard,6/15/2025 6:11
230,133,5329.52,BankTransfer,5/4/2025 22:23
231,163,553.04,CreditCard,1/12/2025 0:46
232,43,2559.63,MobilePay,1/15/2025 12:31
233,151,7123.12,MobilePay,4/18/2025 1:35
234,62,8565.05,MobilePay,5/10/2025 22:36
235,184,612.6,MobilePay,3/6/2025 15:11
236,51,3302.37,BankTransfer,4/22/2025 20:43
237,16,205.63,MobilePay,5/14/2025 16:05
238,285,5197.71,BankTransfer,4/17/2025 19:14
239,77,4418.28,CreditCard,1/12/2025 16:55
240,29,910.65,CreditCard,5/30/2025 8:00
241,74,7203.02,CreditCard,3/4/2025 2:26
242,164,8090.4,MobilePay,3/21/2025 20:47
243,89,575.28,BankTransfer,6/1/2025 20:43
244,218,6883.99,BankTransfer,2/6/2025 23:14
245,187,7151.34,MobilePay,5/23/2025 20:53
246,161,6825.01,CreditCard,1/2/2025 14:15
247,259,4389.38,BankTransfer,6/4/2025 8:10
248,230,1492.8,CreditCard,4/16/2025 23:03
249,14,4418.63,BankTransfer,2/15/2025 3:38
250,239,2522.44,MobilePay,2/11/2025 16:14
251,264,4538.08,BankTransfer,4/3/2025 6:05
252,299,2683.58,BankTransfer,3/10/2025 22:23
253,76,8530.86,BankTransfer,4/14/2025 12:29
254,108,1282.49,MobilePay,3/25/2025 8:12
255,56,1189.94,BankTransfer,5/7/2025 16:49
256,286,876.4,MobilePay,4/26/2025 3:23
257,263,2059.81,CreditCard,1/20/2025 18:32
258,169,8472.94,CreditCard,1/16/2025 1:55
259,31,5951.11,CreditCard,6/4/2025 5:07
260,210,4310.39,CreditCard,2/20/2025 6:40
261,248,9850.54,MobilePay,2/13/2025 15:11
262,260,9775.33,CreditCard,3/7/2025 9:23
263,270,7847.4,CreditCard,6/17/2025 18:54
264,239,8357.12,CreditCard,6/19/2025 5:51
265,216,770.2,BankTransfer,6/20/2025 17:23
266,231,865.98,MobilePay,1/17/2025 20:05
267,175,6920.23,MobilePay,4/25/2025 2:14
268,177,5454.31,BankTransfer,2/4/2025 13:25
269,101,6133.33,BankTransfer,1/21/2025 17:46
270,246,9570.96,CreditCard,1/22/2025 11:20
271,215,2733.79,CreditCard,1/19/2025 13:54
272,281,9570.29,MobilePay,2/21/2025 9:34
273,140,3138.1,MobilePay,4/16/2025 17:36
274,32,1912.58,BankTransfer,5/4/2025 19:11
275,268,3415.38,MobilePay,4/4/2025 10:20
276,44,659.01,MobilePay,1/31/2025 13:50
277,232,1171.74,MobilePay,6/2/2025 0:46
278,224,3841.3,BankTransfer,1/30/2025 14:47
279,127,3203.13,BankTransfer,3/11/2025 3:28
280,1,8443.02,BankTransfer,3/4/2025 19:18
281,260,778.44,MobilePay,3/11/2025 15:14
282,267,2098.68,CreditCard,3/6/2025 1:45
283,5,4730.12,BankTransfer,1/5/2025 23:42
284,105,5580.1,BankTransfer,5/9/2025 2:32
285,202,3356.47,MobilePay,4/3/2025 13:38
286,120,4504.7,CreditCard,1/7/2025 10:12
287,63,1408.69,MobilePay,4/15/2025 0:46
288,300,1869.35,BankTransfer,2/27/2025 3:24
289,236,6516.87,CreditCard,5/14/2025 0:09
290,135,5763.73,MobilePay,5/25/2025 15:42
291,209,991.87,BankTransfer,1/9/2025 14:19
292,113,3171.91,BankTransfer,1/8/2025 12:13
293,254,4795.13,BankTransfer,4/4/2025 22:17
294,196,531.93,CreditCard,3/24/2025 0:31
295,53,320.49,BankTransfer,1/20/2025 9:17
296,274,9234.66,CreditCard,5/20/2025 21:39
297,134,3699.42,CreditCard,5/27/2025 17:42
298,64,9148.35,MobilePay,4/13/2025 14:35
299,55,5495.38,CreditCard,3/17/2025 1:47
300,200,3422.48,CreditCard,6/19/2025 22:29
301,234,1257.69,CreditCard,5/23/2025 1:45
302,207,5348.14,MobilePay,4/8/2025 7:38
303,217,8432.73,MobilePay,2/23/2025 3:47
304,183,8603.22,MobilePay,3/28/2025 1:05
305,278,2576.82,MobilePay,5/9/2025 1:57
306,95,6399.73,BankTransfer,4/1/2025 15:59
307,43,6480.91,CreditCard,1/14/2025 19:30
308,227,2743.58,MobilePay,3/27/2025 1:58
309,100,4300.63,MobilePay,3/22/2025 13:22
310,213,5007.64,CreditCard,3/24/2025 7:31
311,82,8251.77,BankTransfer,2/14/2025 12:10
312,83,3064.03,BankTransfer,5/8/2025 4:03
313,229,4382.61,MobilePay,2/19/2025 13:19
314,39,3282.88,MobilePay,1/1/2025 23:07
315,70,1299.95,CreditCard,6/2/2025 0:16
316,34,6985.23,BankTransfer,5/22/2025 4:22
317,43,2550.79,MobilePay,3/7/2025 6:06
318,270,9183.52,BankTransfer,4/10/2025 20:05
319,25,1771.32,BankTransfer,5/1/2025 7:37
320,82,5809.91,MobilePay,3/17/2025 11:43
321,249,7276.43,CreditCard,4/16/2025 10:12
322,9,5003.78,CreditCard,3/6/2025 9:51
323,40,2232.05,MobilePay,5/17/2025 16:09
324,15,8153.68,BankTransfer,3/6/2025 23:54
325,117,1970.21,MobilePay,1/5/2025 21:19
326,266,7538.46,BankTransfer,6/2/2025 5:20
327,148,8209.57,MobilePay,6/9/2025 5:40
328,73,4996.33,CreditCard,3/3/2025 20:29
329,219,4808.75,MobilePay,2/15/2025 8:15
330,152,4954.48,CreditCard,4/22/2025 23:19
331,149,3384.32,CreditCard,2/7/2025 12:40
332,294,9087.79,MobilePay,4/23/2025 17:26
333,139,5699.79,MobilePay,2/23/2025 11:09
334,277,2605.14,CreditCard,2/16/2025 15:19
335,234,6900.57,CreditCard,2/16/2025 10:14
336,134,783.43,BankTransfer,2/24/2025 19:18
337,90,9006.95,CreditCard,5/13/2025 3:00
338,245,5049.12,MobilePay,5/7/2025 8:55
339,47,3913.63,BankTransfer,2/17/2025 19:46
340,147,2789.71,CreditCard,5/26/2025 7:25
341,288,1962.76,MobilePay,4/12/2025 17:28
342,110,9407,CreditCard,6/14/2025 21:43
343,140,4980.99,CreditCard,4/21/2025 3:20
344,159,1758.68,BankTransfer,2/10/2025 1:03
345,191,9689.52,BankTransfer,1/21/2025 19:53
346,139,9913.25,MobilePay,4/29/2025 14:23
347,60,1735.7,CreditCard,5/4/2025 10:11
348,226,2396.33,CreditCard,4/12/2025 16:12
349,197,5600.21,BankTransfer,4/22/2025 10:28
350,23,3868.35,BankTransfer,3/30/2025 4:14
351,93,2772.62,CreditCard,6/6/2025 22:26
352,243,6421.74,MobilePay,6/8/2025 20:05
353,247,9679.82,CreditCard,3/22/2025 10:50
354,66,9408.38,BankTransfer,4/21/2025 4:00
355,291,5410.4,BankTransfer,2/24/2025 6:43
356,52,5554.73,BankTransfer,3/22/2025 2:59
357,175,6111.62,CreditCard,3/22/2025 14:19
358,186,5070.76,MobilePay,1/23/2025 23:49
359,60,5879.35,BankTransfer,6/14/2025 8:36
360,159,5176.07,MobilePay,1/29/2025 12:43
361,214,8277.1,BankTransfer,6/17/2025 1:38
362,60,760.72,BankTransfer,3/13/2025 5:07
363,268,139.76,CreditCard,3/5/2025 1:14
364,139,4073.38,CreditCard,5/4/2025 11:37
365,10,4284.25,MobilePay,4/20/2025 6:12
366,110,5444.88,MobilePay,1/31/2025 3:14
367,252,2461.51,CreditCard,3/28/2025 14:18
368,16,7629.72,MobilePay,2/23/2025 5:18
369,126,5032.82,CreditCard,2/7/2025 7:48
370,225,1763.83,BankTransfer,4/27/2025 7:14
371,191,462.53,CreditCard,1/14/2025 3:03
372,71,3993.7,MobilePay,2/19/2025 4:58
373,128,3136.49,MobilePay,5/27/2025 2:35
374,145,3958.49,BankTransfer,6/11/2025 20:16
375,260,9734.19,BankTransfer,2/1/2025 14:00
376,11,7577.49,MobilePay,4/23/2025 13:58
377,178,9745.02,MobilePay,2/18/2025 0:58
378,32,7013.64,CreditCard,3/20/2025 2:58
379,37,4597.5,MobilePay,4/10/2025 21:59
380,13,2999.68,BankTransfer,5/10/2025 11:08
381,122,3323.09,BankTransfer,4/2/2025 9:58
382,59,2956.35,CreditCard,6/13/2025 15:03
383,242,9425.87,CreditCard,1/2/2025 20:46
384,39,8409.56,BankTransfer,3/20/2025 22:05
385,185,2473.34,BankTransfer,1/29/2025 21:22
386,254,6015.01,CreditCard,5/30/2025 12:35
387,276,2463.34,BankTransfer,5/24/2025 16:35
388,87,5982.62,CreditCard,5/9/2025 5:15
389,124,5071.94,CreditCard,6/14/2025 17:38
390,42,6593.5,MobilePay,6/20/2025 21:34
391,143,8919.83,CreditCard,1/23/2025 21:24
392,29,7849.3,MobilePay,3/30/2025 11:09
393,115,7562.18,MobilePay,5/11/2025 12:05
394,85,5412.28,BankTransfer,1/31/2025 0:17
395,130,2198.52,CreditCard,5/4/2025 15:58
396,250,3906.03,BankTransfer,3/25/2025 8:45
397,110,3262.65,MobilePay,5/4/2025 22:40
398,71,5968.97,MobilePay,5/1/2025 16:31
399,75,2928.69,MobilePay,5/27/2025 17:05
400,89,8592.28,CreditCard,2/14/2025 15:38
401,217,2936.94,MobilePay,1/21/2025 23:51
402,77,5065.16,CreditCard,3/18/2025 20:38
403,126,2270.95,BankTransfer,4/21/2025 0:30
404,121,1670.09,MobilePay,3/30/2025 13:20
405,23,7755.06,BankTransfer,4/15/2025 11:16
406,112,1884.22,CreditCard,6/3/2025 15:03
407,229,3370.14,CreditCard,2/4/2025 14:03
408,256,6539.3,MobilePay,5/4/2025 11:28
409,271,2219.73,BankTransfer,1/14/2025 17:11
410,140,6747.46,CreditCard,3/13/2025 7:01
411,234,2267.77,BankTransfer,5/11/2025 1:05
412,260,8037.65,BankTransfer,5/8/2025 3:16
413,43,7335.32,BankTransfer,4/5/2025 6:17
414,43,7211.45,BankTransfer,1/21/2025 6:08
415,74,2960.9,BankTransfer,1/9/2025 13:02
416,73,2871.7,CreditCard,4/13/2025 2:58
417,224,9813.62,MobilePay,1/18/2025 5:03
418,253,3767.97,CreditCard,1/26/2025 23:11
419,263,6990.66,CreditCard,2/4/2025 15:25
420,77,408.38,BankTransfer,4/18/2025 3:37
421,113,5927.9,MobilePay,5/21/2025 9:55
422,281,457.25,CreditCard,5/4/2025 11:22
423,91,6148.97,MobilePay,3/24/2025 18:02
424,227,4444.39,MobilePay,5/20/2025 6:31
425,43,2828.33,MobilePay,2/22/2025 3:33
426,176,2769.38,BankTransfer,6/9/2025 10:26
427,160,2912.72,BankTransfer,4/29/2025 13:51
428,157,1494.82,BankTransfer,5/24/2025 11:17
429,238,9222.02,MobilePay,4/9/2025 17:35
430,76,4340.77,CreditCard,6/20/2025 10:24
431,84,7942.13,CreditCard,5/7/2025 3:09
432,130,5376.58,CreditCard,2/23/2025 6:12
433,249,6766.83,MobilePay,3/27/2025 6:41
434,230,6415.31,CreditCard,4/21/2025 21:42
435,253,5459.6,CreditCard,4/11/2025 16:07
436,119,9694.34,CreditCard,5/24/2025 15:36
437,40,1160.37,MobilePay,3/18/2025 17:42
438,169,2234.28,CreditCard,6/13/2025 1:18
439,216,2597.48,MobilePay,6/1/2025 1:32
440,194,4503.65,MobilePay,5/16/2025 16:56
441,227,445.73,MobilePay,4/2/2025 12:05
442,55,8228.78,MobilePay,4/18/2025 10:36
443,48,3680.77,BankTransfer,5/3/2025 15:45
444,45,6557.04,CreditCard,6/11/2025 7:41
445,118,7913.72,CreditCard,5/19/2025 3:35
446,119,3723.94,CreditCard,4/19/2025 17:06
447,191,3433.98,CreditCard,2/2/2025 11:09
448,106,3418.76,BankTransfer,3/3/2025 20:21
449,157,1221.11,CreditCard,2/17/2025 13:50
450,125,7314.17,CreditCard,1/26/2025 3:37
451,40,8964.03,MobilePay,4/9/2025 22:53
452,99,8235.65,CreditCard,3/29/2025 21:02
453,13,9354.58,BankTransfer,1/2/2025 9:49
454,66,1409.75,CreditCard,5/10/2025 6:19
455,234,2362.28,BankTransfer,5/15/2025 4:51
456,90,8515.1,BankTransfer,6/4/2025 22:58
457,221,7769.13,CreditCard,5/1/2025 6:46
458,204,5435.56,BankTransfer,2/13/2025 4:09
459,285,6987.6,BankTransfer,5/19/2025 15:12
460,212,4269.88,CreditCard,4/10/2025 21:31
461,247,263.28,BankTransfer,6/19/2025 8:19
462,212,8086.1,BankTransfer,2/20/2025 0:22
463,277,4134.72,CreditCard,4/9/2025 7:18
464,261,8564.39,MobilePay,5/29/2025 13:13
465,220,5651.03,CreditCard,4/19/2025 22:17
466,295,1773.64,BankTransfer,1/22/2025 17:14
467,170,5784.12,CreditCard,5/25/2025 9:44
468,45,9704.61,CreditCard,2/15/2025 2:54
469,270,3121.41,BankTransfer,2/19/2025 21:53
470,107,5307.61,CreditCard,4/19/2025 23:16
471,164,240.79,BankTransfer,5/24/2025 22:07
472,126,1549.25,MobilePay,6/4/2025 23:24
473,189,1984.82,BankTransfer,2/1/2025 14:59
474,199,6105.38,BankTransfer,3/31/2025 0:26
475,203,1992.06,BankTransfer,5/14/2025 10:23
476,65,646.3,CreditCard,6/8/2025 4:23
477,125,7284.77,CreditCard,3/28/2025 19:18
478,203,8385.2,CreditCard,5/10/2025 23:51
479,104,1799.49,BankTransfer,5/23/2025 15:51
480,201,9144.1,BankTransfer,5/23/2025 14:43
481,37,8273.14,BankTransfer,4/30/2025 23:18
482,286,3834.88,MobilePay,5/7/2025 17:32
483,57,9809.95,MobilePay,1/15/2025 3:08
484,48,9947.05,MobilePay,1/3/2025 4:42
485,151,8306.1,BankTransfer,3/21/2025 7:29
486,130,9251.28,MobilePay,3/24/2025 14:52
487,76,1999.57,MobilePay,4/29/2025 15:06
488,192,9278.44,BankTransfer,4/27/2025 0:51
489,242,5658.4,MobilePay,3/18/2025 18:49
490,300,286.08,BankTransfer,1/17/2025 23:10
491,8,135.26,MobilePay,5/6/2025 13:47
492,2,2071.18,CreditCard,1/3/2025 5:04
493,214,496.66,CreditCard,2/21/2025 22:25
494,271,5089.22,BankTransfer,2/15/2025 13:44
495,157,8602.4,BankTransfer,2/23/2025 10:37
496,98,9135.47,CreditCard,4/4/2025 12:10
497,104,6972.37,MobilePay,6/11/2025 15:57
498,236,2527.19,CreditCard,6/19/2025 1:22
499,187,2205.4,BankTransfer,5/26/2025 2:47
500,271,6489.04,BankTransfer,1/24/2025 3:44
501,114,1098.34,CreditCard,1/28/2025 15:02
502,5,3179.19,BankTransfer,1/11/2025 10:35
503,140,1696.81,CreditCard,6/18/2025 13:08
504,122,7402.59,CreditCard,1/3/2025 10:34
505,221,429.24,CreditCard,1/4/2025 18:07
506,11,6671.7,BankTransfer,1/15/2025 13:23
507,252,1567.98,BankTransfer,4/19/2025 0:45
508,106,7152.94,CreditCard,3/28/2025 21:03
509,36,1351.43,BankTransfer,6/5/2025 19:33
510,49,488.23,MobilePay,5/16/2025 22:45
511,51,156.29,MobilePay,1/31/2025 12:41
512,25,8528.34,BankTransfer,5/3/2025 21:31
513,251,8097.68,MobilePay,1/13/2025 5:32
514,289,4873.31,CreditCard,3/5/2025 13:19
515,145,9388.45,BankTransfer,1/1/2025 2:08
516,80,7026.43,BankTransfer,2/9/2025 10:13
517,225,6764.71,MobilePay,6/6/2025 8:50
518,208,8454.17,MobilePay,2/4/2025 1:17
519,124,1115.32,CreditCard,2/11/2025 21:42
520,26,6074,MobilePay,1/11/2025 10:34
521,172,2091.28,BankTransfer,6/1/2025 10:27
522,143,1482.14,CreditCard,6/4/2025 0:51
523,197,3337.61,CreditCard,6/19/2025 12:43
524,85,4781.14,MobilePay,4/6/2025 2:40
525,247,7778.09,CreditCard,3/14/2025 14:24
526,178,228.32,MobilePay,2/9/2025 3:17
527,79,2040.88,CreditCard,2/19/2025 0:56
528,235,9110.42,MobilePay,5/10/2025 8:36
529,21,5857.51,MobilePay,3/10/2025 23:00
530,159,8197.05,MobilePay,1/14/2025 14:04
531,264,2299.2,MobilePay,3/3/2025 1:52
532,147,7495.42,CreditCard,4/10/2025 23:07
533,213,189.93,CreditCard,1/7/2025 17:45
534,204,908.97,BankTransfer,4/2/2025 0:25
535,263,4796.77,BankTransfer,5/12/2025 15:21
536,197,2312.58,CreditCard,2/14/2025 0:24
537,249,2081,CreditCard,5/2/2025 2:00
538,78,8423.18,BankTransfer,6/6/2025 5:53
539,162,4862.39,BankTransfer,1/12/2025 21:54
540,134,5353.33,MobilePay,1/3/2025 5:35
541,107,6037.22,MobilePay,4/26/2025 14:32
542,17,1112.31,CreditCard,1/13/2025 0:03
543,263,6184.67,BankTransfer,6/2/2025 0:24
544,53,158.44,BankTransfer,4/11/2025 18:00
545,165,8254.17,BankTransfer,5/3/2025 6:07
546,267,1352.44,BankTransfer,1/13/2025 21:17
547,107,9330.31,CreditCard,6/6/2025 11:56
548,173,5344.79,CreditCard,4/7/2025 11:38
549,110,2808.31,CreditCard,3/17/2025 11:08
550,68,2354.17,MobilePay,1/12/2025 21:44
551,68,1527.25,MobilePay,5/10/2025 4:52
552,39,264.93,MobilePay,2/6/2025 2:43
553,141,9535,CreditCard,2/24/2025 4:22
554,99,8951.22,MobilePay,1/26/2025 12:22
555,196,8242.45,MobilePay,2/23/2025 9:29
556,225,4574.74,CreditCard,6/8/2025 11:09
557,207,1169.5,BankTransfer,4/2/2025 10:13
558,78,3635.91,CreditCard,2/28/2025 12:06
559,249,2655.02,MobilePay,5/3/2025 6:50
560,89,1334.72,BankTransfer,6/3/2025 7:01
561,160,2421.59,BankTransfer,1/18/2025 8:52
562,275,8343.71,BankTransfer,4/7/2025 3:12
563,103,7010.97,BankTransfer,3/14/2025 17:14
564,14,2564.42,CreditCard,2/4/2025 9:36
565,223,6086.28,MobilePay,5/20/2025 13:02
566,200,4376.21,BankTransfer,2/12/2025 4:38
567,6,7679.8,CreditCard,5/12/2025 22:33
568,201,6682.48,BankTransfer,4/2/2025 7:00
569,285,4807.12,BankTransfer,4/13/2025 11:15
570,287,3520.98,BankTransfer,4/20/2025 3:19
571,53,4509.52,MobilePay,3/13/2025 9:21
572,219,1233.86,MobilePay,2/20/2025 12:59
573,252,9571.5,BankTransfer,4/30/2025 11:52
574,193,9218.73,BankTransfer,5/3/2025 5:12
575,167,7876.32,BankTransfer,5/1/2025 18:21
576,234,3842.7,MobilePay,4/25/2025 7:10
577,220,5679.63,MobilePay,6/14/2025 5:23
578,189,6020.51,BankTransfer,2/19/2025 2:25
579,21,1911.52,CreditCard,3/2/2025 0:00
580,243,8432.62,MobilePay,2/13/2025 15:28
581,153,4164.83,MobilePay,2/22/2025 7:10
582,279,1914.44,BankTransfer,4/4/2025 8:22
583,149,8053.74,MobilePay,2/26/2025 10:53
584,195,2507.86,MobilePay,6/9/2025 15:15
585,232,6713.4,CreditCard,5/27/2025 17:01
586,21,573.4,CreditCard,6/11/2025 9:36
587,252,6662.84,BankTransfer,4/29/2025 6:44
588,127,3684.27,CreditCard,6/3/2025 3:38
589,268,865.59,MobilePay,2/20/2025 15:42
590,67,6785.53,CreditCard,4/14/2025 15:54
591,24,9490.23,MobilePay,2/11/2025 9:24
592,188,2350.23,MobilePay,5/30/2025 9:19
593,82,758.37,MobilePay,4/19/2025 7:59
594,32,9807.31,MobilePay,4/4/2025 21:41
595,69,3841.99,MobilePay,2/11/2025 10:51
596,233,5766.13,CreditCard,3/10/2025 11:35
597,23,8089.98,CreditCard,5/6/2025 23:59
598,75,7242.48,CreditCard,5/1/2025 7:46
599,99,481.23,CreditCard,1/2/2025 23:34
600,103,582.7,MobilePay,6/1/2025 16:15
601,238,5689.08,CreditCard,6/13/2025 7:41
602,15,6403.74,CreditCard,4/22/2025 1:06
603,46,8417.44,CreditCard,6/13/2025 21:44
604,93,2536.66,BankTransfer,3/25/2025 21:55
605,159,717.06,BankTransfer,1/12/2025 10:37
606,174,3767.92,CreditCard,3/28/2025 22:31
607,220,8354.19,MobilePay,3/28/2025 21:40
608,63,5615.93,CreditCard,1/14/2025 14:39
609,197,2078.75,BankTransfer,1/25/2025 7:25
610,274,3726.07,MobilePay,5/29/2025 22:12
611,279,633.05,MobilePay,6/16/2025 10:41
612,231,8935.2,MobilePay,5/9/2025 15:03
613,139,7089.77,MobilePay,3/5/2025 17:42
614,72,6400.14,BankTransfer,2/4/2025 1:41
615,17,6685.85,BankTransfer,3/9/2025 11:48
616,216,3293.51,MobilePay,2/22/2025 4:36
617,179,945.29,MobilePay,5/15/2025 19:02
618,164,8713.78,MobilePay,5/5/2025 17:07
619,244,8428.34,MobilePay,6/8/2025 0:15
620,20,2798.47,BankTransfer,1/3/2025 22:45
621,34,7881.24,CreditCard,3/18/2025 23:26
622,187,1530.04,BankTransfer,3/10/2025 15:53
623,231,4441.21,BankTransfer,1/19/2025 2:30
624,253,7996.62,CreditCard,1/3/2025 21:38
625,4,5718.17,MobilePay,3/9/2025 14:43
626,139,9131.51,CreditCard,1/25/2025 18:04
627,209,6407.29,CreditCard,1/24/2025 21:29
628,175,6292.4,MobilePay,4/9/2025 22:49
629,123,6716.05,BankTransfer,3/11/2025 14:17
630,60,1943.26,MobilePay,6/2/2025 15:16
631,153,9464.04,CreditCard,6/3/2025 17:47
632,110,4358.65,MobilePay,4/24/2025 4:01
633,80,156.51,MobilePay,3/4/2025 19:33
634,212,655.49,BankTransfer,2/16/2025 5:40
635,20,6336.59,CreditCard,2/5/2025 16:33
636,229,2540.22,CreditCard,4/7/2025 13:31
637,203,4250.8,BankTransfer,5/7/2025 13:01
638,23,2495.17,MobilePay,4/11/2025 21:20
639,227,4410.46,MobilePay,3/19/2025 19:53
640,8,2758.73,MobilePay,2/17/2025 13:10
641,221,315.88,MobilePay,5/1/2025 6:55
642,172,5958.12,CreditCard,3/28/2025 16:13
643,34,5880.81,MobilePay,4/2/2025 7:50
644,294,9806.15,MobilePay,3/19/2025 9:30
645,138,6170.96,BankTransfer,4/2/2025 5:34
646,35,6564.7,MobilePay,2/20/2025 6:18
647,44,3703.51,CreditCard,3/8/2025 20:13
648,96,7924.32,MobilePay,2/25/2025 9:27
649,288,8827.95,MobilePay,1/10/2025 9:46
650,89,1480.05,MobilePay,1/27/2025 13:15
651,173,9195.52,MobilePay,3/21/2025 4:30
652,156,8823.14,CreditCard,6/2/2025 22:48
653,134,7218.8,BankTransfer,5/2/2025 8:50
654,23,5261.28,BankTransfer,5/22/2025 21:56
655,20,4395.25,CreditCard,4/4/2025 14:34
656,119,4214.29,MobilePay,5/19/2025 20:22
657,7,5862.77,CreditCard,5/10/2025 21:13
658,195,8783.91,CreditCard,3/14/2025 0:17
659,214,5700.92,CreditCard,1/14/2025 11:56
660,126,9296.5,CreditCard,3/15/2025 0:57
661,128,3839.15,MobilePay,2/21/2025 17:02
662,166,7958.95,CreditCard,2/6/2025 16:29
663,274,407.45,BankTransfer,3/9/2025 22:31
664,113,1969.75,BankTransfer,4/18/2025 1:34
665,198,2651.75,MobilePay,6/1/2025 18:15
666,192,7858.11,CreditCard,3/12/2025 17:30
667,208,3089.6,MobilePay,3/11/2025 0:10
668,213,9113.8,MobilePay,3/8/2025 13:04
669,81,6391.62,MobilePay,5/12/2025 6:29
670,283,1222.65,BankTransfer,5/4/2025 1:30
671,56,3680.27,MobilePay,1/28/2025 1:29
672,155,6550.45,CreditCard,2/17/2025 10:28
673,250,6941.08,BankTransfer,5/22/2025 22:00
674,130,5754.39,MobilePay,2/2/2025 13:35
675,15,4293.48,BankTransfer,4/5/2025 18:38
676,278,9776.22,CreditCard,1/14/2025 12:21
677,72,3505.51,CreditCard,3/11/2025 9:24
678,202,403.43,BankTransfer,5/24/2025 17:25
679,272,7245.95,CreditCard,5/9/2025 4:44
680,136,9137.89,BankTransfer,2/1/2025 4:16
681,225,762.6,MobilePay,1/4/2025 12:00
682,27,9914.45,MobilePay,1/17/2025 23:30
683,179,6126.26,MobilePay,4/25/2025 19:59
684,17,9799.19,CreditCard,6/4/2025 11:20
685,10,1907.38,CreditCard,3/11/2025 12:43
686,292,7474.4,BankTransfer,3/7/2025 7:36
687,229,9190.67,BankTransfer,5/6/2025 20:12
688,216,3103.96,BankTransfer,4/25/2025 14:47
689,228,169.31,MobilePay,6/2/2025 0:53
690,286,4155.41,CreditCard,4/7/2025 3:09
691,43,4094.76,MobilePay,2/6/2025 20:56
692,36,1502.9,MobilePay,6/8/2025 0:40
693,211,1431.62,MobilePay,1/2/2025 9:17
694,298,3533.52,CreditCard,4/27/2025 7:58
695,191,757.95,CreditCard,4/11/2025 19:56
696,257,7276.14,CreditCard,4/18/2025 12:36
697,90,3881.75,CreditCard,6/5/2025 8:09
698,141,1872.55,CreditCard,1/22/2025 9:00
699,270,9220,BankTransfer,4/13/2025 23:44
700,150,5041.43,MobilePay,3/29/2025 22:33
701,250,5262.49,CreditCard,3/22/2025 15:24
702,108,4280.18,BankTransfer,3/5/2025 3:52
703,38,6109.5,BankTransfer,4/1/2025 1:20
704,12,6449.51,MobilePay,5/12/2025 15:08
705,193,2396.41,MobilePay,1/2/2025 20:33
706,282,9615.54,CreditCard,1/11/2025 18:33
707,69,9331.08,MobilePay,6/10/2025 23:45
708,71,6143.25,MobilePay,6/3/2025 2:01
709,53,2739.53,CreditCard,3/30/2025 7:05
710,69,1181.47,CreditCard,4/2/2025 0:02
711,21,9782.27,MobilePay,6/17/2025 15:38
712,268,5071.29,BankTransfer,3/6/2025 10:30
713,258,2984.21,BankTransfer,5/11/2025 12:00
714,101,9568.75,BankTransfer,3/8/2025 17:36
715,87,3813.19,BankTransfer,6/20/2025 2:29
716,108,999.05,CreditCard,2/19/2025 3:08
717,155,5892.83,MobilePay,3/15/2025 9:30
718,15,4714.81,CreditCard,2/2/2025 4:18
719,262,1685.04,MobilePay,4/17/2025 14:26
720,66,1173.9,BankTransfer,1/13/2025 10:47
721,121,5486.67,MobilePay,1/31/2025 3:49
722,84,1425.91,BankTransfer,5/27/2025 19:28
723,112,1304.13,CreditCard,1/13/2025 2:04
724,160,9356.39,CreditCard,5/30/2025 5:39
725,41,885.21,MobilePay,3/13/2025 18:32
726,248,8195.28,BankTransfer,3/14/2025 2:27
727,232,6336.12,CreditCard,3/15/2025 20:39
728,132,8726.02,BankTransfer,1/17/2025 6:14
729,293,7705.54,BankTransfer,5/14/2025 18:15
730,262,9416.3,CreditCard,3/22/2025 4:52
731,41,7925.99,BankTransfer,2/18/2025 20:50
732,90,271.28,BankTransfer,1/2/2025 12:02
733,19,3210,CreditCard,1/5/2025 20:46
734,299,3486.45,MobilePay,1/20/2025 0:51
735,126,7598.46,CreditCard,3/2/2025 13:54
736,264,2841.07,BankTransfer,3/7/2025 10:33
737,40,9300.07,BankTransfer,4/14/2025 11:59
738,289,2169.48,MobilePay,5/12/2025 23:08
739,268,9215.4,MobilePay,4/8/2025 9:01
740,104,859.28,MobilePay,2/21/2025 22:50
741,150,5761.87,CreditCard,3/13/2025 16:49
742,135,9633,BankTransfer,2/27/2025 16:42
743,231,4204.12,MobilePay,2/14/2025 2:20
744,92,4474.24,CreditCard,3/10/2025 22:02
745,4,5891.07,CreditCard,5/26/2025 0:28
746,52,5378.2,MobilePay,5/25/2025 11:28
747,32,8833.43,MobilePay,6/10/2025 9:27
748,279,2051.3,BankTransfer,3/31/2025 10:44
749,76,8156.31,CreditCard,3/7/2025 4:48
750,41,1239.3,CreditCard,6/18/2025 9:02
751,262,9316.6,CreditCard,5/8/2025 10:37
752,213,5452.75,CreditCard,3/21/2025 22:20
753,238,2494.87,CreditCard,1/16/2025 14:20
754,266,1136.42,BankTransfer,1/19/2025 9:19
755,238,8842.05,BankTransfer,1/21/2025 0:52
756,17,4600.77,CreditCard,3/20/2025 16:56
757,38,5085.49,BankTransfer,6/21/2025 7:24
758,10,4365.41,MobilePay,6/18/2025 11:03
759,29,6672.71,MobilePay,1/28/2025 5:25
760,186,8851.9,CreditCard,4/16/2025 22:00
761,144,9755.83,CreditCard,1/13/2025 1:53
762,26,8000.65,MobilePay,2/5/2025 12:28
763,253,917.85,CreditCard,3/26/2025 12:15
764,233,1434.56,MobilePay,4/16/2025 11:18
765,228,3243.36,BankTransfer,4/30/2025 16:58
766,290,9299.54,MobilePay,3/25/2025 3:53
767,108,6823.09,BankTransfer,1/5/2025 21:43
768,220,1030.46,CreditCard,4/2/2025 0:02
769,277,4130.89,BankTransfer,3/8/2025 9:08
770,57,8848.86,BankTransfer,1/15/2025 13:25
771,89,6554.91,CreditCard,1/6/2025 22:49
772,260,3764.07,CreditCard,6/4/2025 22:41
773,291,9303.01,CreditCard,2/2/2025 23:58
774,13,8801.22,BankTransfer,5/3/2025 22:34
775,141,6101.94,CreditCard,1/17/2025 15:23
776,298,2738.64,BankTransfer,6/5/2025 22:13
777,240,4070.07,CreditCard,2/3/2025 3:39
778,209,8239.81,CreditCard,5/31/2025 5:24
779,60,5401.34,MobilePay,2/23/2025 6:37
780,19,7486.26,CreditCard,2/10/2025 16:20
781,11,8482.8,CreditCard,5/26/2025 8:20
782,31,9311.8,MobilePay,6/15/2025 8:02
783,119,4486.77,BankTransfer,3/28/2025 23:32
784,224,4076.35,MobilePay,1/22/2025 1:27
785,243,8923.77,BankTransfer,1/9/2025 13:25
786,173,9853.45,MobilePay,3/20/2025 23:56
787,248,1734.79,CreditCard,2/22/2025 19:09
788,98,2726.83,BankTransfer,2/27/2025 6:19
789,118,5509.43,MobilePay,3/14/2025 10:16
790,37,4693.21,MobilePay,6/14/2025 17:54
791,118,6521.86,CreditCard,1/2/2025 17:53
792,249,1786.11,BankTransfer,2/11/2025 1:10
793,15,4043.32,CreditCard,6/4/2025 21:57
794,177,6163.3,CreditCard,6/15/2025 20:13
795,62,1648.78,CreditCard,2/27/2025 0:51
796,185,835.47,CreditCard,6/3/2025 23:44
797,16,6096.72,BankTransfer,4/30/2025 14:33
798,56,1829.16,BankTransfer,3/4/2025 10:51
799,270,1899.2,BankTransfer,2/16/2025 2:10
800,140,5275.55,MobilePay,4/13/2025 6:48
801,49,2258.28,CreditCard,4/9/2025 22:41
802,50,100.99,MobilePay,2/7/2025 12:02
803,267,359.97,MobilePay,2/10/2025 19:10
804,44,661.01,BankTransfer,6/7/2025 22:42
805,48,1744.22,BankTransfer,2/17/2025 15:47
806,130,7207.65,BankTransfer,2/5/2025 11:40
807,298,2372.66,MobilePay,1/31/2025 10:37
808,185,6132.42,MobilePay,1/7/2025 6:35
809,116,5264.86,MobilePay,2/18/2025 20:50
810,165,2573.67,BankTransfer,1/7/2025 0:41
811,142,8631.57,BankTransfer,3/16/2025 19:49
812,59,6236.81,MobilePay,5/15/2025 15:16
813,89,8288.74,BankTransfer,4/23/2025 17:43
814,25,189.61,MobilePay,2/23/2025 0:27
815,120,3970.42,MobilePay,2/15/2025 20:02
816,177,4836.17,CreditCard,3/14/2025 7:28
817,266,790.65,CreditCard,6/7/2025 12:18
818,276,8305.49,BankTransfer,2/14/2025 16:59
819,7,9411.18,MobilePay,6/9/2025 6:33
820,254,8794.91,BankTransfer,2/19/2025 8:50
821,116,2220.83,MobilePay,6/2/2025 8:45
822,270,1932.25,CreditCard,2/20/2025 20:51
823,149,6958.15,BankTransfer,4/2/2025 16:54
824,156,4025.59,MobilePay,1/21/2025 15:10
825,187,4537.38,CreditCard,2/15/2025 9:57
826,35,709.9,CreditCard,1/17/2025 21:56
827,70,9915.31,MobilePay,3/12/2025 14:35
828,287,6129.91,MobilePay,1/4/2025 2:23
829,159,8497.85,CreditCard,3/13/2025 11:19
830,243,3259.1,CreditCard,6/11/2025 9:43
831,140,5281.51,CreditCard,2/27/2025 14:21
832,91,9992.83,MobilePay,1/24/2025 1:32
833,68,6235.75,BankTransfer,3/9/2025 20:01
834,208,3516.46,BankTransfer,2/20/2025 6:51
835,254,5718.17,MobilePay,4/27/2025 16:29
836,232,2589.9,CreditCard,1/13/2025 2:43
837,171,5558.03,MobilePay,1/11/2025 6:35
838,214,5310.86,MobilePay,4/6/2025 0:00
839,296,8181.01,MobilePay,1/2/2025 18:08
840,82,3670.91,MobilePay,3/13/2025 17:35
841,87,8732.42,CreditCard,5/26/2025 20:00
842,77,2816.38,CreditCard,3/13/2025 5:24
843,97,420.28,BankTransfer,2/12/2025 9:57
844,299,9052.86,BankTransfer,4/27/2025 13:02
845,38,1449.95,BankTransfer,2/11/2025 20:51
846,298,2892.58,BankTransfer,6/5/2025 1:32
847,226,1141.29,BankTransfer,1/21/2025 0:44
848,161,9829.91,CreditCard,2/13/2025 12:49
849,25,1570.58,BankTransfer,6/7/2025 1:05
850,127,5758.68,CreditCard,3/10/2025 19:44
851,159,6662.83,BankTransfer,3/20/2025 8:07
852,29,711.08,BankTransfer,5/15/2025 16:55
853,155,500.64,MobilePay,6/16/2025 15:58
854,248,8274.48,MobilePay,4/5/2025 23:38
855,50,5716.25,BankTransfer,6/9/2025 6:18
856,104,1490.82,BankTransfer,5/24/2025 1:19
857,190,8200.11,CreditCard,3/31/2025 12:43
858,4,5946.67,MobilePay,5/6/2025 2:04
859,232,405.38,CreditCard,2/16/2025 21:39
860,152,6266.8,CreditCard,4/4/2025 1:54
861,213,5819.74,BankTransfer,5/16/2025 21:57
862,115,7967.33,BankTransfer,3/8/2025 23:49
863,235,6471.51,MobilePay,1/10/2025 17:14
864,238,4200.73,BankTransfer,2/5/2025 5:53
865,242,2802.18,MobilePay,5/10/2025 7:42
866,226,6107.29,CreditCard,5/6/2025 3:54
867,237,1554.31,BankTransfer,1/5/2025 18:00
868,249,8447.8,CreditCard,1/25/2025 4:14
869,38,6514.61,BankTransfer,6/1/2025 21:53
870,70,4889.23,CreditCard,1/6/2025 15:51
871,29,4103.32,BankTransfer,6/13/2025 9:38
872,130,9501.51,MobilePay,1/11/2025 7:15
873,149,1859.25,MobilePay,2/8/2025 14:17
874,127,3080.31,BankTransfer,5/30/2025 21:19
875,227,9335.35,CreditCard,5/27/2025 9:06
876,188,5177.92,BankTransfer,5/20/2025 9:31
877,236,2009.58,CreditCard,5/31/2025 16:37
878,44,8719.02,MobilePay,5/19/2025 11:04
879,148,7310.59,CreditCard,3/8/2025 17:42
880,161,5660.28,MobilePay,4/1/2025 1:30
881,141,3265.25,MobilePay,6/21/2025 1:37
882,160,9997.21,CreditCard,3/16/2025 16:31
883,106,1723.47,BankTransfer,1/29/2025 0:17
884,57,8745.78,MobilePay,1/15/2025 1:19
885,198,869.9,MobilePay,5/22/2025 22:34
886,257,1937.89,CreditCard,6/6/2025 22:25
887,75,6264.84,CreditCard,6/4/2025 22:51
888,150,9809.76,CreditCard,4/25/2025 15:53
889,265,9712.68,MobilePay,6/3/2025 5:22
890,227,9750.8,CreditCard,2/12/2025 4:44
891,241,1419.58,BankTransfer,5/17/2025 7:31
892,24,7604.54,CreditCard,1/8/2025 11:26
893,264,4829.39,BankTransfer,1/13/2025 2:55
894,248,1113.25,MobilePay,3/11/2025 23:58
895,12,5453.07,MobilePay,4/10/2025 6:44
896,286,904.94,BankTransfer,1/26/2025 6:24
897,82,4953.29,BankTransfer,4/18/2025 12:55
898,55,816.09,BankTransfer,2/15/2025 6:16
899,84,4984.68,BankTransfer,3/2/2025 1:51
900,8,4711.2,BankTransfer,3/14/2025 14:06
901,105,9689.73,MobilePay,4/1/2025 23:25
902,43,8527.79,CreditCard,2/13/2025 8:48
903,96,451.54,CreditCard,3/18/2025 14:23
904,204,8428.24,CreditCard,5/15/2025 12:48
905,88,2020.24,CreditCard,4/18/2025 22:18
906,260,9816.39,BankTransfer,4/21/2025 1:30
907,298,8084.95,MobilePay,2/9/2025 22:51
908,289,6267.69,CreditCard,3/15/2025 14:35
909,54,7914.17,CreditCard,6/2/2025 21:50
910,14,4801.04,MobilePay,2/15/2025 3:30
911,199,991.57,BankTransfer,3/7/2025 22:36
912,208,4629.89,CreditCard,1/22/2025 11:36
913,297,4452.35,MobilePay,5/21/2025 8:33
914,225,5290.33,MobilePay,1/3/2025 23:42
915,89,4071.59,MobilePay,4/25/2025 18:43
916,49,7601.16,CreditCard,3/2/2025 16:25
917,222,7970.58,CreditCard,3/2/2025 18:09
918,209,6673.88,MobilePay,3/30/2025 5:01
919,298,4980.56,CreditCard,3/18/2025 8:38
920,228,2230.54,CreditCard,1/16/2025 7:19
921,57,9985.95,CreditCard,5/16/2025 14:09
922,232,824.57,BankTransfer,3/19/2025 16:23
923,72,943.44,MobilePay,4/2/2025 18:59
924,64,7752.42,MobilePay,5/1/2025 8:39
925,10,6106.68,MobilePay,4/18/2025 1:33
926,79,4641.12,CreditCard,2/28/2025 22:00
927,220,4801.06,MobilePay,2/24/2025 7:35
928,291,6248.25,BankTransfer,6/2/2025 14:51
929,133,1530.81,MobilePay,1/19/2025 4:58
930,267,4200.09,CreditCard,2/2/2025 4:34
931,230,5052.15,MobilePay,4/8/2025 16:50
932,5,3308.06,BankTransfer,6/5/2025 12:45
933,179,9256.43,BankTransfer,4/7/2025 19:36
934,58,1367.68,MobilePay,5/15/2025 2:25
935,55,1353.85,MobilePay,4/12/2025 10:32
936,263,8186.64,CreditCard,1/14/2025 6:23
937,241,225.05,MobilePay,1/7/2025 14:23
938,137,6224.23,BankTransfer,5/11/2025 4:42
939,234,4891.99,BankTransfer,2/20/2025 1:29
940,188,5310.99,BankTransfer,3/23/2025 19:44
941,65,7617.63,MobilePay,1/24/2025 16:57
942,285,8000.82,BankTransfer,1/28/2025 15:47
943,75,6905.26,BankTransfer,3/17/2025 5:37
944,260,2413.57,BankTransfer,5/4/2025 14:58
945,289,6879.8,CreditCard,2/5/2025 8:56
946,252,8885.73,BankTransfer,1/10/2025 23:07
947,297,2217.87,BankTransfer,3/26/2025 6:02
948,216,9069.87,MobilePay,5/9/2025 4:02
949,82,1264.08,CreditCard,3/14/2025 17:26
950,42,9105.67,CreditCard,4/8/2025 11:30
951,201,758.87,CreditCard,1/15/2025 1:41
952,34,7266.01,BankTransfer,3/3/2025 23:00
953,78,4844.17,MobilePay,2/18/2025 20:51
954,194,6617.46,MobilePay,4/8/2025 19:33
955,98,6108.33,BankTransfer,4/18/2025 11:17
956,109,9767.75,MobilePay,1/26/2025 22:17
957,240,2360.09,CreditCard,4/18/2025 22:35
958,216,7567.89,MobilePay,4/7/2025 20:39
959,83,4413.04,MobilePay,2/23/2025 23:25
960,231,4482,CreditCard,4/1/2025 6:52
961,45,2694.92,CreditCard,2/4/2025 3:54
962,104,3468.94,CreditCard,5/28/2025 6:10
963,249,6783.57,BankTransfer,2/5/2025 2:49
964,138,2469.61,CreditCard,5/17/2025 4:17
965,235,816.79,BankTransfer,1/25/2025 16:35
966,208,1503.79,BankTransfer,3/2/2025 9:10
967,249,4068.55,MobilePay,3/12/2025 12:06
968,247,5332.32,BankTransfer,1/15/2025 5:35
969,158,5265.18,CreditCard,4/29/2025 12:47
970,162,3900.56,CreditCard,5/9/2025 20:19
971,118,888.26,CreditCard,6/14/2025 16:43
972,206,4078.11,CreditCard,4/23/2025 16:19
973,79,6167.92,MobilePay,3/27/2025 17:06
974,74,6191.82,MobilePay,3/5/2025 12:46
975,61,2102.77,BankTransfer,4/27/2025 13:27
976,182,8721.63,CreditCard,1/29/2025 2:14
977,27,854.01,MobilePay,6/20/2025 22:57
978,267,240.29,BankTransfer,3/27/2025 15:17
979,37,679.61,MobilePay,3/2/2025 18:28
980,174,8668.31,BankTransfer,5/19/2025 20:12
981,187,6897.42,CreditCard,1/25/2025 12:39
982,205,8394.27,BankTransfer,3/14/2025 23:19
983,76,4356.68,CreditCard,4/5/2025 7:56
984,244,3291.51,MobilePay,3/4/2025 1:51
985,151,2174.61,CreditCard,4/14/2025 21:48
986,215,199.67,CreditCard,5/4/2025 15:31
987,247,5644.94,MobilePay,6/13/2025 16:54
988,94,2904.04,CreditCard,5/7/2025 14:41
989,193,9019.58,BankTransfer,5/29/2025 6:05
990,105,9519.63,MobilePay,3/23/2025 18:20
991,133,7196.75,BankTransfer,1/8/2025 12:00
992,248,8492.88,CreditCard,5/25/2025 13:53
993,74,2215.13,CreditCard,3/7/2025 13:21
994,242,6419.04,CreditCard,4/13/2025 0:42
995,23,7521.88,MobilePay,5/19/2025 4:39
996,157,510.79,CreditCard,5/2/2025 15:08
997,212,4556.8,MobilePay,5/16/2025 22:36
998,55,3790.2,MobilePay,6/8/2025 6:31
999,254,6143.37,BankTransfer,4/22/2025 0:02
