TransactionID,CustomerID,DeviceID,AppVersion,TransactionType,Amount,Date
1,294,d46d1278-ab53-454b-8c66-47fd7a8f768a,5.4.4,Payment,1356.27,4/18/2025 4:37
2,255,4dec7915-47ff-426a-ab4a-c3a1fb12b484,5.8.3,Transfer,1447.06,1/1/2025 10:08
3,403,65f2f756-5085-41f1-8837-efe7ed173e50,3.2.3,Payment,1108.38,2/12/2025 23:16
4,567,1d67dd18-0918-4829-a510-8fec6feb11bf,4.7.6,Payment,1579.12,3/19/2025 22:47
5,160,dbfef27f-02a1-4155-aa86-e1f95b5eb665,4.3.5,Payment,1661.72,5/20/2025 18:15
6,878,365fcf86-9a50-4727-9d42-529b75e5fee2,3.0.6,Payment,117.76,6/6/2025 8:54
7,107,daf67294-eb5a-4fa9-8430-609dd46cb42e,4.6.3,Payment,543.99,1/22/2025 23:08
8,61,d2ddafce-40be-4ad5-855b-aa4b6ffce622,1.4.2,Payment,751.93,1/5/2025 12:56
9,707,e51be9e9-c515-4faa-b34a-73175f59c63e,2.4.5,Payment,1944.72,3/2/2025 11:03
10,426,bd7e52f3-404b-41eb-b7fb-61638cc5992e,2.6.2,Transfer,367.99,6/6/2025 2:50
11,223,7f7abb2a-545f-44de-919d-6e197f1d3d17,2.5.7,Payment,570.21,5/31/2025 5:54
12,273,b273317b-7e1e-4206-9deb-7b76367f26a6,3.5.1,Transfer,410.75,2/5/2025 15:56
13,893,d3be5ff3-1620-41a9-9dc8-98769732d6b8,3.2.1,Payment,214.98,1/27/2025 8:55
14,348,ddf12fda-6ea8-41f1-9a75-eaecdb70af1c,3.9.4,Transfer,1983.3,3/22/2025 2:50
15,341,a7237886-69fc-4033-85bb-25f9a408d3f0,4.4.2,Payment,1265.39,3/8/2025 11:18
16,545,9073cb4c-7d6a-4b4b-9c36-79bebd4a4d4a,3.2.4,Transfer,479.09,5/11/2025 0:36
17,113,a87ea09f-f1d5-4d71-86ec-7542a9731afd,3.1.2,Payment,250.42,4/15/2025 16:07
18,932,e89f9de6-8f7b-4187-b382-4fef6a67cf6e,4.4.7,Payment,1804.64,3/7/2025 21:55
19,677,a4b9cab8-a377-44d6-80ff-d992af35a7a6,4.4.2,Transfer,351.19,6/5/2025 16:41
20,452,8a053da8-937b-4452-b20a-e6206ee08c31,2.5.3,Transfer,752.44,4/2/2025 10:05
21,661,b289b382-bfdc-45a5-89dc-cc366d84c784,5.1.5,Payment,1708.86,5/24/2025 10:00
22,63,c6261748-d9aa-4719-abd5-6f82995cee79,4.5.1,Transfer,740.32,4/14/2025 10:11
23,967,0e49eaa7-f4a2-473f-8ee6-c389f88a77c5,1.8.3,Transfer,962.81,4/9/2025 5:09
24,583,9c81a28e-79e9-40e8-bf8e-c2e09e727b2c,2.3.0,Transfer,1915.93,1/25/2025 22:27
25,833,0768bdb9-4800-4fc0-b5ea-ab4eaea5ca8a,5.2.4,Transfer,1481.6,2/3/2025 22:50
26,79,b89cb50c-4827-48a9-8f42-e8dc61b7de71,1.8.1,Payment,505.73,5/29/2025 11:05
27,308,ff55183f-4217-454a-b177-30bc985ce4b9,2.7.8,Transfer,1879.84,2/26/2025 13:29
28,316,18c02606-b36e-4d2d-a68a-2dee62b89b05,2.0.1,Transfer,1265.65,5/16/2025 21:45
29,14,92008daf-720d-4a60-8761-dc2dec4c2273,4.6.9,Transfer,232.89,1/31/2025 3:42
30,28,8e3299e5-7db5-4ec1-a8ec-e648299a1001,4.9.6,Payment,1501.15,2/1/2025 23:44
31,936,faee6612-6321-467d-b605-4f2036545712,3.9.1,Payment,1598.96,4/25/2025 14:54
32,815,ce4739fd-7ad6-4b15-98ae-cfa0ae8a3125,1.8.7,Payment,774.59,5/1/2025 12:22
33,10,ee79f184-b462-487e-82e4-75ab5867f1a0,4.1.4,Transfer,171.63,6/2/2025 14:53
34,596,3d71e1cd-d395-4eb3-96d9-01bcad7b07cf,1.1.1,Payment,640.25,4/30/2025 16:00
35,143,fbe7b835-d4a9-41e3-8203-49ca9942f9dc,2.1.6,Payment,8.29,4/19/2025 10:34
36,261,2f0a0fbe-2441-4136-9d4a-dd42b59cba50,1.2.7,Payment,1118.05,2/19/2025 19:22
37,831,a9273abb-1571-4a90-8ce7-945bad2acc64,5.8.6,Payment,1279.55,2/14/2025 10:21
38,116,9e0f9fc2-5a0e-4bc5-9eb8-4a1e4cbf67a0,2.0.8,Transfer,1777.69,3/22/2025 20:04
39,271,10fd5065-f145-40de-a0a5-b350d0d66628,5.8.4,Payment,746.99,6/11/2025 0:28
40,871,052301bf-b785-4785-ba0f-eb25a40464b6,4.9.6,Transfer,1237.68,6/4/2025 5:28
41,834,ee4f53c4-7c11-442a-829c-62eafab9c9b9,4.8.4,Payment,69.68,3/12/2025 8:18
42,64,600f494a-e833-4b2e-bd7c-328644744291,1.4.1,Transfer,1677.1,4/14/2025 17:38
43,140,f438d5b4-a2fe-4853-be9e-021d7ad4a002,3.6.0,Transfer,449.56,6/5/2025 12:11
44,501,65e619f5-7176-442a-a7db-1e9574578ac2,2.3.8,Transfer,140.12,4/19/2025 3:48
45,363,58ec78df-f9c3-43d9-b4bd-a413f2198012,5.5.2,Transfer,1481.04,1/27/2025 10:02
46,726,2055d729-f460-4075-ad18-27ccebe02917,5.4.7,Transfer,1321.1,5/15/2025 2:59
47,715,f160472f-4e9d-4f41-aad9-26ad25755bc7,4.3.7,Payment,1188.1,3/3/2025 14:57
48,30,2c49c9bd-dde4-4d1a-b6c2-18bc8cd86394,3.5.7,Transfer,1151.69,1/6/2025 2:31
49,676,6101378c-54b1-49cd-a08a-d9eb84596527,5.8.3,Transfer,889.94,4/21/2025 9:57
50,17,b09c3cb6-d264-4bd9-9170-616908dab6cb,4.4.1,Payment,741.1,4/28/2025 11:41
51,224,5576acfb-7b32-42da-a8aa-cd59f9b8b247,5.4.8,Payment,636.34,3/5/2025 14:43
52,791,d10e228c-a6b6-4943-aa22-ea081edd74cb,3.3.9,Payment,1950.61,1/25/2025 8:21
53,350,d3b68e8a-ecd9-4e1e-b3ec-f2dce4453e53,4.0.2,Transfer,1536.16,1/13/2025 16:44
54,648,ba281f20-81b9-4b99-8ebc-f0db95051cd5,4.9.6,Transfer,1434.79,5/1/2025 17:55
55,876,cc06e823-ebb5-49ba-8471-728fb64f1347,5.6.3,Transfer,617.97,1/9/2025 6:47
56,480,da90af72-ac41-4420-a05d-677bd5e9aa04,4.0.7,Transfer,1691.29,3/8/2025 9:28
57,817,d7ba69fc-6dd7-4a94-991d-4e437aed4dc8,2.1.0,Payment,1003.32,4/24/2025 13:44
58,133,245e1a39-829e-4dce-afc5-34333f55bbd4,4.2.2,Transfer,625.05,3/4/2025 19:08
59,672,86a05af5-ae07-4d33-8a42-7c529b882056,3.1.8,Payment,1753.52,1/26/2025 21:54
60,134,94753605-b2ca-4da3-97ae-222d245761f4,3.5.9,Transfer,126.47,3/16/2025 17:17
61,358,74aa043a-93e6-49d7-8d26-bcaaa66b3062,5.3.5,Transfer,750.13,4/14/2025 22:54
62,345,c78c26a5-5dfa-4421-b761-b86386e1bce9,2.4.3,Transfer,1546.9,1/12/2025 18:48
63,783,a81ea3ff-0242-4085-9181-64201079a6b2,5.5.0,Transfer,1446.86,3/13/2025 6:48
64,428,744bb404-1d6d-42cd-8667-366626d4b4f6,3.5.7,Payment,974.25,4/30/2025 4:09
65,881,496a2a1a-310f-4de5-adec-ae838eaeb117,3.8.5,Payment,663.86,2/21/2025 6:15
66,175,3e80c813-7c0b-4107-a6fe-f749ce561ee8,2.5.8,Transfer,841.52,4/17/2025 8:06
67,813,ba0855ad-4098-40f0-8f99-8dfc4c4afb1f,5.0.1,Transfer,1611.84,5/19/2025 6:44
68,792,a012f169-ef87-49d8-b27d-b4552559ee81,2.2.7,Payment,1244.23,1/21/2025 11:39
69,577,b54c198b-33b7-4f47-9327-6b6b4af4a4ad,4.5.2,Payment,1574.14,4/23/2025 10:16
70,407,ae4a115b-c0f5-4d4a-b3ff-4c9c0b3d3b50,4.4.9,Payment,288.71,4/17/2025 0:15
71,840,3c02ab40-ee35-4ae9-acb6-ec372240af3b,2.8.5,Transfer,80.9,3/23/2025 19:21
72,1,b8108405-eb42-4f77-9cda-fef66aa2315e,1.8.4,Payment,688.26,2/17/2025 16:00
73,732,39e67783-82c4-4ad0-9ea3-ab3b989d5eb7,1.2.4,Payment,832.63,5/2/2025 9:38
74,758,1ca2a772-c55c-401c-aa6d-626fa3234bf2,3.7.5,Payment,1675.13,4/25/2025 5:33
75,557,9960e747-c59b-46f6-88ee-75ba1b28fc06,3.1.3,Transfer,753.36,6/16/2025 0:36
76,254,2adc994e-281c-4f81-8de1-90cbfed6a4f3,3.2.9,Transfer,837.38,4/2/2025 17:44
77,320,6c9cddb1-b7d6-432c-ade9-2ff45fa3d9fd,2.6.2,Payment,545.88,5/13/2025 22:20
78,524,9b739bf7-69df-48e8-993f-1baea354e2d1,3.2.0,Transfer,1582.25,2/11/2025 7:32
79,210,743ef0ce-ffbd-4bb8-a9aa-71a9a2de0a02,3.6.1,Payment,1056.78,2/13/2025 19:34
80,511,480dfae7-4743-4ab4-8954-e13857258555,5.7.3,Transfer,292.13,2/21/2025 7:29
81,184,6c065d3d-1cf2-46ee-a2ff-8f5a1a817118,4.5.9,Payment,1319.73,5/20/2025 6:28
82,709,3251bf50-b725-4b31-94e5-47161b16b36e,5.0.4,Payment,1425.24,4/6/2025 5:15
83,628,13fe62cc-cb48-4df2-8524-aa561fa073d3,1.7.1,Transfer,101.3,2/6/2025 18:47
84,252,172b87b6-4a56-4465-b513-448cf8915fc3,2.3.0,Transfer,587.29,6/7/2025 3:36
85,89,72aff466-55f4-4864-9db4-82757174aefb,5.4.3,Transfer,1307.12,3/25/2025 17:32
86,886,10f27725-de5e-4e9f-9aa8-4bc028eff8c7,4.0.2,Payment,1262.77,6/22/2025 3:03
87,941,b6563d42-0c3c-46b1-a3b3-9de79d2bc594,2.1.3,Transfer,1821.64,4/21/2025 21:35
88,554,cbff9b3d-b56e-4d15-99e5-8051b3eeae1d,1.2.1,Payment,1162.8,6/9/2025 10:00
89,953,e02a1dd7-9d5f-48f3-9ddf-9d85c8c1854f,4.7.6,Transfer,1879.39,3/3/2025 23:02
90,802,621c83bf-09a3-4dfd-b021-bea9503eb0d9,4.7.3,Transfer,687.43,5/2/2025 23:21
91,978,cc56376f-48da-4d26-bf1f-85ccf5b8c684,4.6.4,Transfer,700.44,3/7/2025 12:02
92,339,31567f59-1d77-481b-8297-311c52e9a987,5.0.3,Transfer,1799.53,5/27/2025 20:01
93,517,cfeaf4f8-2f4d-4658-8e58-d7f4fe23df79,1.9.5,Transfer,408.07,6/3/2025 5:34
94,791,dd7c2d5b-4561-4c36-b4f1-28f7baf2660e,1.1.0,Payment,766.73,3/12/2025 1:27
95,210,a8d45161-5d70-4d17-9f79-f38e614dbb63,5.5.5,Payment,473.9,2/9/2025 5:58
96,51,ffba8731-f5f0-4b6d-a3c9-82ad2933ae11,5.9.2,Payment,1383.84,6/8/2025 7:00
97,194,419f5724-2ed4-4d8e-9555-2b9d54605b77,1.3.5,Payment,626.1,1/15/2025 17:40
98,671,9a0882f0-780b-49c0-a4a1-af6b5014fdd7,5.5.5,Payment,931.7,5/3/2025 15:58
99,147,cdd2953b-9e39-4c88-8df9-6a846a0238e9,4.4.0,Transfer,281.54,6/11/2025 11:50
100,815,90c1cae8-9d36-45e1-82d5-adf6307d93fe,4.0.6,Transfer,566.47,2/17/2025 14:38
101,109,1f3db1ff-b71c-4090-8e3c-0ae999ee7509,3.1.4,Transfer,1630.86,3/17/2025 14:43
102,489,ef29b6b0-d230-4bf1-a2de-bef6f3bc5753,4.2.1,Transfer,1918.57,3/14/2025 20:33
103,576,6f8ae0c3-89e6-4339-a3f6-48190733f1ca,2.4.2,Transfer,1396.04,6/12/2025 9:50
104,856,a57ed750-87fc-4c49-9a3f-37c764b531fb,5.7.3,Payment,352.66,6/10/2025 21:28
105,289,92c454ab-be90-4bb3-a7bf-ff18b0ccc862,1.6.9,Transfer,1650.98,6/17/2025 0:15
106,941,55ca381e-a628-474d-8759-2934490f4d5b,2.5.2,Payment,319.58,3/27/2025 7:05
107,759,b35ef55d-1213-45f6-a1ef-cd1f12e5a668,3.8.9,Payment,910.63,6/4/2025 0:03
108,787,4d55f8ac-c2ef-461c-80a8-01eabd14d86d,1.2.5,Payment,1076.34,3/2/2025 1:17
109,544,6a7b9e80-62d8-4adf-9ab4-9ee63a4204f6,5.9.1,Transfer,1661.15,5/1/2025 10:50
110,367,f7c5411c-8782-4823-8b5b-54d9aab8e9c1,1.6.5,Payment,1499.53,4/28/2025 9:04
111,718,f71cf1d2-4bd6-492a-83b3-14afd4185a7d,5.4.5,Transfer,1315.34,6/15/2025 20:36
112,301,e590cbdf-905f-4ef2-8b47-13c9f5a3be02,3.6.4,Transfer,293.04,4/23/2025 11:06
113,845,002818b4-4564-4dba-819d-a12076a23fb5,5.0.0,Transfer,149.74,2/17/2025 7:22
114,380,a89796d1-003f-4ea9-a521-eadf1a418a56,2.4.2,Transfer,993.55,1/12/2025 4:42
115,375,6d147c60-fe11-4b93-8711-6fef6f03f5f4,3.4.7,Payment,1575.99,5/17/2025 11:20
116,515,f3837292-5ef2-486f-be63-d0b409d1d992,5.7.7,Transfer,1530.17,2/22/2025 5:21
117,128,8155af38-329a-42dc-aad7-4490cd132f7f,3.6.7,Payment,1498.48,1/29/2025 7:53
118,631,e3b47d3a-7017-41cc-84b1-df028b257252,2.6.7,Payment,1518.75,4/1/2025 16:49
119,976,b5ddff16-f48b-4435-b0e4-a42e8f2aef33,3.0.2,Payment,119.31,2/17/2025 8:07
120,708,9842f07d-5d61-4d10-bd87-087851ffaf42,3.1.7,Transfer,1801.12,5/25/2025 21:35
121,34,5181507b-c67e-4083-846b-fdfcffa0f642,4.3.4,Transfer,90.57,3/6/2025 1:58
122,255,82fee6e3-805a-4f9c-a48f-b43bb53b5c50,1.6.1,Payment,1328.93,5/12/2025 22:45
123,13,637141cc-d237-48ca-9523-51ed5693b92d,4.9.9,Payment,1604.77,5/5/2025 7:38
124,764,be824208-da40-45b8-b2cc-ac018b80fa5a,1.6.4,Transfer,965.46,2/1/2025 18:54
125,864,dddb2b9e-06d6-4eb1-bd8c-bc796af9f564,2.7.5,Transfer,1296.96,2/10/2025 4:51
126,735,1eecb292-1005-4da8-ab0b-00b109261bd9,5.3.2,Transfer,982.32,1/11/2025 13:42
127,921,feb63db6-4cdf-48da-a7e2-63f7c5e2e54a,5.5.1,Transfer,1361.71,4/3/2025 10:19
128,434,52fc1b52-a989-4e11-b51d-f7d9bf4e6829,4.8.8,Payment,698.31,6/6/2025 11:10
129,761,81e54e2e-50dd-478f-b4f0-a5a4775fd35c,4.1.5,Transfer,1672.52,1/17/2025 19:09
130,694,5aa3df4c-fe0f-48ce-83f4-8a9a5550c37a,4.1.6,Transfer,1121.56,5/13/2025 9:23
131,597,de2759b2-f099-419b-af29-075d8662aee3,3.0.9,Payment,844.05,2/8/2025 2:53
132,765,86a1eb7f-3960-4a71-a0cd-e6c6b935b231,2.6.4,Transfer,1280.26,6/12/2025 4:09
133,350,947c0e42-c858-4bad-96a7-308fd66c9afb,5.5.5,Payment,1392.73,4/26/2025 23:21
134,120,6f3de911-dd02-4de7-a74f-239a74d1ea30,1.3.3,Transfer,833.58,6/6/2025 6:10
135,193,9a31dc7c-52ce-48b8-b2b1-f0f0dc4732b6,2.2.4,Transfer,1862.56,1/7/2025 12:47
136,524,6ac90977-a689-481f-a55d-d15ee2d8943f,2.5.6,Transfer,139.42,2/2/2025 11:41
137,132,bdce5bd6-6042-4b86-b86d-c8b0931c024f,1.2.6,Transfer,1692.1,5/12/2025 12:18
138,914,3b96b246-67aa-47cf-9c80-fe8df6687673,3.8.6,Transfer,1109.12,4/21/2025 9:27
139,539,37daca35-f17d-4813-bb13-057a5d5fd2d9,4.9.8,Transfer,1480.35,1/24/2025 19:44
140,88,5f8cd175-d388-4b7d-b8ad-871539ffbf76,5.6.3,Payment,698.27,3/17/2025 6:46
141,507,d360097f-b5ab-40d9-a76f-7ac453b0ccc1,1.4.3,Transfer,1143.55,1/18/2025 13:58
142,851,17ebeb1e-3b49-4a1d-bb38-c5634dbdd352,2.2.5,Payment,846.8,3/10/2025 18:57
143,137,81a761a2-180c-4337-a4cc-33204a4e4a1d,2.0.1,Payment,967.94,2/13/2025 17:46
144,416,14168e03-1042-4bf6-8062-31374db7e8ec,5.0.1,Transfer,783.95,3/1/2025 14:45
145,997,cc7f42bd-f067-4bf1-8391-45334b08f216,1.9.1,Transfer,491.22,4/4/2025 14:20
146,699,4a399f54-af6d-44ba-983d-1322bde0028c,1.8.5,Transfer,456.31,3/18/2025 16:56
147,398,6f187734-420c-4bb8-b438-c562cbfa1c79,1.6.2,Payment,389.33,5/27/2025 4:10
148,424,acd2eeac-3d2f-4972-849f-249c11e9f4ce,2.5.6,Transfer,416.14,6/21/2025 5:35
149,755,110ff53a-0710-49c5-a22d-5df9746ebfeb,3.7.7,Transfer,786.23,1/7/2025 8:50
150,749,c03fa9c8-4aab-4a67-87a9-d164188bc580,3.2.9,Transfer,1601.77,2/26/2025 18:54
151,2,06b73762-d5de-410e-ba3a-a5085a83c537,3.0.0,Payment,1711.01,5/24/2025 4:04
152,164,77a0421d-bf72-42e6-aff7-86ee0b5d1f61,4.3.0,Payment,1506.03,4/25/2025 21:00
153,316,23a3bb76-564b-4a98-aa04-00a4e7d33563,5.2.7,Transfer,1730.42,1/7/2025 5:29
154,391,6cfee849-272a-4157-8288-d1969917eb7a,2.5.2,Payment,1575.16,3/16/2025 1:06
155,860,04eb5c91-eda5-4a95-8ff4-86da3d5e9ad1,4.1.1,Payment,30.67,2/14/2025 19:27
156,249,b9dc0b67-6a18-48d3-9924-a0891a7ef693,5.0.6,Transfer,1013.62,2/15/2025 13:15
157,423,b988219d-36f7-44df-be8b-5f113bab46d2,2.1.8,Transfer,403.74,2/21/2025 18:07
158,666,fb25002b-df12-473e-8495-d214536a8086,1.1.1,Payment,1007.52,1/13/2025 8:02
159,81,ec6850bd-a5d9-440b-adb3-448a477fdd9c,4.7.9,Payment,1620.03,1/21/2025 13:19
160,215,9fc5c7b8-7aef-4744-8270-6daebf7630cf,4.6.6,Transfer,460.93,4/16/2025 20:55
161,667,34409341-0aab-4260-9d25-e2bcdcf264bf,5.4.7,Payment,1016.7,5/3/2025 9:56
162,666,bec4a8ad-5e34-4b2b-adb3-b84f50283483,2.2.6,Transfer,1165.12,4/5/2025 1:41
163,287,7e64a21b-dfc2-46a2-ab56-f150cec8a60b,3.0.3,Payment,1954.47,1/31/2025 22:46
164,504,b0f04f87-2733-4baf-bdb8-2c6c8c7bba7d,5.0.2,Transfer,1975.84,1/19/2025 5:16
165,32,7673ecd7-3961-4fe3-a89f-c86508599cbd,2.7.5,Payment,693.35,4/15/2025 5:38
166,706,d0ddf1f2-24f5-4155-96ca-e01ee2a42e29,2.1.3,Payment,1422.44,1/7/2025 20:38
167,758,a7616c3b-9258-4cad-80c9-56f3eb8fb7dd,3.2.7,Transfer,832.03,4/17/2025 5:51
168,851,4d4a10d3-eb96-4e5f-9650-403c856a8300,1.9.5,Payment,1627.52,4/14/2025 8:40
169,849,5afd3d7e-0983-48ba-ba7c-45f23c466947,2.0.5,Transfer,1005.14,3/28/2025 18:43
170,569,5468c513-2cce-4028-b973-06dcbf523103,1.7.1,Payment,1403.51,1/10/2025 7:08
171,792,700df55d-d4f3-48ad-a07a-87787d0f0de1,4.5.2,Transfer,1699.18,5/25/2025 15:15
172,638,7d68f15e-bd73-463e-9302-bf89e7c2cda7,3.8.9,Payment,1003.49,4/19/2025 0:01
173,164,fcf374f9-c125-40e4-8fcc-4bbea33c4b66,5.8.3,Payment,1819.1,2/24/2025 16:21
174,929,af69b2bc-aed2-4e96-812c-b8de88fb5bb6,1.5.1,Transfer,1176.27,4/21/2025 19:35
175,453,256c41d0-5eec-4ac2-b7ae-50b17301a684,4.6.4,Payment,495.95,5/1/2025 11:22
176,744,a8292ba3-9b69-43f5-a1fc-0199f7934bc3,1.6.5,Transfer,830.79,1/14/2025 23:39
177,355,35e2dad4-c936-4c3d-8bad-b54e0b03e253,2.8.2,Payment,1407.76,3/31/2025 5:19
178,825,213a53b6-cf15-4c26-ba44-5cee0883a3db,4.1.9,Transfer,1314.82,1/30/2025 1:03
179,726,912540ee-3f2a-447f-b004-d53efc7ad3e1,5.0.2,Transfer,1125.99,1/10/2025 10:49
180,270,d7f18388-9cad-421b-ab22-233a1ab39abb,5.4.3,Transfer,1482.01,5/7/2025 3:14
181,328,f7372af5-b4b8-4bb5-8874-9554665adbb7,4.7.6,Transfer,158.26,5/25/2025 6:20
182,903,76f1fa65-76f2-432d-8a99-1eed081a1b00,2.8.8,Transfer,689.81,3/30/2025 3:47
183,349,9c4bc729-2ae4-4065-bb37-8aab027b0a73,1.0.9,Payment,1396.39,1/17/2025 14:04
184,609,f926e0e1-5cdc-41b7-9496-4f27917d6704,3.6.7,Payment,287.59,2/8/2025 12:21
185,214,929d04dc-6cf0-47a4-950b-a9f7d6901654,5.5.9,Payment,770.33,3/16/2025 11:57
186,16,ac71e3c7-923a-4f9b-b543-e5b378f91b65,1.9.4,Payment,312.7,1/12/2025 1:17
187,471,902e30e4-271b-405f-99dc-ae9a14217ae7,1.6.6,Payment,1126.03,6/19/2025 18:46
188,336,2849b58a-4053-404d-8509-0212349840cd,2.6.0,Transfer,1072.14,5/6/2025 10:56
189,959,9580e0b8-f935-4303-b18b-cc2aeb801fa4,4.2.0,Payment,62.99,2/19/2025 13:07
190,879,ddb050a4-983a-496d-982a-6bee8cd9ba36,2.3.8,Payment,1887.29,4/1/2025 6:34
191,162,179e1982-a750-42a5-b2d8-0b8c4ac2aec6,1.9.9,Transfer,795.06,5/27/2025 5:50
192,489,1ec664b1-8973-4c84-9521-f74cc06993b9,4.3.7,Payment,1888.79,4/28/2025 12:22
193,205,c3e7e6a4-c4fa-4203-a3e1-a72c11152c41,4.3.4,Transfer,1009.06,3/8/2025 11:13
194,918,8a057237-a63d-42f0-8622-900a18769eae,4.5.6,Transfer,6.92,5/6/2025 6:43
195,656,20bf2920-d7b6-49dc-9718-80e04fb1b53b,1.9.0,Transfer,814.24,4/28/2025 19:23
196,878,ac2620cf-d737-45ea-a423-44095ed79f37,3.7.4,Payment,1179.96,4/30/2025 15:29
197,501,a8f3276b-5fdc-449b-9461-e5bb6e6653a3,4.0.5,Transfer,785.23,4/1/2025 1:58
198,462,3168166c-fad5-4d93-a6aa-8d14b6932b13,2.9.3,Payment,787.98,3/19/2025 15:56
199,744,d28e3224-d228-4eb1-b78a-5a8fe8b2b581,5.0.9,Transfer,544.74,3/18/2025 21:42
200,436,77d1ae7d-2d51-4782-aeba-fa0208bdc0ed,5.8.7,Payment,1438.77,5/30/2025 10:48
201,52,a621b82e-a184-453c-b547-dc5bdad69f55,3.8.8,Transfer,1069.93,5/30/2025 20:21
202,60,b78328ff-b446-4192-a927-b01931917468,2.5.3,Payment,277.51,1/31/2025 2:32
203,604,373b42e9-67fb-409e-b98f-61684ced0cf5,2.6.6,Payment,635.89,4/29/2025 22:59
204,508,f32e0aaa-6ffa-4b17-b4aa-0b543cecbd47,5.0.0,Transfer,1033.78,5/27/2025 14:26
205,314,ef368ede-152f-415a-a751-944874f6ecfc,1.1.4,Transfer,248.69,5/29/2025 16:28
206,324,4a2bedfe-0ef0-4a3b-8c83-999222ef4343,5.7.0,Payment,56.02,2/1/2025 22:58
207,939,22c40bea-6c96-4be3-85eb-9353b09a9f28,5.0.0,Transfer,423.22,5/24/2025 13:24
208,519,39b0951a-b9f0-4c3c-ac7d-4c20e8a21337,3.4.6,Transfer,1835.76,4/27/2025 7:02
209,727,3ae972f5-a532-43a8-b087-677c31d752c2,2.4.7,Transfer,491.8,1/3/2025 5:14
210,412,851a2d6c-b0b9-4bb9-bc0c-66284cb04519,5.3.9,Payment,1111.17,1/16/2025 1:01
211,283,49a2f73f-09a1-43cd-b1ea-5a02aef63736,1.3.1,Transfer,1892.9,4/24/2025 1:27
212,388,42a246b9-a2fb-450b-8aab-1ee88d8e2ec9,4.1.8,Payment,291.19,3/20/2025 1:31
213,206,1adb4719-b610-4b4b-8316-788c1df67862,1.5.4,Payment,1865.37,6/9/2025 19:24
214,555,49814c5f-84ef-4cc6-bc20-512253293b4d,3.2.5,Payment,211.61,6/19/2025 21:45
215,990,90323bd8-c53c-4d60-8ee1-74e36730a3a5,5.0.3,Transfer,1204.32,1/29/2025 2:18
216,881,600cda1f-1117-43b5-b1ab-4d59bcfc2131,1.9.4,Payment,1325.35,3/4/2025 7:07
217,290,1f3cdf8c-4c8e-404c-9948-f653f8d34d18,1.2.5,Transfer,1244.79,5/3/2025 8:03
218,757,76bc58fc-b8e4-4bb9-940e-ef699828a339,5.0.3,Payment,497.57,1/28/2025 18:49
219,556,fdd7493b-8dae-42ae-84fc-7f9c05ca23d6,4.6.7,Transfer,1705.91,5/27/2025 14:14
220,38,c70d2d6d-72c9-480b-a341-77c07913c543,4.2.8,Transfer,1793.06,2/3/2025 2:46
221,858,febf09e4-620c-4ba9-86fa-94f51dd6a04f,1.3.4,Payment,1297.09,5/24/2025 23:05
222,578,e7c6757e-e240-446a-85c3-5cad2f80111c,5.7.8,Payment,1069.84,4/10/2025 5:38
223,294,e7f57b6f-484a-46db-9d14-55539397975a,3.3.0,Payment,1023.51,3/5/2025 11:05
224,418,8226aeb2-bf3a-446c-a295-029c3094f525,2.2.9,Payment,1269.11,5/12/2025 10:12
225,894,698ddbc1-1a1c-436f-a891-b553bf582d3e,4.0.2,Transfer,1505.46,4/15/2025 9:21
226,249,3679e9c8-ad73-4bb3-8f3f-a260533141d3,5.2.0,Transfer,249.2,4/11/2025 13:00
227,956,8b3c102c-bc5b-4015-b424-4a4051456749,3.8.1,Transfer,238.85,1/30/2025 4:46
228,229,f74178db-062f-4b80-a1bd-207382b2199a,1.1.7,Transfer,117.68,5/16/2025 16:45
229,449,cccc8663-150d-45e8-a6f5-ce21be027a14,4.6.7,Transfer,147.59,5/21/2025 3:16
230,140,e2b2f7cd-2a9b-4ece-8278-d155a6f748e2,5.8.9,Payment,1527.66,5/29/2025 8:21
231,896,ba04ba02-f9b9-4587-8684-d8709bbb228d,2.0.2,Transfer,642.58,5/14/2025 9:10
232,449,75bc0804-98f3-41c0-b003-c8e51fb20fed,3.0.5,Payment,480.26,6/18/2025 12:25
233,857,de6d5aa9-86e2-4951-80b1-5cc110fb21f3,1.3.6,Payment,759.25,3/19/2025 4:09
234,501,f20abe45-0423-4121-93eb-b23521f47480,5.7.1,Payment,536.25,3/19/2025 22:09
235,612,14850851-1a00-4bf1-ad7a-3591b20783f2,4.2.6,Transfer,686.5,6/13/2025 19:23
236,902,db271922-e08b-4d88-8e67-6fca6f326327,4.1.3,Transfer,567.2,5/6/2025 22:02
237,862,9f3fba92-b465-4dd2-83c6-b2f615d73ca2,4.7.4,Transfer,194.02,1/6/2025 7:21
238,763,c25ba60c-097a-41f3-8662-883a968dc4e1,3.5.3,Transfer,716.02,1/25/2025 9:41
239,182,d9891c80-1d0a-40ad-92fe-0d14bf63a322,3.7.4,Transfer,1357.46,1/5/2025 12:37
240,972,ff9c856a-c5ad-4dce-97bf-f79bc2be3389,5.8.2,Transfer,283.29,6/2/2025 1:02
241,430,8479c16d-b714-442c-bbbe-abdb09e6d95c,5.9.0,Payment,1633.66,2/13/2025 13:03
242,375,cdc06891-c9cb-4476-ab09-10204f0fff0d,1.1.1,Transfer,1472.95,3/27/2025 7:05
243,488,54589521-38fc-4697-89f2-40ded04dcc0c,2.3.8,Transfer,153.76,3/16/2025 5:27
244,471,d96a6815-e89d-43f7-a837-30714b691ff5,4.4.6,Transfer,1986.41,1/14/2025 20:31
245,665,dd0b96c2-c17d-458c-9d58-ee6b6233dcc4,3.0.6,Payment,1941.26,1/19/2025 1:07
246,558,118db33e-8a34-4ca5-9391-2bf491369289,2.8.3,Payment,1719.66,6/13/2025 15:30
247,229,34bea318-d79d-4fa9-a01b-fe616d437d72,3.6.5,Payment,359.07,3/31/2025 16:07
248,497,3f497420-0646-4b69-a444-9c7612bd0f1b,3.8.6,Payment,501.01,5/18/2025 12:35
249,641,a9371343-240d-4efb-bca6-70f0a8ea3a57,3.5.6,Payment,1377.86,1/9/2025 15:00
250,875,c01ecefa-2c78-490e-84be-032ed57a5ff9,2.8.9,Payment,492.2,6/6/2025 23:49
251,639,11841ed5-bb6f-4884-b72d-0423b6d23391,3.2.4,Transfer,906.88,1/30/2025 11:53
252,348,9cc648ec-f81a-474e-bee3-9fc5ee44c6a5,1.5.5,Transfer,1707.19,1/1/2025 12:35
253,962,5da6bbe4-347a-488d-838d-2e7b0f258a54,2.6.3,Payment,1648.66,3/26/2025 6:54
254,208,00229d2e-59f8-4491-bb14-b63c57aa9aec,2.4.2,Transfer,181.9,2/14/2025 7:42
255,113,4030634c-8b44-4109-8255-efa2b50faf73,5.6.2,Transfer,1162.11,3/18/2025 19:46
256,474,fed32c44-3f77-4c36-86ee-dd4a9e44ffee,3.7.6,Payment,1905.59,4/6/2025 2:02
257,221,669030bf-6605-4978-88b4-a544f2c17289,4.0.3,Transfer,1304.65,5/29/2025 16:26
258,286,fe08f608-16e0-44e5-b909-72069a593dc7,4.8.7,Payment,829.35,6/20/2025 13:15
259,99,a43eeed2-4af8-442d-b240-a4f4d63bfc38,5.3.1,Payment,361.81,3/10/2025 9:04
260,586,249a846f-8c5c-4b3c-afa4-a7e5f9727421,3.1.2,Payment,283.3,4/20/2025 21:11
261,772,5c94dccd-37a0-4a7a-bbae-2a9f97278c56,1.6.2,Transfer,485.1,3/6/2025 9:34
262,594,a5d3e911-c08d-43aa-8b20-590965bab547,3.1.8,Transfer,552.78,4/13/2025 18:25
263,377,2ec534d1-616e-478b-b66f-2fdb33582606,3.1.8,Payment,640,4/10/2025 5:34
264,920,cf18f406-89ca-4993-ad47-51afb6b61de0,5.3.1,Transfer,1532.82,4/16/2025 23:13
265,53,197efc07-b990-451c-9ee2-c3248a422a1a,2.5.6,Payment,60.84,1/11/2025 19:19
266,927,22dda9c3-695a-47f5-b673-2ffc8f8f5d92,2.8.2,Transfer,952.31,5/26/2025 19:05
267,335,2c96f4d3-7012-4092-bf9f-a34c5d40b979,3.9.0,Transfer,1967.79,3/4/2025 9:34
268,594,89e37669-eb14-4112-8456-f16e04a4902f,5.6.5,Transfer,205.02,3/20/2025 4:23
269,849,16df5ed6-e2d1-4553-9277-145db2ecfce6,5.9.6,Payment,189.3,4/24/2025 17:30
270,152,d42699d3-1a9b-4c9c-8d7c-bae413e42404,3.0.8,Transfer,349.38,5/29/2025 13:02
271,553,606ba054-8a41-4abf-8d83-e37a93ab5db5,4.8.5,Transfer,587.88,3/30/2025 9:53
272,641,46a88f42-5558-4d8a-9667-3aba5e243cfe,2.4.7,Transfer,105.83,5/7/2025 10:29
273,697,ec074818-75ba-4830-b407-afbafec128fa,5.8.2,Payment,45.47,6/1/2025 7:31
274,175,fcc209eb-399f-4589-8c85-634e11555bdc,3.8.7,Payment,1043.73,2/4/2025 5:31
275,811,8f0c08c2-1fd6-43cb-bc24-cc5dd4e3adf5,3.6.7,Payment,788.9,2/11/2025 11:28
276,80,575b8ae3-457a-4e9e-ab25-21a4eae59c76,4.3.3,Payment,1704.6,3/31/2025 11:08
277,301,bd370a66-0ead-4a8f-80c5-ceb7848433d1,4.0.1,Transfer,319.61,5/27/2025 14:24
278,404,5407b1e1-6fb1-4b8b-9bf1-c31f5bc4c9dd,2.8.0,Payment,1889.64,1/19/2025 11:33
279,718,8b4a7ca6-3a85-4601-8b60-775f0fdf0a4e,4.4.9,Payment,1033.56,3/17/2025 2:03
280,830,6ecfd4be-0747-4f09-8012-b484009a9918,3.7.4,Payment,1265.22,5/4/2025 23:08
281,444,a467ec9f-3052-48f6-a99d-274e01203008,2.4.3,Payment,461.33,4/30/2025 11:10
282,98,0f715225-f929-4f5f-a533-a3c94c0c5160,1.1.6,Transfer,473.56,4/4/2025 2:33
283,385,0a9a3764-b56f-4bc5-837a-7b11bfeb3879,4.2.2,Transfer,728.85,3/7/2025 7:28
284,326,eecf7f89-2176-416a-a9cf-7ab0c12eda27,3.1.4,Payment,1069.18,2/11/2025 21:34
285,340,8f2aff7e-4755-4e05-bb47-5ceb7848376e,4.9.6,Payment,329.87,3/8/2025 8:29
286,589,bf0ece58-ed50-4de1-ac87-0a9c5c48be9e,3.1.1,Payment,1025.34,4/11/2025 16:05
287,540,ac869c9a-7d3b-4165-911a-0a27a04a2ba4,4.1.0,Transfer,1463.57,6/2/2025 4:23
288,793,8d6cd8ed-d728-4b62-9514-6b06d69af330,4.0.0,Payment,1733.28,1/9/2025 19:47
289,913,d43901b4-b8bd-46ec-bbca-585a07dace1e,1.4.6,Payment,1276.1,1/27/2025 0:22
290,453,fe626dfa-ab4d-43b0-a7ca-74066fab4c36,3.9.5,Payment,1024.67,4/30/2025 9:31
291,650,03cbad04-6bd1-4bc8-9cc5-dd814f2154e1,5.1.6,Payment,1803.54,4/27/2025 21:57
292,285,6756c37a-bfe7-4c67-8b0f-bce02e5da1b1,1.0.6,Transfer,1254.84,6/10/2025 18:05
293,559,0c453708-95e2-4373-97a2-f4e95d6ad666,5.4.5,Transfer,1747.91,5/17/2025 21:44
294,227,b0b42917-7a12-4805-8d21-0a934b91d6b8,2.1.6,Transfer,116.68,5/16/2025 17:30
295,182,da0b5f50-6fba-4d5c-b805-ad166300b248,3.2.3,Payment,696.36,4/17/2025 17:47
296,761,a3960b99-d3b8-4782-a23b-d63e96d4b7d3,3.0.7,Payment,1601.5,5/4/2025 12:57
297,658,d6c352d2-fdd6-42b8-9a1c-114fb0d27e64,1.7.2,Transfer,52.84,6/17/2025 18:29
298,250,e9c3e8a2-554e-4854-af50-8e1b633f2168,1.5.0,Transfer,870.27,1/28/2025 12:41
299,97,a5f1a818-f688-4d9b-b3ae-2263e57d34cb,3.8.5,Payment,1860.53,4/20/2025 4:00
300,673,bcd9022b-3377-4ef9-ad02-9e0fa668bf55,2.1.7,Payment,513.18,4/18/2025 10:56
301,589,20acc634-789c-465f-8473-203e7121c568,3.5.4,Payment,345.56,2/10/2025 22:53
302,942,5292d3d2-614f-4bd9-a1e6-5188b4a60369,5.2.4,Payment,317.45,5/20/2025 4:31
303,841,33ebef7d-cff7-453c-b619-064f205b28a3,2.8.8,Payment,716.29,2/26/2025 22:20
304,670,12cdb18b-e017-459e-b756-1b540d6252a4,2.0.8,Transfer,281.69,2/3/2025 14:07
305,866,e15b69c2-2aa6-4fa5-b1de-7bc870e4ca72,4.6.8,Payment,244.8,2/2/2025 23:28
306,835,218d84df-84ee-4de9-bda0-c3d4b3d55007,2.6.9,Transfer,336.66,2/26/2025 12:12
307,989,94569cc4-ce7c-4713-8ebd-4e3d0459158e,1.5.0,Transfer,1474.66,5/25/2025 18:17
308,730,8c4764bb-e015-4b64-b74f-e9fea1724ff9,2.4.9,Payment,467.21,6/6/2025 19:29
309,616,4e94b1a0-4427-47de-bdbb-56ee0c6c0794,3.3.0,Payment,1637.58,3/12/2025 17:43
310,705,aee3358c-d718-4b16-964b-7a7286f3c421,2.5.0,Payment,975.26,1/12/2025 1:21
311,615,c593827e-c82f-478c-a7b2-482e572ada91,4.2.3,Payment,1014.13,5/1/2025 21:45
312,289,0b71ca5b-d9ac-450f-8cd9-231dbaff0449,3.0.3,Transfer,1286.51,3/17/2025 4:49
313,364,d7cad552-33a3-4d6b-b2d0-af74a6ef2e7c,3.3.9,Transfer,312.95,1/27/2025 0:33
314,749,b07f795b-7670-4879-a494-75bd5651ccbd,5.5.8,Payment,386.2,1/8/2025 5:44
315,27,9c56fc6c-2085-4250-aa02-61cf03a015a3,5.6.4,Payment,578.53,5/31/2025 5:26
316,422,cd3d7e09-40bc-4899-83fb-5797fafd998e,2.2.9,Payment,1033.11,3/1/2025 18:39
317,832,f735658e-fdc3-4a97-ae13-a110e6dc4252,1.5.0,Transfer,1875.02,2/2/2025 21:27
318,524,39214cd9-1b74-408a-b016-bab05fac72f9,4.1.5,Payment,1673.35,5/9/2025 3:23
319,121,8e273dcf-3466-4d89-a66d-0d9759900d77,5.2.3,Transfer,979.01,1/7/2025 22:33
320,108,69012646-3fd7-4fd4-81d2-9e9b82782b3b,1.9.0,Transfer,510,4/8/2025 13:35
321,264,1bc5e56b-631e-4e93-8c32-83476601857a,4.9.3,Payment,1385.17,2/13/2025 9:35
322,483,77f2d608-be22-4ffb-8ea8-72c1a3882868,1.7.4,Payment,63.98,4/7/2025 9:29
323,728,3586944f-a89c-43a9-a906-5a3048b633ae,3.5.6,Transfer,1831.14,4/14/2025 12:21
324,543,52b63530-641a-4351-b891-eba4e5696403,4.5.7,Payment,960.33,1/24/2025 7:17
325,800,43b650d0-85cc-4dad-8ae3-d0b96e389ed1,3.9.6,Transfer,757.19,3/3/2025 0:21
326,6,8a39295b-3425-4d5b-a498-eb4af0b22742,4.2.3,Transfer,760,4/5/2025 15:37
327,60,58bf8fc3-4fe9-443a-a5db-951e1aab8a90,3.7.4,Payment,300.22,6/5/2025 4:30
328,572,4f150766-2a6a-4458-8af3-ff232c52165c,1.8.0,Payment,875.53,1/14/2025 4:56
329,609,d6244f4f-04fa-42f7-9375-98e99658ac8c,2.8.2,Transfer,1681.19,1/11/2025 12:53
330,136,58f967ed-2014-41dc-8a68-29e040029b6e,5.9.4,Payment,615.74,1/3/2025 2:32
331,595,7019119b-b226-4860-9137-ee9150fcdbdd,2.5.1,Transfer,41.34,3/22/2025 16:24
332,406,82372d62-cb26-4fdc-b839-5c5790ded2b8,5.5.7,Transfer,750.07,3/12/2025 1:04
333,707,5a0d201a-71bc-4c05-b519-dde5f6583f80,4.6.8,Transfer,1894.56,4/22/2025 16:52
334,958,9cb2dd42-fc92-49bc-864c-d0c2d83492d0,1.3.1,Transfer,396.62,3/9/2025 4:40
335,482,2e8b6e63-b120-442b-9fb7-7d1473c222ec,5.1.7,Transfer,303.19,1/18/2025 1:47
336,855,a1b261af-45c0-40d8-ad90-d8ff0ec4d565,5.1.3,Transfer,491.99,2/23/2025 6:42
337,395,ea534b17-15d1-4d04-9a1f-9ea7f7d2410b,3.2.9,Payment,1512.95,3/28/2025 4:20
338,226,06acc370-a944-4251-b9e3-708bac3f9ad3,1.3.9,Transfer,484.46,5/8/2025 1:24
339,376,3c89e475-c86f-4d4c-8179-b31310876515,2.6.0,Transfer,380.47,6/10/2025 13:53
340,615,2559671a-c62b-48fc-ac66-69ed0df7364e,5.7.3,Transfer,1411.11,3/23/2025 2:56
341,31,10483b88-7848-4770-a44c-71831b13a698,1.1.4,Transfer,1672.36,2/27/2025 12:50
342,312,a4321080-b95d-49d7-9f8b-067ef9a520a9,4.5.4,Transfer,407.4,2/21/2025 12:49
343,891,bb36da11-62ad-4837-94b7-677a6d1c92c0,4.7.0,Transfer,1522.9,1/1/2025 0:23
344,976,e4f5bc0c-ce58-4832-8af3-a11b248fa152,5.0.9,Transfer,920.35,5/13/2025 20:43
345,70,56d7d178-6e43-4352-abb2-68816108e2eb,5.4.5,Transfer,1953.44,4/19/2025 22:14
346,345,d54dfb8c-1030-4f85-b0d7-42b6b77bdf4a,5.7.7,Payment,1221.15,5/24/2025 20:37
347,97,56f55f4d-a0b6-4345-97e7-60bca4ce4f19,1.3.4,Payment,689.53,1/23/2025 7:35
348,211,0bba2c4a-a273-4478-828f-e06000dc41cb,4.8.9,Payment,1845.41,4/12/2025 22:01
349,532,18362e89-113a-40e7-818f-599aa193144b,1.4.1,Transfer,1932.92,4/20/2025 15:04
350,322,ff9a02e7-252b-4409-a822-580ff1defb4e,4.9.4,Payment,68.24,4/23/2025 23:19
351,877,68eab7a7-1eb9-4173-948a-090568cbcac9,2.1.8,Transfer,1325.2,3/2/2025 3:47
352,822,99980602-cea7-4fed-b00f-aba539292155,1.6.9,Payment,777.48,1/14/2025 9:06
353,519,81e3da75-869f-4ad8-8049-c9f0c6bc8b69,4.2.3,Transfer,498.26,3/21/2025 16:55
354,782,9c013261-28aa-474a-8881-cbf13506c0fc,1.1.0,Transfer,1078.37,5/21/2025 5:58
355,340,69925669-90d0-41c1-87da-6d704dabe594,4.8.6,Transfer,1866.42,5/24/2025 11:12
356,114,ff8778e3-0cb4-4894-a6e5-faa14db1c95e,2.6.5,Transfer,1390.01,4/30/2025 19:49
357,563,b418cb62-2a37-4154-9c5f-6ca61114d726,1.8.2,Payment,336.66,4/5/2025 9:18
358,503,3ee109be-7d8b-4bda-9950-f3c7b84f7d7a,5.9.8,Transfer,1824.03,3/1/2025 20:45
359,169,0a28d057-7217-4cf8-b652-2fc68cc02f4e,3.9.9,Payment,1250.92,4/12/2025 17:56
360,415,0cea7663-3b57-40ef-beb2-14a13503e027,1.8.4,Payment,1439.49,5/30/2025 4:50
361,357,49a8092e-ece8-441f-adc8-f9dfdac54146,5.5.5,Payment,933.07,2/16/2025 1:48
362,233,3e3fb2cc-c1c2-4138-9c85-5a57f9b734ef,1.4.3,Transfer,1798.91,2/18/2025 19:36
363,209,c5824376-d26f-4ec3-b35c-304614e8cae7,1.8.5,Transfer,1133.14,5/28/2025 16:35
364,995,d3e8f101-22d2-4305-ac5e-037c4945e9b0,4.0.7,Payment,873.24,1/16/2025 10:49
365,638,36f9310e-4e5b-4201-852e-44850213ef98,3.4.8,Payment,545.61,5/10/2025 4:58
366,313,f7ef8624-1ed6-4ede-b41e-e4c51882f7ca,1.0.0,Transfer,77.24,3/13/2025 3:30
367,456,0a983d78-01fc-4e9f-bb7d-bf1160d19a75,3.6.0,Payment,480.69,6/18/2025 17:25
368,883,2b86ada0-fa54-406d-aa3e-ee5a193523aa,1.0.6,Transfer,1938.14,1/3/2025 9:03
369,42,d0ebccbd-2412-48b1-9c5a-8d2e77c55a76,4.9.7,Payment,1170.7,3/2/2025 3:00
370,537,c49cd479-6c9d-4c03-9a35-76c4c76a017c,2.2.8,Transfer,1499.57,2/2/2025 0:32
371,313,9ddb9d61-4958-4072-9e02-94d9c69b3883,2.7.3,Transfer,520.95,4/3/2025 8:14
372,603,b0f2a258-0e67-4237-a7aa-dd081d3a3d85,4.9.9,Payment,1792.78,6/22/2025 6:08
373,384,35aaad47-9719-44e7-994e-f27ac05ef72a,1.9.7,Payment,1625.83,3/5/2025 7:18
374,418,2a9e39b1-bf1a-45ab-bae9-e684e8d87691,3.4.7,Transfer,1019.91,6/16/2025 6:34
375,856,7956d557-6391-4b86-a667-cf4488debd92,4.8.3,Transfer,1820.02,4/16/2025 2:29
376,933,ba2584cd-4335-4712-911d-a456953d452f,1.5.3,Payment,712.44,3/24/2025 1:38
377,732,4f10583a-c143-489d-b59b-6e13226e67e3,5.0.6,Transfer,921.88,3/23/2025 12:39
378,572,1c4613fd-17fe-4bb1-894b-ce231b56a0c7,3.3.6,Payment,1536.86,4/10/2025 23:57
379,110,a53de675-2442-472f-8b9c-8a85cd8d9a9e,4.4.3,Payment,518.08,4/26/2025 21:21
380,987,d2cd35c8-a44e-415e-9b7b-8bf787cf35de,2.5.6,Payment,98.25,2/16/2025 21:24
381,124,2296744e-5702-4c27-944a-97f471dcbf34,2.1.6,Transfer,1694.21,1/12/2025 2:45
382,477,4add7cb9-e949-4a24-82e2-a5c57e53ebab,3.2.7,Payment,878.45,1/1/2025 5:50
383,160,7fc28a2a-edd4-4ead-bc9a-5ad3cd2fa1e8,4.9.7,Payment,880.96,2/14/2025 0:28
384,219,8733cdf9-0cf7-46b0-8263-8dcfda63869c,3.0.6,Transfer,361,1/4/2025 18:04
385,714,2c76586b-6c8f-4550-8558-caf85f28b918,4.2.9,Payment,1376.67,2/14/2025 14:23
386,216,5fe8c133-b8b4-412e-9e89-742d4e4e32ba,5.8.1,Transfer,1817.35,1/1/2025 15:16
387,417,f9a9d262-934c-4df7-a18a-92c8adac02db,4.6.2,Payment,1697.13,6/8/2025 23:18
388,449,5992e711-a52c-42dc-9c2f-e458568c36f4,1.2.5,Transfer,496.92,1/5/2025 20:21
389,74,5dbcb906-6ea9-4ece-b556-22f8dacfbc0a,4.3.9,Payment,640.54,1/20/2025 12:02
390,317,e645e7db-eaf3-4d91-bbcd-16fd544530d0,4.4.7,Payment,674.25,2/23/2025 0:55
391,56,2f245a28-aa2b-4d48-b8eb-ffbd7bcc5522,3.6.7,Payment,1962.26,1/29/2025 13:13
392,46,12aed409-3d47-41a3-a04a-8886dfb659e4,2.6.9,Payment,784.61,3/28/2025 17:48
393,930,dea8da8b-dfc2-4242-992c-663331e42577,1.5.5,Payment,1327.93,5/16/2025 3:08
394,190,c0042567-6e58-4d7a-938a-03f61c650d2e,4.1.3,Transfer,63.88,4/28/2025 22:57
395,639,5fbd744e-b0df-4dbc-b17d-c3046aa9c4f2,4.3.1,Payment,313.68,6/14/2025 18:34
396,790,a64e4e73-63d2-481e-a71a-920b4fbd754f,1.6.6,Transfer,873.68,6/1/2025 6:33
397,994,6f621de4-ef0f-4bbe-ac7f-94d2773efc66,3.4.0,Transfer,472.45,2/23/2025 23:12
398,651,7729f32c-0a87-4518-a1b1-e7a45623641e,2.4.2,Payment,1384.75,3/7/2025 3:29
399,422,09be9d24-090e-41d9-9e49-91b730583e39,5.4.3,Transfer,451.21,3/7/2025 6:57
400,171,9bc6a96f-c88b-40fd-a1e1-f459cca78da1,5.6.1,Transfer,1102.55,4/23/2025 18:45
401,13,2a2d38b9-74a7-491a-946d-4c909a6459aa,3.8.1,Payment,1952.12,4/29/2025 14:49
402,532,7c791138-79bb-48f8-b303-8adccac507fd,1.5.7,Payment,377.65,2/28/2025 15:55
403,229,b3cec036-c9e8-4115-ab3a-85f344256acb,4.7.8,Transfer,596.74,6/3/2025 1:09
404,341,ec19b11b-ff30-4a89-ac12-e0dd8038f2ac,3.2.6,Payment,634.03,6/12/2025 17:28
405,31,97602715-e27b-434c-aee7-90d38b992844,4.0.5,Transfer,1963.65,6/2/2025 18:46
406,9,2c2a4a96-96ae-4163-8cc5-a059739a0470,3.2.9,Transfer,77.06,6/14/2025 14:42
407,409,d2892b64-4dfc-4f61-9763-4f5e064188d5,5.7.4,Transfer,189.76,2/22/2025 18:57
408,791,2fc5bf30-5a8e-4293-a142-84c6f1e6ef9b,2.5.9,Transfer,1313.32,5/5/2025 3:47
409,956,fa9bc0d0-5439-4342-bace-a94238d9a26f,3.8.6,Payment,1749.14,2/19/2025 13:28
410,253,d493df1b-f1ee-4f04-921f-5407aa31551d,3.6.0,Payment,768.84,1/8/2025 1:18
411,192,23a00f95-c63e-4869-a2ad-b9eff1eed487,3.5.1,Transfer,179.35,2/23/2025 14:49
412,820,fbce0f05-747f-4452-9db7-eaa687eefadd,5.7.5,Payment,1732.67,3/10/2025 13:32
413,206,f4b09d7a-0867-4c8c-932f-820e26f18976,4.8.4,Transfer,439.67,1/29/2025 7:33
414,856,4c8cee0c-bcdb-4f69-983a-3af2826a25b8,2.7.3,Transfer,1531.64,2/25/2025 13:11
415,258,0cf21f7d-d0c2-4e00-901c-be86b6ab54c2,3.8.0,Payment,1250.7,1/20/2025 20:19
416,505,028c9164-f23c-4afd-b2da-5f7fd0279041,4.2.1,Payment,1876.15,6/13/2025 8:29
417,427,2657540a-d1b3-48f3-94c5-11544b84f834,1.6.4,Transfer,158.51,3/21/2025 20:30
418,153,8c34a718-eba9-4d72-8171-fa567d1fdfc6,4.5.3,Payment,1625.75,5/28/2025 13:05
419,131,31585372-6286-4f31-91fb-ddbccfb4cd66,3.7.0,Payment,1960.55,6/16/2025 19:59
420,3,2d899a34-0cd8-4163-a9ad-c32315738e78,1.4.8,Payment,339.81,4/22/2025 15:19
421,738,651d80bf-0bab-46d4-90ba-e8ec19a78823,4.1.9,Transfer,91.9,4/20/2025 14:37
422,861,69980400-b808-4887-88dc-cc47087a8ca0,5.9.4,Payment,897.64,1/17/2025 15:30
423,810,c379c3f0-452a-4623-b78f-eed6da28b0d3,3.8.1,Payment,1789.01,4/21/2025 2:43
424,528,1b4ec5d8-efd1-4f71-a10c-4631c6c0f9d3,1.7.9,Payment,21.53,4/23/2025 19:48
425,15,e1085fa8-d084-432f-86ea-d257df97e6d6,5.0.5,Payment,662.75,4/6/2025 2:11
426,671,360220d0-185a-41d0-8c86-a79b385337e1,5.0.8,Payment,539.2,4/19/2025 10:32
427,198,d127fc7f-7afa-412d-a8c4-d1a5226dcd1f,2.4.0,Transfer,1987.97,3/27/2025 13:01
428,567,b96f94d3-9435-426e-9c60-9d4e8adea9f0,1.0.5,Transfer,1961.95,3/23/2025 20:03
429,728,db22ec4f-9f09-4874-964f-2d2ed671ae59,2.5.8,Transfer,1621.67,5/1/2025 8:26
430,606,3e6c9a51-55f8-410e-bec7-627592338c52,5.0.2,Payment,1556.9,5/12/2025 11:48
431,71,16726329-5a0f-47a3-8437-1b440bc49566,1.6.6,Transfer,838.95,4/27/2025 12:46
432,912,d18b3d76-42a6-4909-8433-5729835ad83c,2.1.2,Transfer,1811.91,4/15/2025 19:21
433,986,6cb460cd-a8cc-45ba-aca0-b926707acf8c,4.6.4,Payment,1013.91,1/27/2025 16:01
434,153,7c527399-3529-494c-9b6e-706bf83062a3,3.9.8,Payment,796.1,2/7/2025 3:50
435,163,3fdf1a98-caee-473d-ba34-c6636658c40b,1.7.4,Transfer,1171.65,4/11/2025 14:41
436,707,8e5a3b2a-b4db-4e60-bf05-0eebbbbee6ed,3.9.1,Payment,780.64,6/13/2025 14:54
437,883,c489d178-7836-4b66-9a97-97a50673ece7,5.2.0,Payment,452.06,5/24/2025 22:07
438,742,45655cba-0782-429c-b8d2-bed18838fa46,3.6.5,Transfer,1937.39,3/30/2025 0:40
439,363,08b44db4-4e1d-4e69-bd41-87922f3ca87b,4.1.6,Transfer,712.07,5/24/2025 8:12
440,872,c71d6cdf-626c-49cc-87cd-4d8bb7c63a30,5.1.3,Payment,574.39,5/19/2025 8:12
441,589,770785d4-701c-4797-8259-821669e476b0,5.5.0,Transfer,474.07,5/6/2025 13:14
442,514,feb87df5-35a2-46b2-b6a4-2f9c5d78ba10,5.6.4,Payment,798.88,2/25/2025 3:22
443,361,045e46cb-3426-4373-94bd-06b472ce6d8c,1.8.6,Payment,1751.9,4/23/2025 0:20
444,724,f20cabf6-825c-45c1-83cc-f3770a9abd5c,5.5.3,Payment,1538.88,2/21/2025 1:29
445,868,4edbc3a2-2bc9-4185-999c-0bff74e0c2b6,2.0.7,Payment,1986.47,4/29/2025 2:15
446,915,9674aac5-bfde-4d0a-b8ca-503975cbd698,5.7.6,Transfer,192.58,6/3/2025 7:49
447,191,d1082144-2152-4405-ad9e-b1b91953b93f,4.1.3,Transfer,1630.41,5/31/2025 14:17
448,955,b41e30be-bfde-41d8-85d4-503781821a50,3.7.4,Transfer,1090.46,5/30/2025 5:21
449,122,8544d8e6-1c0d-4ef8-bdf1-af76c92e12d2,5.0.5,Payment,1155.33,1/31/2025 10:35
450,320,e6005935-61b4-47e6-aad0-9ecf56f609f1,1.8.3,Transfer,546.23,4/29/2025 14:41
451,836,164da52c-f3fc-4f19-9bd2-6a54047eabc0,3.2.7,Transfer,1131.37,3/1/2025 13:55
452,951,41e40b76-d318-4920-97fe-bfae3a55d743,5.1.9,Payment,35.28,1/20/2025 19:36
453,627,6f65346d-a0ab-40ad-baa1-832727e5b66a,4.5.6,Payment,359.67,3/6/2025 20:45
454,681,ae8c86b2-13e6-4e70-a13d-c7c3d6a7428d,5.6.2,Transfer,874,4/10/2025 14:23
455,168,46c60cc2-ab40-4afb-8290-201e3eb46554,2.3.6,Payment,170.4,6/18/2025 16:02
456,179,65a976f6-e9dd-4eed-a84a-3579d40492d6,4.5.3,Transfer,249.92,2/21/2025 13:22
457,211,d9a6b580-f4cd-4b59-9493-22896101b85e,5.9.5,Transfer,1271.39,5/16/2025 8:14
458,482,49573c05-2400-4e32-ad74-3ae9c79484ff,5.0.2,Payment,1788.56,6/10/2025 4:04
459,19,da547338-5fc8-486f-9a9c-f026d3a4f638,1.7.7,Payment,1357.5,3/30/2025 17:49
460,28,9df1f4de-b270-4ff6-a3a7-d48dc4906087,4.2.9,Transfer,728.9,3/26/2025 11:25
461,937,0472a35f-25d1-4fd3-b6c5-e5577fa37876,1.2.6,Transfer,538.58,3/5/2025 4:21
462,229,19b44263-2069-44aa-b1d9-066ce873a2ad,3.3.4,Payment,1987.99,3/23/2025 0:45
463,860,39273c19-ca0a-4e8f-8978-3fdfcaafc7ca,3.3.9,Payment,66.15,5/22/2025 19:51
464,223,8582423c-ea48-46f1-92d9-f1b5a96acdcd,2.3.1,Transfer,1676.77,4/22/2025 3:42
465,767,9da6097e-857d-427d-aecf-143daa48195c,4.7.9,Payment,1777.43,4/9/2025 23:28
466,433,c94a60a6-deb7-4b39-ac78-8489cfc72667,4.4.7,Transfer,1293.57,3/22/2025 15:10
467,140,7a007605-5264-49c0-9a69-fa5372851ae9,1.1.1,Payment,594.07,3/7/2025 5:23
468,565,388b9bbf-7419-4dd8-8eba-9cb154743a89,2.8.4,Payment,1484.65,6/2/2025 22:09
469,867,078d6707-933a-4b0e-8328-fd930bc43c4f,5.2.6,Payment,1585.75,5/22/2025 21:09
470,658,62102ead-fc0b-46f5-b5a8-6fc2d581687a,5.7.7,Transfer,1572.77,4/5/2025 15:40
471,772,ddd86f7f-8236-4f69-a055-6b857f0dd664,3.3.3,Transfer,289.22,5/12/2025 23:16
472,333,40055ae2-57c4-4e49-a208-649fe8851f9b,2.9.3,Payment,272.2,5/26/2025 7:50
473,132,18e60f5d-3857-461a-98f8-386fc307b0fc,3.7.7,Transfer,1541.08,2/12/2025 2:24
474,467,db214c3d-ccc8-40b4-afcc-9d4a78d7f6f7,4.4.5,Transfer,1350.53,2/21/2025 12:58
475,50,e29a467f-0481-447f-8d77-f094b9a78854,2.1.8,Transfer,377.47,6/21/2025 5:16
476,103,4b53767d-bce3-4b07-8780-737632e74b62,3.8.4,Transfer,1990.59,1/27/2025 14:55
477,233,5bf79512-b25a-4547-8d9f-5e174adb4372,4.3.8,Payment,1166.96,1/9/2025 2:24
478,406,b6051b1c-e312-41b0-ba2d-a4f363b1435d,5.7.8,Transfer,356.81,1/19/2025 0:55
479,803,17fe8fa8-ab3b-44e1-be39-984383862513,1.4.7,Transfer,1800.93,1/5/2025 6:53
480,641,f8bf8e1a-5dd6-4529-a5f8-07ae40d451ea,5.8.3,Transfer,1328.46,3/30/2025 18:48
481,811,b3b1bd51-7ed4-4ba2-8331-7152d2edc06e,5.4.7,Transfer,116.68,2/26/2025 16:56
482,393,fb5a43c1-dd3d-42eb-a39f-87b159c75df6,5.3.9,Payment,1054.82,5/1/2025 18:38
483,248,c7b6bc2b-9c2c-499a-acea-07f834c2c7a7,2.0.2,Transfer,624.42,6/12/2025 20:46
484,84,a04e25da-8e99-4c42-96e9-7fa5f5f0bef3,4.7.9,Transfer,825.96,1/26/2025 5:38
485,456,7e8e92d6-e2d2-4667-8416-e62a5c780ac2,4.8.1,Transfer,434.42,5/15/2025 1:32
486,425,21913b04-64ac-4a37-898b-86d5982b76ee,1.3.9,Transfer,1238.71,3/5/2025 13:25
487,298,860b44dc-1ba7-4c49-a551-a68edd773b96,3.9.2,Payment,233.96,1/6/2025 0:52
488,574,26ca4728-19ed-4b47-aeef-249aa816ec50,3.7.2,Payment,1905.94,2/22/2025 12:39
489,341,5543f10d-2667-4f32-a1dc-d0112c343e41,1.1.9,Transfer,923.95,6/18/2025 16:14
490,507,2b55c134-0cce-4a72-a283-cbc9d5545e64,4.9.6,Payment,805.05,5/23/2025 6:17
491,202,d2778b09-26df-40cb-84da-ba3b554c7b35,5.9.6,Transfer,587.66,4/20/2025 18:09
492,983,e6148967-67fc-4f75-8702-9d5005e97d0c,5.9.7,Transfer,1142.53,2/2/2025 18:46
493,725,36963545-1587-4322-9d11-7fa201c9896d,4.8.2,Payment,45.55,6/16/2025 6:17
494,564,35a42994-b50b-486e-afbb-e631ec5ab1b3,1.0.0,Payment,1486,3/3/2025 17:30
495,183,06a0885d-8b73-4615-a0f7-b244facd4d80,5.6.6,Payment,793.25,3/25/2025 17:21
496,328,9dbd1961-4498-45f1-8ecf-a28598b9f96a,1.5.7,Transfer,1174.42,1/3/2025 16:33
497,111,cccb0ded-2f6c-4573-af8c-8f6d386319bb,3.9.0,Transfer,893.38,5/8/2025 8:52
498,648,e563cc36-77c4-425e-bbe2-e8c724061599,1.8.0,Payment,1427.78,3/4/2025 22:09
499,647,12d24f60-5ed4-48af-aa40-a8ea8f99a34f,3.8.7,Payment,549.43,3/12/2025 9:34
500,675,01f8e074-b4ee-4859-831c-735bfc1ecf76,2.7.4,Transfer,849.96,1/22/2025 15:57
501,721,208573e7-bf55-4222-85ed-9580a3aa749c,2.9.4,Payment,1707.69,1/26/2025 6:45
502,973,73b29ac6-24fc-4efe-a6e2-196de2bfd394,3.1.7,Payment,1174.72,4/25/2025 12:39
503,160,7298c215-8890-4077-af0c-e381b8600157,3.1.2,Payment,1729.97,2/5/2025 9:46
504,263,e998d63e-6b01-4ed8-872f-1330218254ab,2.3.5,Payment,1889.37,1/10/2025 0:35
505,475,f6457e7a-010e-4bc5-842b-e56b68d6c0d9,3.7.7,Transfer,891.33,1/24/2025 5:46
506,257,18d2c443-edad-416c-8bff-97f97bc49be1,2.6.5,Transfer,648.73,1/15/2025 5:51
507,212,b749c663-3995-4ec9-8127-6558ce37ff87,1.0.4,Transfer,1200.53,4/9/2025 5:40
508,263,31824a60-ddfb-476f-93e5-45087ec6a767,1.7.7,Payment,1260.95,1/21/2025 7:51
509,703,13a3bd0f-7d5d-41f3-9d13-e12489ab45c4,2.8.0,Transfer,175.25,6/20/2025 19:20
510,677,f21a258e-62ae-452b-81ca-97547778e4df,5.9.0,Transfer,1685.53,1/6/2025 9:08
511,404,a96c5237-4250-47b4-9484-e2ae5acc67fd,4.6.9,Transfer,1665.89,4/24/2025 12:43
512,280,bb38aa9f-8621-44a5-bf73-812a3e89c4f7,4.2.1,Transfer,243.82,5/24/2025 19:14
513,959,d97df07d-f385-4f9d-b5d0-940431989c75,2.4.3,Transfer,783.15,2/6/2025 13:13
514,513,5fefcc92-306e-44e2-a52e-06e5c92a44de,2.0.3,Payment,699.79,1/22/2025 5:42
515,202,66375317-d09b-4f1c-ac13-9e96811d255d,4.9.5,Payment,1767.74,4/3/2025 2:42
516,334,ce23f334-c2e3-43cb-87e4-cf0d874f33ea,5.7.6,Transfer,417.73,1/18/2025 18:00
517,747,08182f16-ba61-4c0c-8246-406b0569e6e4,1.7.8,Payment,1493.5,2/3/2025 6:12
518,678,b7072221-438a-4140-9f55-ac64b2703c83,4.2.8,Payment,1306.65,4/8/2025 16:08
519,305,961c6e48-584d-4639-a556-4396bda55b44,4.6.4,Transfer,1499.58,6/12/2025 18:57
520,989,413c89d6-8943-4c71-a67e-5253ea170ebe,1.2.6,Payment,524.31,4/30/2025 3:45
521,715,fa52e335-ffe9-4251-aeca-dc2764570655,5.3.6,Payment,219.1,6/1/2025 5:36
522,587,ae723081-c0d3-4140-ae5f-b8932c0231e4,4.2.7,Transfer,791.95,1/28/2025 9:26
523,306,00ac8c95-8842-45dd-bc81-0be4f1ac51c6,3.3.9,Payment,1168.22,1/18/2025 7:26
524,66,fa3c3d58-d700-49c6-b3c3-ebe7ce7b31b5,5.5.6,Transfer,439.34,2/15/2025 11:54
525,17,ba499c17-f8f1-44ef-92a7-03bf38d46ec7,1.6.3,Transfer,294.46,5/19/2025 22:19
526,948,fb804e5c-633c-4ede-891e-7b7091a41cf8,1.0.5,Payment,780.74,1/3/2025 3:46
527,58,f930b8b2-1f90-4a4c-a8c6-40da74f99752,4.8.7,Payment,1742.83,3/7/2025 12:46
528,860,df8f07dd-f173-476b-81cf-56358c54657b,5.1.1,Payment,1483.09,5/27/2025 12:08
529,373,5725f5ba-5ecb-4bc3-8e55-98f88b3b9a9f,2.7.3,Transfer,732.96,4/7/2025 12:59
530,164,d26dc0a2-85ee-44fe-98b4-d76b4ad8535b,4.2.9,Transfer,1163.59,1/31/2025 5:57
531,558,61dd8af9-3005-4e79-8421-3829cb974d4c,4.7.7,Transfer,1395.46,2/14/2025 18:40
532,343,85639c92-f471-4c48-b906-4da847929d7a,3.4.8,Payment,951.04,5/2/2025 12:58
533,187,95865ef4-fa75-4d4d-8cd7-a3fcdfa279c8,5.9.6,Payment,654.69,1/1/2025 4:36
534,721,cf27379a-b4fb-41d4-a03f-296cc74288c3,5.2.7,Payment,104,2/5/2025 18:58
535,131,012f8e22-0ce7-47ca-99ff-aa255cd494bc,5.3.3,Payment,428.23,2/17/2025 3:03
536,132,3b921113-d193-4a82-a47e-5ea6ea1e67e9,4.8.9,Payment,944.58,1/20/2025 23:22
537,269,0a992365-33cd-4509-8753-f5df29724167,4.0.2,Payment,503.18,2/5/2025 2:53
538,777,97d79bd6-7d2a-4c53-9d21-069f427be7e6,5.8.4,Payment,722.61,4/25/2025 3:41
539,494,70cb6af8-54a0-45d4-920f-b235ec7e08f9,1.2.9,Payment,1054.97,2/8/2025 19:42
540,177,d21543a3-9287-4aba-9f65-400d4299bfc7,3.1.9,Transfer,1594.01,2/7/2025 18:27
541,771,15b04a5e-567e-47a5-bdf6-e67103d471c4,1.7.6,Transfer,675.31,4/1/2025 18:59
542,615,c4fc9ab0-886a-4f59-bcbc-eb87dcafb698,2.2.3,Transfer,726.25,1/21/2025 10:06
543,133,d88a06ce-26a1-4924-aade-b5f7c0010055,5.5.8,Transfer,1338.02,1/3/2025 3:58
544,891,3d0daeda-6e59-4cd1-8a59-655679062dca,4.3.0,Payment,1536.72,5/12/2025 9:42
545,561,3aca8384-e9c8-4e3d-be64-e20953f82dd6,2.9.3,Payment,716.84,4/6/2025 15:05
546,148,1bc97d27-c64c-4742-91db-a229c9f0d802,5.7.8,Transfer,212.22,5/24/2025 18:16
547,744,d04c98c3-2098-41e1-948a-2cda7a0d4908,2.5.9,Transfer,604.14,1/31/2025 21:04
548,966,b36a1d01-cd3e-4495-b7eb-4ebf4cbb31d3,2.6.8,Transfer,1701.73,3/20/2025 5:07
549,511,9659a6bb-c520-4403-a7b1-431f8d1ed2cb,3.6.4,Transfer,645.31,4/8/2025 14:34
550,466,11763401-657f-4d47-bbff-174de934d35e,2.8.3,Payment,1517.59,1/7/2025 2:10
551,946,21ca2baf-5470-42a6-95f1-2899dd7a289a,1.8.5,Payment,1055.04,5/29/2025 18:54
552,51,c96c8ada-5a6c-4a0e-a0fe-6babc562460b,5.7.5,Transfer,1481.37,6/17/2025 7:54
553,839,3aacbcdf-fd14-4e3e-a453-ef066ced8733,3.0.5,Payment,1302.77,3/16/2025 7:34
554,328,e46265e0-93c2-46f4-b2f3-fb1dfd81cb28,5.0.1,Payment,1126.21,4/10/2025 11:27
555,658,4bf65d97-0cbd-4f8c-8c97-c3f2d838b59e,5.6.7,Transfer,1608.41,4/27/2025 2:30
556,267,9e0e50a5-c2a7-4ec7-8f2a-c8cbffb2df37,3.7.6,Payment,1178.6,1/30/2025 10:35
557,458,e4700b29-69b2-4072-881a-7363802201d3,5.8.6,Transfer,391.75,1/10/2025 2:25
558,394,68df25f3-9c32-40c9-87c5-86df94620cb8,3.6.5,Payment,1872.37,5/6/2025 2:17
559,240,baf79a16-6ecf-4c37-8e6c-227223a4a49e,3.7.7,Transfer,1488.79,6/7/2025 18:27
560,419,93d0528d-549e-4923-a689-c6fe5553eefe,2.3.7,Payment,316.65,4/7/2025 23:26
561,887,e6172b50-be02-487f-8eb6-e96b4bbd7bb8,4.2.8,Payment,1234.18,5/21/2025 17:12
562,77,083be4a4-019a-480c-b661-7f6957b823d5,3.0.2,Payment,972.42,3/5/2025 23:01
563,212,8a9ba9cd-e47a-4859-af8e-9033e57a4a54,5.7.3,Transfer,1973.95,5/21/2025 21:53
564,52,37c1153f-9b24-43f1-be2d-c6bd073fd454,3.2.1,Transfer,22.3,2/11/2025 16:47
565,931,0066243f-30bb-490c-adf0-597605cda03a,1.4.7,Payment,1504.34,1/14/2025 10:14
566,28,71188701-fe0e-4055-9c91-139548fe1490,5.7.9,Transfer,331.87,5/21/2025 9:20
567,78,4895054d-9859-4acc-862d-bac496c27691,3.5.9,Transfer,904.54,1/11/2025 20:12
568,1000,ff0ea3d7-6deb-4670-bdc2-5b918668df18,4.6.0,Transfer,1163.3,1/18/2025 22:43
569,622,0791b127-d26f-47f7-a4df-51598be4e57f,5.1.7,Transfer,971.96,6/19/2025 7:38
570,738,f5e37554-5e53-4271-8626-26c2027aa617,2.6.6,Transfer,413.95,3/6/2025 11:31
571,452,97fb720f-01fe-405f-aac4-7145cb785d44,5.8.5,Transfer,1613.45,1/31/2025 7:13
572,519,7a33701c-c4cb-4f2f-90b9-fd83bac0e8e1,5.5.5,Transfer,237.35,4/26/2025 11:06
573,116,0eb2e7b2-64e5-4d49-9adf-bccb038b6489,5.8.4,Transfer,531.57,3/29/2025 23:30
574,812,bf8d966f-3f54-4476-84fa-29a5906ff9ad,5.6.1,Transfer,490.1,5/3/2025 2:05
575,579,8a5876b3-de02-46ef-b12a-4fc3749eb8ad,3.2.5,Transfer,505.69,3/2/2025 7:02
576,489,7bf645c1-4339-4dc4-9ffb-689dce3012e4,4.4.3,Transfer,1282.22,4/22/2025 18:32
577,82,3a6d609f-4bc2-4eec-bd7c-f07d89461b0d,2.3.8,Transfer,1032.85,4/19/2025 11:28
578,456,62a02df6-2eb6-4c32-b6aa-7e2fffa55ca2,3.6.1,Payment,1855.91,1/11/2025 21:01
579,775,2bd22586-e690-4534-96a8-3238e8044996,5.8.7,Transfer,749.76,6/14/2025 18:28
580,607,85fae818-2dd5-4495-9877-1639a7e1d2b9,5.3.2,Payment,1628.88,1/5/2025 8:48
581,42,7deb6a20-25a5-4e2e-a1aa-24a239a2718e,1.0.5,Payment,642.78,4/17/2025 4:37
582,360,4fe043ce-be5d-4f35-95fb-7731a43a0bcb,1.7.3,Transfer,647.56,5/21/2025 10:37
583,374,8a8c8792-c9cb-4e85-92d4-5fc124687721,3.0.5,Payment,1145.45,4/1/2025 6:05
584,284,2f079be6-fcb8-4161-9d30-2b3ac921f131,3.2.4,Transfer,255.74,4/12/2025 23:34
585,674,0cd0f044-673c-4b07-90ca-1724aade038c,4.1.2,Payment,1222.09,5/6/2025 5:22
586,253,1ca4ad94-47e7-41d5-ad84-cb9327222f5c,1.6.5,Payment,408.35,3/17/2025 16:52
587,899,9d720d02-1cfa-4206-a8e5-4008086e6d93,2.5.9,Transfer,630.97,3/3/2025 14:41
588,929,0220d527-3790-4419-a607-289c1aa9a25c,5.8.0,Transfer,1995.08,5/4/2025 13:15
589,161,7e5a1cf1-17a7-438c-a809-eb79a0fd6f33,5.2.1,Transfer,1832.87,5/5/2025 3:28
590,538,ba4ace00-4a18-4008-86c3-5b2f0200bb41,4.8.7,Transfer,1267.62,4/27/2025 2:15
591,517,39ea3f25-9205-4b64-8170-7ba53ee4955e,5.2.7,Payment,932.81,2/10/2025 5:53
592,962,64bb2b56-6792-43ac-a52b-3d4529bbb763,4.3.0,Transfer,914.03,4/12/2025 11:04
593,595,8f4ccdf6-7756-4fde-b575-2044e61e0833,5.3.6,Transfer,826.77,6/6/2025 5:35
594,583,d4b789e8-9fcc-4352-abd9-2737c26dbb69,4.9.7,Transfer,1860.22,2/8/2025 21:03
595,1000,ae78d86d-0942-48e7-9a2a-5574de039d89,1.0.4,Transfer,1991.93,2/17/2025 9:52
596,678,60ef7cb6-8c0e-4a35-8395-83172b7e55ef,1.7.2,Transfer,318.37,2/21/2025 4:01
597,625,9bd4c631-6c63-484d-991d-4ccb7c566e16,1.1.0,Transfer,1226.25,3/15/2025 11:00
598,728,b2469119-585c-49b7-8ce5-feb5f262b91d,2.2.6,Transfer,299.69,5/15/2025 4:25
599,530,1b171b5b-b7a4-477a-88c5-72bcbfb32939,2.5.4,Transfer,479.02,3/26/2025 0:52
600,341,922d61f2-9c47-4cae-adeb-eeb64a15c516,5.4.1,Transfer,853.58,5/26/2025 3:34
601,124,6946da2c-7410-46aa-8f57-021df4319dcf,1.7.7,Transfer,410.58,1/22/2025 7:00
602,565,802243ce-f41b-4a26-beb7-8393a3e8ced7,4.2.4,Transfer,1109.46,5/14/2025 0:37
603,734,27791ed1-6034-4ddb-8b51-10a14df3e270,5.8.7,Payment,1964.53,1/17/2025 14:44
604,688,31b08526-e009-4009-8e5b-df5fbd68a625,5.4.0,Transfer,662.01,1/28/2025 15:37
605,323,4096997d-d1ae-444e-b038-23fd87a65f1a,2.8.0,Transfer,395.61,5/31/2025 11:30
606,402,f9b1e23d-c09a-4f5b-8240-0d51430b2b05,3.9.7,Payment,877.57,5/31/2025 6:51
607,223,aef2cef3-c72b-4628-8aae-2d8095b297d6,5.5.0,Transfer,1482.82,3/31/2025 10:21
608,998,4b007d35-2ab3-48fa-aa1d-0c9c8c30e3e0,1.5.1,Payment,1704.85,2/16/2025 3:09
609,419,65a0c723-e790-4286-83da-caea2f8c0111,5.6.7,Payment,134.33,5/14/2025 19:36
610,132,452ed662-5828-461d-930a-8c7a61ed2a16,5.1.5,Transfer,1097.28,2/26/2025 15:56
611,567,66d8b533-2ab1-4425-b3e1-5d92985f3cf1,4.0.2,Transfer,1730.78,5/11/2025 22:23
612,534,6f5318cc-003d-4398-8123-24fcb983930e,3.3.7,Payment,227.72,6/1/2025 21:57
613,984,f54d61c1-5b5c-43ac-a1c1-f0d932c00e96,5.2.4,Payment,449.28,2/28/2025 0:33
614,106,c503e4c8-fe1a-43da-a1f7-2330c1c592c9,4.3.0,Transfer,1378.54,6/4/2025 3:07
615,580,6d05906f-7ee7-4bde-aa6b-14dc196a31bc,1.8.5,Payment,71.51,3/25/2025 13:59
616,573,5cf052ce-588d-4fde-b199-064e849b1dd2,3.8.3,Transfer,1557.84,4/7/2025 5:49
617,782,8aff7c0e-74bb-4e9b-a6f0-459ed127f5de,5.1.6,Transfer,327.96,5/7/2025 20:43
618,549,4076d0a4-07a6-4278-8c5c-be3ac6b41f6e,4.6.5,Transfer,96.63,2/11/2025 9:48
619,409,f4cefee4-26a2-4f66-84c9-2300a4169eb5,4.7.5,Transfer,1130.42,4/18/2025 2:46
620,460,22e7f148-9f02-4407-a7da-11c75fe2ea06,2.5.4,Payment,1622.71,5/18/2025 6:53
621,327,493897f7-baa2-4f17-959d-c1b5e34dd9af,4.7.2,Transfer,1954.56,3/18/2025 6:38
622,301,a6b5c367-961d-42aa-9481-dc1dd753b170,1.2.5,Payment,56.45,5/20/2025 0:03
623,554,8e8390aa-f1d6-4ed7-81ee-e53fd5eb519d,3.5.8,Transfer,306.74,2/10/2025 0:11
624,351,4106e765-93cd-4187-8344-42ce2961139e,4.8.4,Transfer,1569.45,3/9/2025 9:13
625,645,7b7eefbf-c498-4693-919a-56a30347a387,2.0.8,Payment,310.07,2/1/2025 4:49
626,964,d8063754-1ba5-44ae-9d6b-62e4afc274ff,1.0.4,Payment,742.85,2/12/2025 15:10
627,809,9dbc67e2-7f84-405b-b47d-b9163add7847,4.4.9,Payment,238.3,6/17/2025 3:41
628,389,70788690-9a9a-4382-adfa-ca036779ba35,1.8.1,Transfer,1534.22,6/2/2025 11:34
629,842,21ddeb85-8d53-4188-8146-1b1409f34dae,1.1.5,Transfer,1261.22,1/2/2025 23:13
630,993,ea6810d1-d254-4806-b7fc-063f0b0fa760,4.1.3,Transfer,38.21,2/1/2025 14:18
631,283,05179995-974c-4fe5-bfa1-c4b8b173cf8b,4.5.0,Payment,87.66,4/12/2025 19:06
632,850,bba4faa4-4f6a-420f-84f1-c35eb18845a3,3.5.8,Transfer,72.66,5/16/2025 18:07
633,657,a9f4d3c3-40ae-4575-ad53-d1d01c319481,5.9.2,Payment,1254.26,1/29/2025 13:17
634,24,bcb7d465-f1cb-4126-8a1a-b3811e655e8b,4.9.9,Payment,1854.07,1/6/2025 8:12
635,394,c320412a-0994-45bc-a21c-2d292e4b5a76,3.9.4,Payment,667.41,3/18/2025 20:04
636,665,104eb7a6-578e-43ff-9b69-71d5cd79485e,3.8.0,Payment,1578.08,3/5/2025 0:59
637,404,934fd2e1-64d3-4e46-b617-a7aff12da8a3,2.8.3,Transfer,589.3,5/27/2025 8:57
638,144,87221acc-94d1-45df-9016-3d39bf943a48,2.4.5,Transfer,1543.57,6/9/2025 12:36
639,939,4f411fd3-eac8-4d1d-9386-e687d66eb25d,1.7.0,Payment,475.25,4/30/2025 2:56
640,67,fe05fa62-04df-4ddd-81c4-8622d33a2de1,3.2.4,Transfer,1295.57,4/9/2025 16:54
641,893,6660a345-7868-44e0-9c5d-3e0fb29e798f,5.6.6,Payment,1344.03,6/6/2025 3:15
642,37,0b214c83-50f5-443d-85cc-419b6573058a,1.0.4,Transfer,427.38,5/23/2025 0:53
643,929,6d0e4316-f41e-43e6-95e5-2ac373003c85,5.0.4,Transfer,994.15,6/11/2025 7:23
644,170,6ec338e2-373d-4caf-929d-094a132c6edf,3.1.4,Payment,1376.41,5/14/2025 8:03
645,386,56539a17-86dc-48a1-9764-5210f526789e,1.7.0,Transfer,425.46,2/3/2025 13:50
646,510,d8214c3d-eee6-416d-9f89-fb9b2d3d9f19,1.9.8,Payment,1775.64,6/4/2025 2:43
647,993,f7194ee8-e790-45a9-aa95-d2806f907569,4.8.8,Payment,449.64,3/17/2025 12:42
648,19,aae20844-91db-42a9-8dc2-c20c5f3f4286,2.8.4,Transfer,1207.46,5/23/2025 12:36
649,696,a7943522-7247-41a6-a999-427f314a9d5f,2.8.1,Transfer,114.02,2/19/2025 9:37
650,391,e84c2e6b-f9d8-4b97-86d6-71f98ec65fcf,3.5.4,Transfer,773.19,3/15/2025 12:24
651,158,0076d91f-a231-4932-897f-8bbf6299933f,3.7.3,Payment,313.8,4/29/2025 13:10
652,358,115a2a0b-1aa2-4874-923e-715f56edc3df,2.6.1,Payment,885.54,2/14/2025 1:59
653,608,0327c76f-592e-477b-851e-6b56e0e22e41,5.7.6,Payment,1541.7,3/20/2025 11:53
654,166,1e19fdf3-cfe1-4683-bdcb-a0f7841f5f76,5.5.7,Transfer,979.12,5/6/2025 20:39
655,373,b58621a5-6539-4b84-bc47-6e4b05ec33df,1.8.0,Transfer,243.87,3/20/2025 18:55
656,926,4d181fa5-3a23-49cc-a492-56e7586812e6,2.3.1,Transfer,1549.14,1/7/2025 7:32
657,97,87e5a3f0-48eb-4c60-a2d4-88467c0cd940,4.0.4,Payment,768.4,5/17/2025 13:30
658,967,0d36af30-a5d0-4f0d-8984-6a1c069e4f3c,1.4.4,Transfer,179.69,6/4/2025 19:00
659,428,17619327-dfc5-4932-839f-da2ab12561a2,3.0.4,Transfer,1533.29,2/7/2025 15:44
660,379,7100de58-a253-428b-80d6-07533bff38ae,2.6.4,Transfer,1937.25,4/27/2025 21:58
661,699,b6262df1-9267-4e51-9159-5a310c01c776,5.2.9,Transfer,1478.39,3/13/2025 19:30
662,293,90d2ff71-591c-46ec-a852-700f5055bca3,3.4.1,Payment,1671.27,1/2/2025 2:07
663,955,d3a18df2-80df-489a-ab0c-df1fdce03c07,4.8.0,Transfer,1191.9,5/11/2025 4:17
664,497,9104107f-9c2f-4d55-93bd-ebbbd9791939,4.2.0,Payment,1622.12,3/13/2025 14:06
665,828,22104b9b-87f2-4f87-aa2b-0d9c7f149718,2.7.3,Transfer,1862.16,2/11/2025 19:28
666,754,b2ee83f8-f72c-423b-9ac6-e79ca5d2ccf1,2.4.2,Transfer,1341.88,1/22/2025 17:42
667,3,ab30a681-27dc-49ef-aef3-32a2423a92fb,4.4.1,Transfer,875.93,2/8/2025 23:43
668,866,2ee9fa16-ae4d-4d67-97fd-7df0e2f301e3,3.0.2,Transfer,1389.11,6/12/2025 6:19
669,195,ebb32b9e-a1aa-4272-b0f6-772700a66c7f,3.3.4,Payment,654.47,1/14/2025 4:05
670,350,d29ddc84-2313-4da9-afe7-06169dfdd07e,4.1.8,Payment,291.04,5/4/2025 23:46
671,968,b94b6db2-72c8-43e0-ad92-555608153e6b,4.2.1,Payment,1069.06,3/16/2025 23:31
672,962,4aaa7ef3-a1cf-427d-8c9f-767dd925c194,1.5.5,Payment,1685.72,5/16/2025 12:14
673,590,24291212-cb7b-4118-8579-e373114d8090,3.4.2,Transfer,1546.6,4/5/2025 8:41
674,888,cf4dbcb0-e1c4-4e2f-aeef-7a20e5e7c7a5,4.5.0,Transfer,806.92,5/2/2025 1:43
675,555,58831fd3-8e3e-449d-a2f0-2d65ca2f1a22,5.0.8,Transfer,1296.23,1/9/2025 5:22
676,539,53178d85-3d1b-4452-931f-7b22febb28d3,2.0.7,Payment,944.27,4/9/2025 3:42
677,155,6034ef2d-0b69-415c-b18d-b71b7dd1ed79,4.3.3,Transfer,70.08,1/20/2025 6:16
678,680,e990275b-06e5-4a98-9d22-bce59089da82,2.9.3,Transfer,1061.35,2/26/2025 3:46
679,108,7557e528-ab2c-4762-949a-ca346772494e,2.2.6,Transfer,320.92,2/26/2025 21:56
680,254,1cdc17cc-90f6-4de6-a963-7011bf0ceab8,2.2.6,Payment,900.41,5/9/2025 2:20
681,938,d9d9e282-b2b1-451a-bb62-bab15d486b8c,4.7.4,Transfer,1764.77,1/25/2025 17:22
682,344,9786483e-ee0d-4f45-96b9-c18f99a3d726,5.8.1,Transfer,1525.82,3/22/2025 0:54
683,551,9a7020cf-421d-4a90-8a71-77cef7516878,4.7.4,Payment,1951.38,4/28/2025 1:24
684,297,d3b24c7a-560b-400b-8a9d-b51cf2c089d3,3.9.9,Payment,1575.79,4/23/2025 7:57
685,207,33eb2b80-1fde-4b91-83a3-65a213d5ffd0,4.7.5,Transfer,318.18,2/15/2025 17:17
686,888,6a4c9a02-6248-4a83-a2f3-949851a5a85b,4.6.8,Transfer,1420.09,3/1/2025 5:44
687,619,f8f95a08-a5f6-4df7-af89-8a402901f5db,1.5.3,Transfer,1300.02,2/13/2025 1:28
688,920,a295dc46-a689-4944-95c8-43b69ef0be36,4.8.3,Payment,68.34,3/7/2025 1:35
689,78,24761f47-d1ec-45bb-86c3-bea3eba28a58,4.1.3,Payment,969.91,4/27/2025 11:25
690,612,947df178-4da9-41fe-89e7-8552e83d4bc1,1.5.3,Transfer,87.26,3/14/2025 14:43
691,213,1d1cdd8c-cb7b-4ce6-968f-3f1595c9737b,5.8.3,Payment,403.41,2/27/2025 21:06
692,670,aa199f18-8014-4388-a4c7-a121fa418ee4,3.1.8,Payment,215.27,5/24/2025 20:28
693,413,1d690ead-9f2e-4c9a-b927-e8438136067e,3.8.0,Payment,502.81,6/5/2025 12:56
694,139,0775b6ee-d66a-4e6b-96c9-856c4a45e9cb,5.0.1,Payment,1003.96,5/26/2025 10:06
695,857,5f5a8ebd-0444-474e-9f2b-823844d71dc0,5.5.3,Payment,225.15,1/22/2025 9:13
696,283,32b4e525-91c8-4144-b835-887cfb538652,2.9.7,Payment,722.16,5/1/2025 9:34
697,252,b6bd38c5-7a8e-4844-9f4f-08a541f22419,3.1.5,Payment,47.87,3/23/2025 22:16
698,387,b555c7df-1332-4cbf-8822-5514bfe3cf4f,4.0.8,Transfer,1692.83,5/29/2025 7:26
699,242,ec5a1563-6052-4cbf-b00a-56a96b1cf49e,4.5.0,Transfer,797.37,4/26/2025 19:14
700,974,44b525d7-6e2e-453f-a460-8eb968f96af1,2.6.2,Payment,625.32,5/26/2025 15:02
701,975,c9d2afb4-3a43-426a-8977-8d8c4355449f,4.8.9,Payment,293.49,4/4/2025 4:17
702,946,13a7e040-ee32-4895-8faa-0a5b9866df76,3.1.8,Payment,1738.31,1/11/2025 5:57
703,916,567edfab-5cad-4d34-bb4b-9be8ad2ed61e,4.1.3,Transfer,91.01,2/12/2025 3:13
704,426,afd81941-943b-49f9-92fd-81555ed1951c,2.1.0,Transfer,71.17,4/21/2025 20:57
705,331,f34e3b2c-b9b4-4490-a016-da944163e77f,4.9.9,Transfer,1846.84,3/16/2025 8:05
706,19,5b283e3b-f299-464c-975c-294cb09301c4,4.2.9,Payment,79.15,3/20/2025 10:32
707,627,6435f5d8-86c6-493a-8915-4d25e076cf44,4.5.2,Transfer,1064.29,1/15/2025 3:51
708,429,f37ac405-8fcb-4c09-862f-d5392b7c2c07,3.0.8,Payment,840.4,5/17/2025 23:45
709,96,5822f101-ca62-4699-b47c-013551603327,4.8.2,Payment,585.37,4/17/2025 21:07
710,454,fa7b4934-6399-4944-993a-af105d27d5f7,2.7.3,Payment,1053.28,3/25/2025 2:53
711,998,f5a4d904-c7c3-40b8-87d3-c748de4ab3bd,4.1.4,Payment,1159.24,3/26/2025 9:46
712,200,f1c3897f-ad7b-42ed-b1c2-519cee72c533,5.0.9,Payment,57.2,1/5/2025 9:21
713,54,6a5678e0-152d-40df-bcc0-eca0753347fe,3.6.2,Transfer,1593.2,3/12/2025 1:48
714,494,4a680e32-9adc-44dd-a9d0-6de61d566053,1.2.4,Transfer,574.41,5/25/2025 1:28
715,846,bf0c7648-8cb1-4b27-bd5c-9fc579e24e26,3.7.9,Payment,130.91,1/18/2025 15:37
716,173,175d99fe-b891-4cb1-9af0-f2d0be9e2d3e,4.3.8,Payment,1780.07,4/30/2025 7:25
717,962,7070614b-550c-4ad7-a570-9b41a46cce40,2.2.9,Payment,349.98,1/11/2025 11:06
718,589,d7a6fbe8-b758-4762-874a-dc0f740cbb9e,4.2.5,Transfer,79.16,2/1/2025 2:27
719,304,b1b6c197-50a5-4657-b2bd-a9248b164593,5.3.8,Transfer,981.16,5/23/2025 10:25
720,905,62538379-6b63-48d7-8838-d5dabfd30c5e,3.4.3,Payment,1014.19,2/13/2025 15:50
721,412,b344d5d9-adb9-47fb-ba95-3d3cbaf11e22,3.5.9,Transfer,911.77,4/25/2025 4:01
722,54,984227fb-8283-4d7b-a8bd-51af36762f73,1.7.9,Payment,1474.21,3/11/2025 9:25
723,277,1fadf68b-d974-40f6-b7f1-3a032cd02cb6,4.3.6,Transfer,1974.05,3/15/2025 20:53
724,856,0f084b12-6961-46d9-a729-dcde19278c9a,5.3.7,Transfer,722.15,3/2/2025 22:08
725,654,eabdb6fa-9bad-47e3-a06e-3acbe8ed9fbb,3.0.4,Transfer,1090.59,3/23/2025 3:46
726,553,8b4799e0-0a57-4b51-99e0-64ceed032991,4.5.0,Payment,1749.63,2/27/2025 15:08
727,512,7b86c2da-d6df-4d5e-a67b-3a6cdda07bae,4.0.9,Payment,1464.83,4/20/2025 7:30
728,119,2fe19049-4c10-43ea-9d5a-22a1d5c3558c,4.2.1,Payment,1588.23,5/6/2025 6:10
729,785,9a132066-f025-457c-a69b-46d99cb239f3,3.9.8,Payment,569.09,5/2/2025 17:12
730,215,ef1239db-2f4b-4e0f-8263-a3454666108a,2.1.5,Transfer,1163.47,3/8/2025 22:37
731,271,98e522ef-8d6e-428f-9fa3-10fda2a34a9a,1.1.0,Payment,628.2,5/11/2025 11:43
732,32,5bf77545-26b3-419c-aaa0-73a241ad6482,1.9.3,Payment,657.12,1/12/2025 17:21
733,8,8e70de9c-e917-488b-ac32-f5421efaa45f,4.2.2,Transfer,113.84,4/4/2025 1:26
734,581,ab1d71f8-198b-4a76-b120-1503dac4302e,2.1.6,Transfer,265.25,1/24/2025 0:05
735,396,e3703bc5-bd3f-441a-97c3-60fec22abb6d,4.3.3,Payment,761.38,1/24/2025 2:32
736,300,64313fbf-500d-4604-bf8f-61b9e682bce6,1.8.2,Payment,215.28,5/10/2025 9:59
737,66,93768a8a-56c4-40f8-9eee-e1bec167dc99,4.1.7,Payment,1206.12,5/4/2025 11:24
738,597,24ebbf75-4103-4e11-8856-9e6b8f757453,3.5.7,Transfer,97.17,4/20/2025 18:43
739,781,5ca15045-8970-4c41-b361-af92d6bc2184,1.9.9,Transfer,62.54,4/5/2025 5:34
740,76,2b354e2d-be34-47e0-8938-bb9155623566,5.0.0,Transfer,829.07,3/6/2025 20:26
741,452,7ceee67b-5c03-4857-a797-7eefd8930002,2.5.2,Transfer,1995.5,5/31/2025 12:04
742,374,29a32779-f416-4b32-8fe7-6bdf1ded3232,5.5.1,Transfer,1600.55,5/22/2025 6:28
743,245,90cbf6e1-b884-4ee4-bd0a-9ecf8848cb38,3.2.4,Payment,483.42,1/8/2025 2:51
744,968,60031c19-bee1-4a92-9d3b-22dd5835a9a6,1.2.2,Transfer,960.48,2/18/2025 15:48
745,101,28b4bdd3-e5de-4fa3-b06e-0180a2250475,1.6.6,Transfer,1486.27,6/5/2025 3:50
746,23,9aa8ebaf-055c-4aaa-a293-b62d84225573,2.4.9,Payment,1933.89,4/3/2025 9:48
747,376,d718a4d7-4867-42ad-8db6-0bc159cbb4b7,4.7.7,Transfer,166.9,6/5/2025 15:11
748,309,98714d93-6d91-4dc3-a3d8-0afddb802b21,5.0.5,Transfer,175.47,3/19/2025 5:55
749,346,d1d732f4-df27-4183-8984-e4409097d5d5,2.2.2,Transfer,1728.17,5/8/2025 11:55
750,640,7311900e-4093-4e61-b263-b8f609ccec8d,5.7.5,Payment,790.56,4/22/2025 22:16
751,125,7a81ec3a-ba80-4424-83dc-5ad76655c5bd,3.8.7,Payment,805.08,3/26/2025 11:58
752,747,5f30b955-ddec-4e3e-b68d-dbd725f70063,5.3.1,Transfer,1941.75,6/7/2025 0:34
753,325,0f0b862a-de7d-4e43-8f75-fccaff4351c7,1.1.1,Transfer,329.15,5/30/2025 5:34
754,270,e02b19d2-1098-4fc8-b58c-a226d9478a62,1.2.4,Transfer,1988.03,5/22/2025 4:37
755,909,acbf159a-7851-4ecb-bcbf-91902cd953b3,3.6.7,Payment,153.35,6/17/2025 8:56
756,689,1c4ebb0d-98a4-4322-b839-fc666efe5478,2.7.1,Transfer,1791.92,4/29/2025 18:57
757,907,b36602c9-66a9-46f0-bea6-165219158ce6,3.1.9,Payment,1366.37,6/19/2025 18:26
758,412,f5c94ddd-fcf2-454a-8357-75480d343736,5.5.4,Transfer,1311.03,3/13/2025 19:18
759,556,9209374a-8437-4aa5-9943-67b8f47273c4,3.7.0,Payment,512.06,5/28/2025 8:43
760,915,fa700e66-8684-421c-ad89-eb223d2642be,1.1.7,Transfer,1766.45,5/7/2025 12:21
761,92,6f2a99c6-9eb4-4bc6-9b30-d96dd22bc941,4.0.6,Payment,416.56,1/13/2025 19:41
762,898,dbd3f2fd-7c39-4ecb-a022-cf6ea02e6c23,1.1.1,Payment,906.61,2/11/2025 6:00
763,546,68d18af4-df1e-4fd8-a091-ae0b21959665,2.1.8,Payment,912.88,4/21/2025 15:01
764,31,7cc96a4e-41b3-47af-8d77-66c66d68bb98,2.5.7,Transfer,718.52,5/13/2025 13:14
765,859,96919de3-9bb8-419e-8763-6abdde02322d,4.4.0,Payment,131.98,4/27/2025 20:53
766,66,f963b25b-43ed-4b3d-8e2e-46f8128be857,3.4.2,Transfer,1446.98,1/21/2025 22:03
767,727,3f32fa32-4687-43e6-ba6b-5ac34c6079c2,4.8.2,Transfer,154.87,1/31/2025 18:36
768,432,32465b10-240f-4a1d-b203-56e42a6b6c6b,3.3.4,Payment,609.4,4/25/2025 12:30
769,677,5579a155-3b94-47f0-a6cc-1e016db457fb,1.1.4,Transfer,637.62,5/30/2025 18:04
770,299,923156c2-7a71-4eb7-ac3a-39e0f9ade44c,4.6.2,Transfer,1819.6,4/11/2025 4:37
771,541,d2bdbc5f-bc79-4ec5-b534-8a9b9922e4b2,2.2.3,Payment,1290.22,3/12/2025 2:18
772,917,c2a0d8d3-41e5-43bb-83b2-1c6a66c709fc,3.2.1,Payment,848.34,4/17/2025 3:35
773,524,47eb460a-bb3b-4569-b0a2-8d7fe2877993,3.6.0,Payment,1039.45,6/13/2025 8:04
774,973,82da7440-9bcd-4a7f-8a01-685438436614,5.5.1,Transfer,1228.7,1/29/2025 23:14
775,244,c48c46d0-2229-4e0d-b54a-b9c7ed868fc0,3.6.6,Transfer,297.99,2/11/2025 13:10
776,866,b6243147-cc41-41bb-9208-bbd44d2a9727,4.4.6,Transfer,652.88,3/30/2025 6:30
777,780,c90c8f8a-c28c-4fb7-a0d3-d16063676181,2.1.6,Transfer,1163.07,6/6/2025 1:31
778,323,3bde68c4-aff8-445c-a633-412acf33d2fc,1.6.0,Transfer,1292.92,1/26/2025 3:57
779,295,89990fcb-87be-497d-b33a-392a2ed98455,1.1.3,Transfer,1960.9,6/9/2025 3:39
780,951,dd527475-709c-4042-8ef2-a997efe59833,1.3.4,Transfer,1486.95,5/9/2025 12:22
781,809,90fc07b7-1b89-47f0-aac6-e1d9f2f0499a,2.1.0,Transfer,1088.93,5/28/2025 18:00
782,869,cd74a1f7-e437-4adc-93f1-0ecf108d7d4e,1.7.8,Transfer,1155.32,3/29/2025 1:38
783,701,872da29c-ded5-41d7-967b-3075d223774d,3.7.6,Payment,227.39,2/1/2025 11:44
784,820,026f8791-e56e-4327-a067-17e1eb002859,5.3.0,Transfer,217.42,3/22/2025 0:34
785,690,cfe4a4fb-6e5e-4335-a2f9-d14895287f80,3.4.4,Transfer,616.35,5/27/2025 7:42
786,511,19e1c4cd-80a5-4440-9f91-e342317d2ceb,2.3.4,Payment,745.38,4/24/2025 18:30
787,671,491246c1-66e4-483b-8233-8b29a3c6d0cd,5.7.3,Transfer,1519.32,2/1/2025 19:15
788,490,fbc971ca-1c78-4acf-9f43-c6fb354eec40,1.1.6,Transfer,316.69,2/22/2025 4:18
789,974,9d8d1a05-c1df-42fa-8fb5-eefbebd626ec,3.3.1,Transfer,1595.05,1/20/2025 11:06
790,328,a4f30d00-e297-4921-91f4-7a27cb572368,1.4.0,Payment,950.17,5/17/2025 8:02
791,85,bdfee93d-ee54-4ad5-b4f9-9fce4a804acb,1.8.5,Transfer,1116.23,3/2/2025 5:32
792,714,223c454f-86e8-47b1-9ba6-d972be1d1682,4.4.0,Transfer,342.46,4/5/2025 22:20
793,22,3874bc62-2f93-466a-ba58-c24d205e4728,3.5.0,Transfer,968.77,4/29/2025 9:38
794,585,8b70a284-6004-4cec-9e03-ad4ddb1f06cb,2.8.1,Transfer,896.59,3/27/2025 11:50
795,157,1ce0decc-fd94-4f6a-81ff-165953f640c5,4.6.8,Payment,796.47,2/18/2025 7:52
796,211,dd3a6201-dfc2-4f52-ba88-07c03ec044d4,5.9.2,Transfer,158.54,4/29/2025 12:54
797,963,57145865-dc77-44ea-b408-aeeb7737d381,1.1.9,Transfer,1724.36,3/4/2025 20:02
798,37,688e7e56-1039-4912-b2b5-f0ac5be85ae5,4.2.7,Payment,1023.49,1/13/2025 21:10
799,546,ab97a530-dea5-41a2-a901-080833754770,1.6.8,Payment,182.61,4/27/2025 23:38
800,126,4da35066-b606-4254-ba28-7360358e5d25,2.1.7,Transfer,1207.34,3/13/2025 18:34
801,900,780a57d4-c660-400f-81a4-67f59fdd8fde,5.2.2,Payment,486.63,4/14/2025 23:26
802,84,0b5e353e-cf68-4907-97e4-bfd34ffbfc1a,2.5.6,Transfer,999.25,4/11/2025 17:02
803,355,e263d057-1630-4188-9dc4-b261c128979f,1.3.8,Transfer,1886.04,3/22/2025 7:06
804,914,f32af69d-c013-4799-90e4-ae1a96d138d6,4.1.6,Payment,1379.69,1/10/2025 2:50
805,717,b0d84718-814f-4a71-87b3-55f8478b1278,1.4.1,Payment,562.14,3/19/2025 13:01
806,179,7648cf71-8014-4ea8-bca3-c98403ec5212,4.7.3,Payment,407.09,1/4/2025 10:52
807,667,3b3034ea-f437-4156-aea9-ba19ec63d46c,4.3.7,Transfer,363.9,3/27/2025 16:42
808,804,6b47d370-43ca-4428-9248-8918ff0a9ff2,1.4.2,Payment,1220.36,4/3/2025 22:36
809,190,d786bfe2-cbd5-4342-9019-236ef7cb5d54,1.7.9,Payment,1793.28,6/11/2025 2:09
810,268,1e34a04f-f911-460b-8ad6-e3feebbee982,1.5.8,Transfer,135.68,4/2/2025 8:57
811,726,8e03ad3d-4da6-4153-b19c-70ec6cb9363c,5.4.2,Transfer,105.58,2/8/2025 23:59
812,881,33549542-6c3d-44fd-b099-1daf55d2fca4,3.9.2,Transfer,456.32,2/27/2025 21:17
813,891,5b8f99bd-88b7-4da7-a342-4a79f9a2e2ad,1.9.5,Transfer,1379.73,5/27/2025 22:05
814,757,fcfc47d7-5dbe-4dce-89a8-684fc4eb9542,5.7.7,Payment,793.79,4/1/2025 16:35
815,688,50ef6ad6-ac13-4016-807c-f88d61e180a6,2.7.3,Transfer,1172.02,5/1/2025 8:05
816,465,ff74a402-665c-4062-bc58-9e2816e12465,2.3.8,Payment,847.44,3/16/2025 7:39
817,698,9f6a57b1-f0f8-43e3-8827-143d6c6c685a,1.2.9,Payment,174.71,4/18/2025 13:39
818,329,3e594186-aa45-40c7-b0e7-00304b066dbb,1.1.1,Payment,1312.93,1/24/2025 16:19
819,52,c45c67b7-d330-42de-9b50-122876ba6a2a,1.0.7,Transfer,379.51,1/16/2025 21:06
820,969,ef7f9405-1d5d-4bc3-8342-ffacfd3f606e,1.2.4,Transfer,1948.82,4/17/2025 18:22
821,286,7bfe2898-b429-438e-943f-6927d68c6a01,5.4.1,Payment,426.2,4/1/2025 2:09
822,843,2c822032-fa8b-45c8-ad10-80ec9696e482,2.2.3,Payment,1813.17,1/7/2025 19:44
823,572,c6deeffa-5da9-473d-8310-8cb6aeb32273,4.3.8,Transfer,1773.54,6/12/2025 6:22
824,881,b4f81790-4b09-44d9-8296-0d70869127fd,4.0.9,Transfer,418.36,1/20/2025 6:48
825,851,f6019488-85c7-4ad6-822e-1ef9495dc6a2,1.3.7,Payment,1968.04,5/11/2025 9:52
826,999,0121424b-20a4-4ce8-bdab-cc726eb96bb3,3.8.7,Payment,962.05,1/29/2025 14:22
827,174,ca43b69a-ae91-420c-b308-11d6bb01ce5c,1.3.1,Transfer,1632.44,3/23/2025 8:40
828,759,52f89c58-c791-463b-a44a-cb9b4e1efceb,5.2.2,Transfer,1300.76,1/26/2025 10:55
829,529,da6686f7-6273-4d7c-ac6b-c48f8fb14da3,1.9.9,Payment,895.51,6/15/2025 20:11
830,382,0004accb-4c53-413b-b4f2-9137ce46a018,1.9.3,Payment,1851.19,3/4/2025 14:34
831,863,ccb1ead5-47b0-4e06-a91d-776f5867d465,5.4.4,Payment,1082.92,5/8/2025 4:18
832,203,3e1ed81a-72ae-43ce-9ead-892fb270c8af,4.4.7,Payment,1089.74,6/19/2025 16:53
833,99,7642c1a4-2aad-43cf-97bb-d95c3773a527,2.3.7,Payment,1343.93,5/23/2025 6:05
834,589,4ec29c44-2b5d-404a-a587-d3a2a8a79c6a,3.6.2,Transfer,1685.42,2/22/2025 6:08
835,321,168253f1-b2b1-4400-9ef2-6a8637c58582,3.0.7,Transfer,1765.25,2/17/2025 11:35
836,16,db698336-696f-4a07-9b79-33c870171f62,1.5.3,Transfer,647.21,5/11/2025 9:51
837,966,981eb598-7817-4536-af91-3aaf05a2b97a,5.8.2,Payment,1834.85,6/10/2025 18:26
838,566,0038c7a9-c20f-4773-9c6e-19dcedc9bd01,1.1.8,Payment,1337.16,5/28/2025 20:43
839,831,2ed83639-5a74-48b0-875e-453bd8731e6a,2.9.3,Transfer,120.63,3/10/2025 1:06
840,953,c4c4684b-64b3-46ce-8c9c-f75621fa70b4,2.8.4,Transfer,965.08,6/14/2025 9:17
841,999,a162f1d2-cc2f-4c5d-9821-5a41ae18003c,5.2.5,Transfer,1473.96,3/16/2025 22:11
842,225,7a4d402d-899b-4bcc-88c5-56f7cf6eb467,4.1.5,Transfer,1541.44,2/19/2025 6:36
843,103,0aca9f18-6c3d-4180-8a55-0e9e921bb2a7,3.3.3,Payment,895.27,1/3/2025 23:42
844,17,33b9e55f-af58-497f-a328-024405fa9cf8,4.6.6,Transfer,126.4,2/23/2025 21:28
845,912,3a5dd368-7d42-487c-95a0-3b9d1895cb85,4.3.3,Payment,204.24,1/16/2025 17:45
846,808,e4b21cfd-5d4e-4d11-b449-0cf64ebd8b52,1.6.1,Payment,1978.47,2/7/2025 3:31
847,605,ab59ddb8-e60a-4c16-b0a3-9e955bab1707,3.5.3,Payment,1191.97,3/12/2025 16:47
848,502,0599a26a-47c3-4b78-8a4c-032ac7f9b867,2.1.3,Transfer,1371.93,4/27/2025 2:15
849,236,6f629327-b14e-4473-b04a-faf12fbe6c67,4.7.9,Payment,1945.2,5/12/2025 6:05
850,9,8c556421-5832-485b-9eed-35b495a256a9,2.7.9,Payment,59.83,4/19/2025 22:55
851,100,47cfcef8-2e5e-4519-a907-45ac1e611a9d,5.9.2,Payment,1792.83,2/6/2025 7:29
852,294,69c0729e-9c8b-4b2e-b9b5-e4ba24d9dfc1,3.8.2,Payment,956.25,3/16/2025 21:51
853,826,5f59d53b-9316-4446-94c9-207ecd531bef,1.6.2,Transfer,900.29,2/7/2025 11:25
854,710,79e9aba0-9b81-4a77-9dc6-f14dabc21250,3.2.4,Transfer,1119.97,6/4/2025 5:38
855,955,39a44f3f-5996-446e-a66c-01270a0b258c,4.3.2,Transfer,1758.76,6/16/2025 13:49
856,944,f98e8fa5-5458-44c0-aa27-e51a63a805cb,3.0.6,Transfer,1669.78,3/3/2025 12:04
857,590,aecc709f-e5e6-4e1c-838a-4ccdfefff68f,5.0.5,Payment,772.26,2/21/2025 16:42
858,938,ca34c593-e3d4-4d49-831b-99349b37c9fb,4.9.1,Payment,53.34,2/11/2025 5:28
859,462,433ed98e-21a7-4759-b2b3-b696594676bb,2.0.9,Transfer,955.99,2/28/2025 16:41
860,833,6ced7778-44fb-4fbe-bfd4-442c2beeb04e,5.0.3,Transfer,1392.17,2/12/2025 6:11
861,719,5289ac1f-ea10-4172-a3e9-3171d26cd8dd,3.0.8,Payment,1138.9,4/9/2025 7:29
862,772,dad1ea37-6f2b-42ef-94ca-66025b2f14c7,4.8.4,Transfer,647.06,5/16/2025 2:56
863,335,3ab2b2e8-1ad8-4cdf-8195-1839a37c8d30,4.8.1,Transfer,530.76,5/19/2025 10:12
864,190,c1c570dc-8721-4207-a74c-794cb80513b5,1.5.4,Payment,1853.46,1/13/2025 0:56
865,652,2abc8afd-1031-4037-9a16-abbd38194ace,3.1.5,Transfer,842.56,1/8/2025 15:51
866,817,c8db0b68-269c-42fc-af44-c55f2012d0a9,3.0.9,Payment,101.76,6/16/2025 9:46
867,747,3ea6789c-28d6-4344-8531-522df64a8f8a,4.7.5,Payment,75.69,4/24/2025 15:02
868,25,6071d9a1-d85d-4944-b176-0d84ff2f0aa0,1.3.4,Payment,609.93,6/2/2025 21:49
869,35,f94ce92e-b6e0-4f9e-bb90-cdcc1835ffae,3.8.0,Transfer,1262.01,1/6/2025 17:42
870,20,ad1c19fd-d4e7-45ff-992a-0fc1e00579d9,5.1.4,Transfer,1907.1,4/10/2025 7:02
871,368,340c8ff7-03af-46f5-9a04-e79c6cddade2,3.8.4,Payment,1952.66,4/10/2025 3:45
872,14,9d0c9ab5-b581-4cab-8769-4f7e2fc41278,1.4.0,Payment,589.31,3/19/2025 5:44
873,423,181d4053-4747-453e-9247-f03ac1225683,3.5.4,Transfer,773.16,2/19/2025 12:54
874,811,b807c072-1d46-4499-86aa-c40714976fb3,2.4.8,Transfer,705.26,1/22/2025 22:03
875,370,512b66ed-fc44-400a-8f72-2ba6a657c105,4.0.4,Payment,1720.06,4/29/2025 19:04
876,406,3fcc8888-47a1-495b-9dfa-04f86952d673,4.2.5,Transfer,846.99,1/12/2025 8:04
877,86,6a4aca1f-3ac7-4d89-a581-11305a37bc1c,2.8.0,Transfer,1206.86,5/9/2025 3:53
878,757,c7d9775d-a547-48c1-977f-5236c1d8f26d,1.1.8,Payment,345.42,6/16/2025 0:56
879,914,25931bf6-6b2c-4c21-bd38-6d2520a396a6,1.6.5,Payment,1364.12,2/7/2025 6:55
880,382,a146a325-2cc0-4b08-9e66-5f31c571d26f,1.8.1,Transfer,1134.46,5/31/2025 14:34
881,617,29b774c2-e551-4e55-96e3-e6ab676a86e3,1.4.3,Payment,679.71,2/27/2025 15:24
882,23,32d3a2c9-4818-4b54-be1a-c2af6b367f66,4.1.7,Transfer,146.96,4/20/2025 6:38
883,444,b5fc7a3a-accd-4f1e-b09c-0839c3d96e0e,3.7.7,Transfer,1756.8,4/12/2025 21:35
884,839,a2c82269-6abc-421a-8915-c239e0e3f600,1.0.3,Payment,1402.67,2/25/2025 21:19
885,125,54ecdf07-af63-4973-acff-6f2d2ccd279b,5.7.6,Transfer,120.53,2/4/2025 8:18
886,371,727eafc2-e863-440a-9268-59e7d3c6f8db,3.6.1,Transfer,1022.24,1/17/2025 19:11
887,943,90247816-ebe0-4678-aa79-db217e101dfc,3.4.6,Transfer,569.3,3/19/2025 4:41
888,780,85c6842e-358c-4978-9fe1-333d6de9e550,5.9.2,Transfer,1367.95,5/3/2025 18:09
889,87,40c4e3ce-42b7-415d-a14f-9604a8be5eab,5.3.2,Payment,1734.29,2/23/2025 6:12
890,877,c33ddb3e-d167-4842-8154-f54e84fc1310,2.7.2,Transfer,1883.74,3/13/2025 20:23
891,700,437ca506-4d11-4cff-9579-a574da1670eb,3.7.9,Payment,1563.38,5/9/2025 7:12
892,469,6e451d1f-964e-4ffb-9093-0d8e7186856c,3.9.1,Transfer,1831.32,6/11/2025 8:46
893,307,58343490-28e0-4ba6-8d64-8cbad9b869eb,5.9.4,Payment,1778.7,2/11/2025 21:54
894,589,50f5a999-8084-464f-b209-1af71e72c98a,3.6.5,Transfer,1794.6,3/13/2025 4:30
895,241,e097e364-659d-4c63-8671-e77838b5e4c2,5.2.4,Transfer,1122.5,1/10/2025 21:30
896,660,aaf2256b-5bf6-4872-b90a-76d60b9a8601,4.3.7,Transfer,1333.83,3/9/2025 2:19
897,690,9b30dbc6-10f1-4863-a63d-fba1d8e0b0bc,4.6.4,Transfer,1850.84,2/16/2025 12:05
898,464,56fa7b89-a657-4ac1-8618-4610bbeffef7,5.0.5,Payment,552,4/28/2025 14:13
899,152,eb87646e-d58f-4d70-949e-b848512e8fdd,3.1.9,Payment,1710.73,3/27/2025 7:41
900,466,3bf6b5e4-1f49-46cd-bf9c-66cf5d8e9573,1.6.2,Transfer,616.69,4/9/2025 8:18
901,446,62ed0a47-d5b3-4d7b-a49e-dd946d5d7302,4.6.6,Transfer,1508.33,6/2/2025 18:37
902,709,e872bcc6-1e64-462c-b1c2-b836b489644e,5.1.9,Payment,1204.77,1/14/2025 8:29
903,916,65dcb1e3-ac30-4194-9482-c38aa60b8c9e,3.2.6,Transfer,256.73,6/4/2025 7:41
904,591,908f3b81-3349-41f3-93a4-a120ccc179c2,5.3.1,Transfer,873.28,1/20/2025 23:48
905,594,8f08e00a-80fb-4700-b2c0-fdfa1dea4601,4.0.8,Transfer,843.82,1/25/2025 2:41
906,878,b45995ab-c26e-4799-99d9-199f6c7c7c6a,4.5.9,Payment,57.19,3/27/2025 13:58
907,384,282d875f-f283-4a66-b4ff-158a96c67b14,4.3.9,Transfer,972.45,1/22/2025 19:24
908,678,bd462f8f-9208-48ed-ac2a-d6a7cf8cd211,3.4.7,Transfer,1932.12,1/29/2025 2:49
909,939,2514e6d5-7a50-4a09-bc94-05ec0cf574fa,1.4.0,Transfer,1610.89,2/27/2025 11:14
910,867,638d9322-4d20-45a7-90f3-7d421c3bc9f9,4.0.2,Transfer,1992.06,5/14/2025 21:34
911,768,e3445f3b-19e6-47cc-a2f3-73b927d2b872,1.1.5,Transfer,1925.61,1/20/2025 12:00
912,263,99d3b244-a547-4942-a8c7-0ad0e663e0fb,5.4.0,Transfer,919.29,4/1/2025 20:55
913,332,bd8c978e-28a7-45ce-be82-f7c72b265739,2.5.6,Payment,983.77,4/18/2025 14:31
914,973,3c30b9c0-8377-4ba8-8eef-f1704eafd1b0,3.8.4,Transfer,676.58,3/13/2025 18:38
915,345,ebf28efb-54e2-4250-b1e1-795a3dc26ee9,4.6.6,Payment,487.84,1/3/2025 6:31
916,347,811804ab-65f4-48dc-bf1d-ad9b3e076ff9,3.2.0,Transfer,57.64,3/22/2025 7:26
917,579,2b45c9db-ad7f-4a1b-a024-3ccc08898835,3.3.0,Transfer,325.29,1/14/2025 7:37
918,951,6a4686f5-6080-4cfc-b9e1-aa76bf847564,4.2.8,Payment,952.23,2/5/2025 2:10
919,586,eb23023d-9b39-4739-8b02-99bdfbee351f,3.8.8,Transfer,125.08,3/31/2025 5:07
920,735,7baa80db-04b5-4bee-922f-e6c222eb9eed,5.9.4,Payment,1472.09,5/4/2025 13:01
921,661,9ca3ec49-7cda-41ee-b224-6f8a8829766f,4.6.0,Payment,822.45,4/30/2025 15:51
922,434,4201e910-1b47-4f02-9d0b-b506093f48d9,5.8.0,Payment,1556.85,1/15/2025 2:56
923,446,6f3006dc-8792-420f-829d-06252e0a79db,3.4.8,Payment,1284.64,1/30/2025 4:10
924,789,350a197a-d17f-4263-a4a0-edbe5300ea60,5.4.3,Transfer,97.14,4/5/2025 9:57
925,984,9364799c-6795-4a8c-bb84-93ee0e68e3ab,4.9.6,Payment,867.54,1/7/2025 3:31
926,230,c1197eed-098c-40de-b691-8e5ce4f6008a,4.7.7,Transfer,283.44,1/16/2025 16:47
927,503,78e40873-24bc-42e2-8a2d-83b5ef63b3e2,1.6.4,Payment,1174.91,1/12/2025 10:57
928,399,4bfb48df-15d9-49ee-b879-1a5bb72e2d1e,2.6.9,Transfer,48.31,5/22/2025 19:40
929,857,9324e36d-7c8f-4f90-928e-d4b9c4f8c851,4.2.5,Payment,691.82,6/14/2025 11:57
930,102,54ca0aac-8a4b-48ee-b339-4227e85af42d,4.9.1,Transfer,857.05,5/8/2025 18:54
931,488,5da6c5b0-8e84-4511-8b55-e937c3520b07,5.0.7,Payment,420.28,4/20/2025 22:47
932,490,68e6bcbf-f1a1-4737-a7de-6e4eaea41c3e,1.0.8,Payment,397.37,4/18/2025 16:56
933,773,ccb2872f-a63e-4971-8fa2-b251f2f0172e,3.9.0,Payment,420.96,2/10/2025 1:19
934,790,98b82337-0911-4bd0-bd75-9ddb18a29174,4.4.3,Payment,1663.25,5/24/2025 17:00
935,443,a56615f9-0873-4298-b57c-3064ffeb9d87,5.2.4,Transfer,199.85,5/30/2025 6:04
936,4,27caeda0-4144-492e-aceb-19d5c2ba51b9,1.6.9,Transfer,1815.71,2/4/2025 1:25
937,628,856a34ac-bc87-4948-86d8-eba06f5f944b,1.1.2,Transfer,843.96,4/23/2025 17:42
938,270,9edf25ee-0f0a-48bf-a54e-c2399f918028,1.3.1,Payment,1087.09,3/7/2025 9:07
939,567,a2a784f4-7c3f-44df-8584-eb1dba74081d,4.9.1,Transfer,872.12,2/7/2025 21:40
940,366,cb9ef01c-09fc-46b5-9c37-f9d5584b53fe,5.5.1,Payment,1308.78,1/30/2025 3:38
941,29,156367a7-a2ef-40bc-be1b-36adc80c49c7,2.3.9,Payment,1985.59,2/14/2025 15:41
942,618,945d404e-9614-4fde-b5d9-497ccecb97b8,4.6.6,Transfer,312.6,2/3/2025 13:26
943,588,a20ecb69-f395-40f2-90cf-b61e28e4dfc9,3.3.8,Payment,1443.42,3/8/2025 9:19
944,366,07b8ab5c-a40a-48e4-b8ae-64c2b8c7527b,3.2.8,Transfer,772.89,3/26/2025 19:28
945,486,fb1a3417-00d4-400e-8935-fb714020165e,4.3.4,Transfer,112.15,1/11/2025 15:52
946,250,adc7bced-4a4d-439b-a82a-191169f4d512,1.2.7,Transfer,1581.73,4/9/2025 11:54
947,701,6b6a124a-c755-4bbe-8826-9f8033d90c8e,1.7.9,Payment,1628.97,6/13/2025 19:39
948,411,8e326b58-bd64-461a-baed-2e95067fbf8f,2.5.0,Transfer,708.24,5/26/2025 10:02
949,162,eb631500-1405-4773-a3e5-c38f775dfe35,4.7.9,Payment,559.45,4/28/2025 12:12
950,863,8aaa038e-8571-4717-9ba5-130e99d19d07,3.8.3,Transfer,291.45,6/3/2025 10:02
951,978,e5a87156-3391-4ad1-bde8-25376dc48ef9,5.7.7,Payment,1468.93,6/4/2025 13:26
952,901,5c5ae7c7-8d98-4094-93fd-697c6a9f9fed,5.9.4,Payment,1603.67,5/19/2025 4:53
953,876,b44551be-93c8-49ca-acec-54908b0b7d70,5.6.7,Payment,1015.32,3/30/2025 23:15
954,492,61a1f811-5007-4d54-9651-34462f048185,3.7.8,Transfer,1839.05,3/4/2025 10:59
955,86,224393dd-1b44-444d-a974-a387ed96727d,1.4.0,Transfer,761.9,5/15/2025 3:31
956,893,455ab6ef-160a-4352-9704-8ee9c5c27e72,2.9.6,Transfer,630.42,4/29/2025 12:47
957,855,34df6f76-027c-474e-a8b6-bec03e7ce1b2,3.1.5,Transfer,444.7,5/31/2025 2:21
958,682,8582814e-8402-40ed-9159-e8f792e29e17,5.0.2,Payment,574.89,2/11/2025 2:59
959,271,f87ac68f-55c6-49fa-8700-7c5682756dfd,1.0.7,Payment,1135.72,3/21/2025 18:47
960,138,1c02ff1a-2713-452c-9a4a-4cf96cda8464,5.4.3,Payment,915.5,5/17/2025 14:56
961,949,d3ff2c17-d551-4e18-b386-f9f12d5e554f,2.6.5,Transfer,1060.57,2/26/2025 15:40
962,103,c9f26ffd-dce9-46a9-b2b0-16140e1543a7,3.9.6,Payment,1601.73,4/28/2025 2:02
963,326,f461473a-8fce-4162-a70a-eb2a4e14289f,1.1.9,Payment,743.21,3/25/2025 21:13
964,925,0e88ab8a-1f96-4290-80f1-b5e3c2c46ab3,1.1.0,Payment,1439.96,3/20/2025 20:19
965,524,61635c8a-08a3-4320-9509-823bad2dd82e,3.5.6,Transfer,1687.47,6/10/2025 6:01
966,978,b10f2b40-321a-487f-8562-361ffdfa0753,1.3.7,Payment,1390.34,6/7/2025 7:47
967,742,4754e649-a9a2-47f1-8e73-f2fa7f118e00,1.7.4,Payment,189.09,5/19/2025 22:06
968,974,010b1fc8-364e-49d6-97fd-bdf7d033462b,4.5.6,Payment,1604.81,3/9/2025 9:50
969,239,e46f3afe-84ce-4a4a-822a-87c597468666,1.2.1,Transfer,430.15,5/9/2025 4:07
970,219,0a6c56ab-fa50-4f97-8d13-aa7587ee4357,2.9.7,Payment,171.44,3/8/2025 8:35
971,907,8cd59158-b3ad-45ac-9415-d4809cbfd8a0,1.1.4,Payment,830.39,1/8/2025 9:45
972,79,b59a1738-e540-4b76-bd3e-757b06bf59fc,5.9.2,Payment,1898.85,6/16/2025 18:00
973,694,664ba343-c3b5-40a1-b361-0cf5a58a4e74,3.0.0,Transfer,159.3,6/21/2025 12:32
974,537,ac380660-84c2-4b71-b165-99b218953374,4.5.4,Transfer,1853.44,6/17/2025 23:38
975,55,ba2ef9ca-605a-4046-8489-4e3d01b12cff,2.5.1,Transfer,502.85,2/1/2025 12:42
976,556,5a56a516-4f5b-4224-bd96-9b7eb44588f6,1.4.7,Payment,132.97,1/7/2025 21:09
977,571,23fbf111-6e71-4500-ac72-7116313fb307,1.0.4,Transfer,109.92,6/17/2025 22:55
978,916,f811186e-834f-4304-9cdb-ae5ee7642f67,3.3.1,Payment,1146.49,5/5/2025 22:54
979,336,524f4590-cd00-42bc-9bda-611d721752c6,5.6.0,Payment,966.43,4/5/2025 3:38
980,615,16a03fb2-ae25-4f3e-99a3-de502c89285c,2.4.7,Transfer,1215.87,6/6/2025 13:50
981,428,754e3e6d-3f0a-47c2-b7db-fc5bf318fe45,1.5.4,Transfer,755.17,3/16/2025 7:25
982,325,f3c13b11-d53a-412a-91e1-784e0fb67fb7,4.5.0,Transfer,342.44,5/5/2025 14:35
983,318,c8d163e9-75a0-4fbf-9a66-825a4541c70c,4.4.0,Transfer,1183.37,4/25/2025 15:15
984,270,0abb1b68-2671-42f1-abf6-f56bbcc12bbc,5.6.1,Transfer,678.33,2/23/2025 12:52
985,265,542ec58d-6c61-4ab7-85a7-623ab0c4b2ad,1.8.2,Transfer,1555.47,3/27/2025 18:42
986,112,79952630-b212-40a9-899a-522773568df0,1.4.8,Payment,768.45,5/8/2025 7:25
987,378,f0d6bd6c-01f5-468c-a2da-d92db9ee0c0f,5.0.1,Transfer,1343.97,5/5/2025 11:51
988,884,aa6d9ffe-fba6-4eab-b070-547819983a2e,3.5.7,Payment,1115.53,1/14/2025 23:33
989,412,de69b25f-35a5-42df-a9b7-8c667e1cb624,4.8.6,Transfer,1775.73,3/21/2025 2:29
990,269,1646b229-64c1-4a3d-bb92-b5d0270c5ec4,3.4.1,Transfer,1812.74,3/30/2025 22:32
991,286,67520f52-3854-439a-ad37-bd45949aa576,2.9.4,Payment,1498.7,4/25/2025 17:51
992,506,f6126300-a44a-447b-898a-93be63e45337,1.8.8,Payment,1401.46,5/3/2025 18:30
993,869,fee51cdc-7442-43bd-8176-3f74dcfda8cb,1.1.5,Payment,458.52,3/29/2025 1:28
994,686,f5d9dd1e-2a23-4cb9-9570-d2df2b89d1a3,5.6.2,Transfer,1022.15,2/3/2025 13:23
995,899,4aa8b0fe-eb2b-4061-b01e-249affa85ada,5.7.0,Transfer,290.24,3/16/2025 17:17
996,65,5b3958db-2a3b-4f0f-87dd-2e69183d243f,4.9.8,Payment,593.15,3/28/2025 5:53
997,896,b7935af2-7c39-45bd-9c43-756a50bf2f07,1.7.6,Payment,881.08,5/23/2025 16:22
998,11,dc554e84-66d1-496a-98ae-7d70d621f9b4,1.6.8,Payment,1803.84,3/2/2025 19:40
999,226,609c557e-8155-4e47-a100-a6574033cf08,4.5.9,Transfer,312.55,4/14/2025 7:03
