UserID,CustomerID,Username,PasswordHash,LastLogin
1,1,goodwinsharon,b96acec65e26bfcdc9bee918dc91872dbf1e024901e0e9c61f4ef7478bfa9b8c,2025-01-26 21:06:31
2,3,jensenkyle,537d1cb24a3c0a1e8db7273c9349dc1b3e31e8db34ea6991d0c4ed2875019adb,2025-06-08 16:55:12
3,4,matthew33,1da4f16e7ae049d4203efe497a7866f0375f12dea12cda4bb98ca1e6ae16da91,2025-04-21 10:49:52
4,5,oguerrero,23e023d22c6ea24196e66b42aec2efc1f3579fa7c3301911b2723933fa821f42,2025-01-23 13:37:14
5,7,matthew34,1a530ccd0841c706b1b8de393d396f969c93d0b0c20e912f2c57903cb41a2edd,2024-12-05 04:56:14
6,9,ggrimes,df80247785f0f8307ee7c579e4d901c6862de0b073e865a5c7753da117363c73,2025-03-09 11:04:34
7,12,joshua15,a4460db0c58e30ca2f19ffdf0deeebf30df4c6ec96a99f5f3b5ef97ee36edab8,2024-12-30 23:36:05
8,13,mejiaroberto,96a891121ac28948df1070628c1db12d3728fc3886fd1182a4e8196d3ffab14e,2024-08-30 00:45:36
9,14,jhill,c6fffc452bb12c0f76752f8b0be82b94e1d819eb972dad83e989fc4955bf0742,2025-03-22 01:47:09
10,15,oliverjennifer,1d704ef39b733169b5c9f6a6beb8376d9d9756df7d92ec1ba7729e21c7dd1215,2025-01-19 13:48:15
11,19,smithlaura,826634daa05c952d47ad5f127f7996f536c2b3a1a37f8a35e0c17f92cbb9ee93,2025-01-23 17:06:50
12,20,xsanders,532b2d25885d0bd2bf5ee29ce50a3f4946a4a3ca1ce730ec48b1ca3edc2e5a75,2024-12-26 10:52:35
13,22,ywilliams,db54aff95808e91dd9a7524fdbeb5e0473acb62f8173adb6e09c41bbd0e0ce27,2025-01-03 23:31:51
14,23,hsnyder,adf249073bfb1a01bebd6c4f58e73467f1e97b130bbb7a1e99ee173fed216c4a,2024-12-14 17:45:27
15,24,kathleen80,be896fa1a8d99df465514a3c3ebdd1130b414e757b345af5cbd4dc400f93fd0e,2024-10-22 13:57:12
16,27,ureynolds,3e1a8fd11be299a2aae4fdbb1e3fcb3b248a4b38ea7ebfc660734fb952d3ea49,2025-04-29 04:24:08
17,28,mary70,5812f51db05798b0147af9773ed1ac1e593e5f64e1de417139fe0d11eb26cfda,2024-11-26 19:00:40
18,29,campbelljeremy,ee7c3d5a635f05b73eb358f19855d3904ced916a4cb6d85a26c81063e898999f,2025-05-28 12:41:19
19,32,walterstephen,04554b85da172100b1254b5a0734bdd3561eb648af2c92cb94e73bacd0137772,2025-01-02 09:35:29
20,33,tara64,11f79a4501da20e0ff1319c9b5fe5ccf008955f7c0d43083dd5e97f6bc7879b6,2025-06-12 18:48:19
21,34,shall,7a3a753f5f489cb2267baeaf8f34a90fc1e15c7d47d72a13c9b6ea3ca9a09855,2024-08-03 05:12:08
22,37,lpierce,018b2314f098077fad5b96f669a28d907f400c52bfe559bfca97b61b9b27e1e3,2024-07-13 20:18:57
23,38,aromero,0c380d636be0f332af92e59bd39fedc2b9b670f3de93aef352e0831fdc10b405,2024-07-15 20:36:32
24,39,catherine05,027d5c9b3f4002ed8720ad3f79c739c708edcf15e205efdbc0eb30b5fb7918a7,2024-11-11 14:17:17
25,40,nathan33,cda7ffeab3ea2d7dc9e07ab8979eb5d7b78f3b7e3d0c913f9e387f2d0333814e,2024-07-18 01:06:20
26,42,jasonruiz,4a67197d90e7fbccc90f08c94377271dd7c50e77b33d73495bf1ffdd8caab408,2025-03-26 23:14:35
27,44,jeremy69,4991f1d18144c9738ea532e812f9f2990da76572c3c71c4131cc8eee5711578d,2024-10-29 21:58:51
28,45,stephenschwartz,57096515bfaea0240aa650fcfecd4c62823138edd781e2543ad78941dae082dc,2024-10-19 23:52:57
29,48,marie50,6f870739642be6f90253841c0a2d0d853ac986b2ff38dcc75ef3b3f334ca9d86,2024-11-30 22:59:18
30,50,bklein,e89ae3ed418119d05345dfac99f62bff5fd56a3504036807aededd7b5c2c4508,2024-12-09 20:37:38
31,51,amyporter,81364173ad703f371c7590930deace719fde0b461a29aedf35e3d0ca5df0dcfa,2025-06-05 00:08:44
32,52,terri53,db1a71eee9708bd1b9009fbae3bcfe76b762cab57dab6c359c37cfd8a4b9cf08,2024-09-01 05:38:04
33,53,umendez,e305ea37c3ed5e91059b0eb675f70926e45b2bb34cbc762ea46d72472d6c1a1a,2025-04-26 05:00:22
34,55,jenniferhoward,6c563ca78ddc775a5ed8ac964f7249f16fa34e9d14a1ad980376da47d908a0fd,2024-10-28 10:29:37
35,56,dbuck,a053ce526aad7525aed6d0944d0a1daa574623b00ddb7c004c61b2136036fb53,2024-12-04 06:16:02
36,59,jessejohnson,cd45ab4ecc88bfcc04c86d16aa348636c29536702c551467202ea2f8f7e625da,2024-10-13 09:16:35
37,60,tgrimes,8db7a8ef4361e73f32570bcd16842061121d5fdaae68e582cd03c1337c18f02f,2025-04-06 02:21:13
38,61,jessica31,c8fb33e76707a4cde9747ef21c634e102f8af3571c6647f7ae4538c174acd2f8,2024-08-22 16:51:34
39,62,keith56,ea8a2f43b315930d1f6e8a76ec1ec6a05e8f69b1e0da37064696127eaaaf5129,2024-12-23 06:32:48
40,63,michelebarnes,a878f2ab98817832ff2dea464669bf938b2713d06f7d90582be1b1ad50f593cf,2025-03-04 10:29:02
41,64,buckmegan,7f7dc8bca4c01c2767531ffcb1fb5f1838de15073174eb09169d600ae371b755,2024-09-05 12:40:48
42,66,rickyreed,e1371c4aa88666142ead6114015b7980287f264b8ef382fa0749c63fa64b6fab,2025-03-19 15:01:30
43,67,weaverjason,52bae4757bcaf6bd3880b2dd9fb83299e9f1f3ad1fb8a851c0ddfcc99bf22fe9,2024-11-27 07:20:06
44,69,kenneth38,ecc443664b44e3927fc09c893b3fd952caccb41cd543338b0fc2150547ac94a0,2025-05-25 04:48:00
45,73,alyssa99,83b4897a7a76d57cf819e96a2df739b9a86d7f696191fb5ee8b51a31a5c4ae68,2025-05-16 17:54:56
46,74,yfoster,4ac9299853120be4dc74adb92a3cca0c6676587cd151fb64f540f10418a739ae,2025-05-25 15:22:37
47,75,burtonandrea,c16cde59e2274a50ead7dda7283cbb20d294ef9f6ebb570ca5073e1d1a8515fb,2025-04-12 07:31:49
48,76,pdickerson,097319701cc98a3cd31ee00560e688cddf703645f89d52a236623f2dd1e4f9dd,2025-03-13 16:32:19
49,78,isaiahrobbins,103b51925a401b9ea4fee7a136742f8624e73c3c3887c255723bf9706017dab0,2025-02-04 22:47:33
50,80,collinsralph,98a7919dea203bf57bd08c1104e1a8256cbd435564a3d1579d2c8959bf877a7d,2024-07-26 04:20:23
51,82,lwilson,3fbce9adce49ffe5f595f1ab0ec3771df593e27ebf21ccaf972e1a12391b9cd5,2025-06-01 15:01:21
52,83,charles13,7325403b244f809af3d62b8387cffbec75bc7b361618eb532c57a041a7e1b946,2024-12-19 23:44:27
53,85,silvarobert,2295c935d7e7bcc121c94be68ad7016edc05e628ca44dfebe287f2ee482c9c9c,2025-02-06 02:43:16
54,86,williamsapril,872f510c4ba43ca7fcc6dc650829cc2840bd759dd502b14ce5e0e607b7ac963e,2024-07-22 14:42:05
55,88,joanrivera,ff60c236231869570bffd5e1cad7aa55cc5719c4a68ffd2e0659e3f2c78bc58c,2024-09-10 03:07:18
56,89,cynthiagarcia,4a2c6ed5ce81bef0e61773ead127a6b574e0cd071ea287b71c6f3383a63e28fd,2024-12-16 22:06:56
57,90,virginiamason,fb61674e187223c319861201c78e82acf30672d82f7b7266eff6715e3a8671b5,2024-07-13 19:24:33
58,91,itucker,0b431cc7be848b59ea32697cb9242159ca70dc5c0efc32d82c237f5c63739f4a,2024-12-18 12:26:13
59,93,brady54,35cbaa976c495c3040096bc723363d65e73905143bc45b8233246390a3fe9339,2024-09-18 01:16:53
60,95,kennethbaker,14856fe9f9b68c65ae6470f3e5f79527531ec59fccfc1e898cfb3f8780d77bfc,2025-06-22 20:17:00
61,98,matthewspencer,17b0711a4ef2d6faf9f165037a9ba8930fdcf4bd937c0236ed2ed6236a001b0e,2025-05-12 16:35:12
62,99,valerie81,af342206dde340383ab468abc18fa6a046d1931fd349e83a48ea2df0fd65fe25,2024-10-20 06:09:42
63,100,howardchristian,b0e0935cc71b85ddd84485c05a6415b83999eee608be77094e0385566513e057,2024-07-10 15:13:55
64,102,livingstonallen,1d2959766883e928d0ea3378300a0f83384e59b162ef84ea2e9501c3e614acae,2025-06-13 01:29:32
65,104,gilljoel,c0227ac854361a608b208c86600da654e609089a0882a9fac8a0d604140de513,2024-10-10 05:35:25
66,105,cathyandersen,cede7d500328155b73ac08e2f438d63f647f55e1e5245549be2b52435c88ca96,2024-12-10 00:52:14
67,107,carolyn54,5343315e5c1d1a81bf0a577f4391155955fd2b4364c009fac9882d37592f439d,2024-11-22 12:56:50
68,109,richard48,32ee9bb467c88b0fb48d86c5450c1a360e967d50099a310b302a5e67d75b1b0f,2024-10-12 13:11:18
69,110,arivera,4ab20a79dece5594e9d2dc5c5c9df036d09adf2d9a28bf2cc5b138a105a9d063,2024-12-18 12:41:05
70,111,kathryndorsey,13e1e31cd0cd6c835b07b4a6cafa75e2d5dd6680411d54790257b4af85272406,2025-03-04 06:40:51
71,113,cjackson,600bd33c50c8756690ecc98a48fdf5877bbce406ac890f8bb0694f781ff4244a,2024-08-17 01:47:47
72,114,danielross,88e6c7c4a82f235080159366d22ad69c57200b8220e9c95e900cc0e024667c9b,2025-03-21 14:04:59
73,115,ljohnson,ad878a1ecbe3f9bc822223c107e2cba04291ef76523d92c5f879084d08e0602c,2024-10-12 20:37:16
74,116,traceymelendez,29a68097cb01659671d048dc2a372192b8e76133320a25ef53e5f3e84a9070ca,2025-04-26 12:35:23
75,118,gnixon,0ad9e27da6474dc14bd84173e310c271a8256be76a375cf401b4d96b197f5337,2025-03-31 12:16:34
76,120,lewiserica,4fd8d82925ba1b4e795b45343be01581944fa83508d390092bf580b6f2d8a0f6,2024-08-10 00:16:17
77,122,pamelacarter,ef38456ffd3d9003c0032bb70dd05e59ddb3545eca7e80b08ed43394da4508e3,2024-07-31 01:00:27
78,125,cjohnson,f56c5d147ae3e6fddf58ec62718c45d32b193a85c96bf08f6489b303144d5e89,2024-08-30 08:45:11
79,126,angelajarvis,3ebb1204766f2a43a4de06a3682f8e0d2e85bb9ef191d8108a1e1573f1d1d186,2024-10-04 18:41:17
80,127,debrameyer,b3e0a282c835518c30f93be83f4f6b1c551c59b6a57459f3329ca9fb09f3c11b,2024-10-11 03:40:59
81,128,longmichele,3c8b8be9bf3c4f19338e9195431bec999dcd8f04a45e39be672d34a474aaf6a4,2024-11-08 15:51:50
82,130,patrick09,c7c227c3aee051801155e70a6d2367b4f60c0e7ffb1811ac67d38c1fed7f02f7,2025-06-23 22:45:13
83,131,nsanders,bfee72e20b0cab54a0bcc5b64d04c04ed9cde854ddc55357b39f45781cffa28c,2025-02-19 10:19:00
84,133,kellerholly,69e2916c9afc09817d5732f296d41839e2372219d9acfcaa0db3a89413d18d31,2025-04-30 09:20:24
85,135,hware,faf7393894321194947d2feaf89d418d7fe7725d25e15bbede2864d20e90464c,2025-02-02 22:15:35
86,136,suzanne15,fd32e16ca0d7680d6aa35a291797dc3d41d6ec2ccfeb0b7ed2da04eedcf07115,2025-06-07 16:59:35
87,137,mary91,404828a6e42d05b9fc4ca021f785e1f1217b4d8ea084d2313c4a1e52200fa8dd,2025-01-19 07:52:54
88,138,gary06,55fe16f9b35cf673e975ad09c67c430c6f7c7c78853b2a1c9a8a0526132b2fa0,2024-09-30 06:37:19
89,139,jackwright,2b3b421febda18003b8ab13adf6bb7b73923001e6e566202a63f23085cac4435,2024-07-30 18:31:02
90,141,fpatterson,e1d8a83f386cd706b3b3c1e0d243c3aab57e53c9ba2181d0b97fd0a9b59420dd,2025-01-14 03:58:57
91,142,michelereid,73187dae67405ce8afdac66c6a66da77ce060028ebea2d745df6df369162a889,2025-06-18 14:35:18
92,149,nixonroger,94bbf682ca02a439d4f9e6f08b6dc21725fc8ec038b46ec359314d9d25d9bdac,2025-04-04 23:56:03
93,151,lucas74,647d3b2bd9fe676696d1183902312190c1658ed51eb325a797c9e80858ab50fa,2024-11-07 02:04:48
94,154,halllisa,70a411c6f39bfccb9f9e4ddacf45c9d14d1d025523d661b27798f9a1c41e923a,2024-12-29 19:13:31
95,156,elizabethgoodman,f16a19e68b167a22b09af882f5c8166447ce821f8125cc0dd0a38b759b734b4b,2025-05-07 22:12:07
96,157,sherri31,ad8553128796ac8908df0687bae5f2d95a1c090cdfe61aaee2d82eaa6a2663c5,2024-07-22 23:41:20
97,158,jacksonchristina,0055aabdc9d28b6b6434dc415e3181f5b2a4510cf6ee1daf5eac757a998670e6,2024-11-11 17:04:38
98,159,jeffery35,a987537c1ecfad09600b946568164cd7791173e963ca71209956a0f17232087a,2025-06-17 02:38:22
99,164,georgehaynes,cc72ae38e5eea4ab5324bdbb5c4fd13cb1284594b85d2a747872231a14a1f8bf,2024-12-01 18:19:16
100,165,christopher68,7c57354d06690f542609e161efa1e40a4e0321ca68454a680f6c658bec7e432b,2024-08-02 03:02:26
101,166,ruth80,6e59f40bcdc4ed2430d2a3336956e894b82060c6cf4699165fc8be765d590b7d,2024-12-13 11:02:32
102,167,aaron32,784730402aff9e81318688529f98de65db35ac0f0b027b361c0e7078c331c705,2024-09-11 15:22:05
103,168,robertchan,c6f9ae1eeaf9568c5f60ee83121a878b62662c21cd1f766a74ce8d0a422e4ee6,2024-12-19 16:16:20
104,169,christopherroberts,26e8d6ce84541f0b86a019e8293a0fbcd365ee2a01c2e4f4201e53aaecf86539,2024-10-18 07:18:16
105,170,johnsmith,9f62156c6542395c12fa549af5b9f239ca097f2d224a77159d392c36142a1c39,2025-02-09 15:37:22
106,171,rchase,cc1855d660dbc8c1bf3db0f02e1dc37b58d3b11ab4c099471fd10b2feeeb305b,2024-09-10 14:49:02
107,172,fletcherjeffery,34b01095d5c17e004e954c3d4ec72eb0ea3b35f178929675f32fd76639a649ff,2025-01-06 07:45:09
108,174,arthurallen,08a148edd69e3256e9c0ae735525bbd32c674bc84ca3ba94735e4a140c02aa7e,2024-08-24 22:31:43
109,175,robertsalinas,fc0668a9897a80ef9994d4833031fe5be8b842c111940a7ee49fa44f199d6aec,2025-01-05 06:09:29
110,176,matthewfuentes,72074e2e69547725934ff5d22816b9c9ab2303af4b13eabafcc400804a2939b3,2024-10-12 02:33:54
111,177,cynthiabrewer,58de7023e2f4207ce1420e4e8c6a776b89e90b57e86dd25701127a7d038c046f,2024-08-04 02:07:33
112,179,sanchezandrew,d410fd7ef4c24ab76be08cb6a7ba0ff1467979a0bdb5a2dbb7e5f03b3e0a6e10,2025-01-08 17:28:37
113,181,candicespencer,798883cdeaf1a550edfe48d0cc76c46238d16a4380f1148da1210af691ea21b1,2025-06-10 06:27:40
114,183,scottreyes,446093409947b8f0a69cd4502e2082c244c5fb8e1e14f58de2d4aaf61b34a880,2025-03-16 09:12:06
115,184,huntergillespie,00b3f3f6a33522807968931064976a3f74e6cff6c6dbc13a3a7fc3bfeea0a0d9,2025-01-04 00:06:48
116,186,raymond25,db9b3b7eda5daf692b34971218f62015fd22a8c6523ee8acec6a4ca7611dd01d,2024-10-27 10:15:51
117,188,robertcummings,41048756cc79127a8661c0ec747d85122610dea7fcec0dd58b190bbb5ea6ff8c,2025-04-03 03:40:46
118,190,eric19,2c01f980a763f4d0c8a644a98d5a92d3febfd6158c10ceb3ed33259016076b54,2025-02-10 04:36:54
119,193,jhoward,0e0101b537957baff514e97e8322025cfaebafd3dc9605ad51e8a7a2cd42ea85,2025-02-13 18:41:06
120,194,kathleenharrison,9d7a50c65d45d3430bc8d7a5b64246c859af0d211515e888dd88bca343127971,2024-06-29 12:36:55
121,195,hendersonmariah,dbdae3641a73bf7fe2a1b932d96b0b161cabe3e4ae114553375b2d9ed90fcc31,2024-07-03 08:55:04
122,197,adougherty,9b09e4a613994de868f27923f6b37b67cf5c3dc5f9bc54864daa042f36740514,2024-06-29 06:59:54
123,198,ggreen,780373f6e1ec9d93f0f4ec4e74904e2a6d54ab13f7cd1cc512fdbaa1cabb2f2e,2025-06-13 07:05:59
124,200,zwoodard,f54d9c0e54b05d5472dbbafbdd367dc6cd09c960950b3a6105d2a8cc6ef4a15f,2024-07-01 06:27:24
125,201,hlowe,c46af309ccea40ad2447d75aef2949f106f4c1f6ccbb8b5feca489eded02a157,2025-04-17 07:32:08
126,202,ftorres,d174322d178d2785e76385bf9f9c98f1953ea2b17ad5914dd2ead7e9e1dad23c,2025-02-02 14:23:26
127,204,cynthia88,df6dc7d15055a63fed5053adbffafa5ee7645597c37eebd9349d8e5adf51aa5d,2024-12-30 15:16:32
128,205,wwatson,675cc77628e76abddc45ba5776108f6306c7d24a4c830125df66caa81eb08489,2024-07-30 04:11:09
129,208,mcclainvickie,083fb7ba732f1dc7bc658fa9395e74b6815ca30d4ab8407a5213a7d06e591180,2025-03-09 18:16:20
130,210,jonesstefanie,7dd32f2a01d3429036eb8f7ace2f14f41f36a46af65bb073a80c3018b6d3e54e,2025-05-17 03:32:27
131,211,russellrobert,02e60f9415be7b6c871f9a02990078c1fecb9b736099265d85c6c05cfbf3daf6,2024-09-26 14:00:02
132,212,anelson,b2a3512b14b44fb3aae17e20fdf316f9a2ab51cdb1f4c321158ce2188e2f7073,2024-10-21 14:04:51
133,213,millsjamie,92728f9bd08ed2a2d644fe2c1f95df3f22f51fb84b3c25986f4a1403309bdf05,2024-09-12 05:14:09
134,214,dmorris,3edc4a8b7eed73b89cd1164229ace3dfa50054b8fbd7b099f0900743b3b7c554,2024-12-29 12:07:57
135,218,gstone,f33cb32c24626aa5dedafc6c9d3dd64d20cca796a93062eb7c57fda1c6aeffd7,2025-01-01 14:30:02
136,221,brittany35,2923a2b144072147e2dedb7b7bc797ce455d0a034111d2efa7af31cca66f7f80,2024-10-12 11:30:51
137,222,qhoward,916f383e253e3ddbdf559473b27a45a003a2530554fee3cf47a12959a1dc9dce,2024-09-06 13:35:53
138,223,fguzman,06af7f4a5259c4aecefd652bdccb3d0101102f31c3800d64425cc34ccd6426b5,2025-04-30 20:12:12
139,225,mmendez,095468caaf8cde7965a3306c9a39352362432d3f198c07dc4d7bbfb9100ac7cb,2024-09-11 04:11:35
140,227,christopherbrown,4e3eb784601e931ae066645cddf9b05ec9e34b984a9ff5004a27a0882f333042,2024-10-22 07:27:19
141,228,jeffrey46,dba19192b3496f3defb53a18a955ee330ac26de9eac46f46f3e78f83b1faa1f5,2025-03-05 16:28:17
142,230,nicole37,e99b939ab2734f567b356a2b0b9ac3395626d59f9c2c7985dc6b2af395a5d80f,2024-12-18 09:49:55
143,232,anthonyjoyce,fd58f46258409519c537060e9911a27dc40beb25115344f30f096c7f2ea00fe7,2024-07-26 23:13:12
144,235,pamela24,eb6bd6583de9b15c007b08cd38734b41435643f1afa554608d064345930eecd8,2024-11-21 05:06:21
145,236,garcianancy,fac5302c02d4ca9b38c0e1d9b415b6e3ef02b197e9d28c3145c7e8bc1921563f,2024-10-23 15:30:11
146,241,julie28,cd6c98435184dabc0e0048ec25e2611b26f99cb42f925ca8986a9d2fd9c782e7,2024-07-25 22:38:15
147,242,sharvey,a83e842fb2ec5122cb384a4b902fd9b2542071b9bd2df07690e43e83e3d4ba54,2025-01-15 09:25:29
148,245,lucasrichard,d6fa7070320a78e4547b6e7ad3c42bc5c9111fe4a1530f290c529abc2d1c1ccf,2024-09-20 02:31:50
149,246,rreed,e4846d3dc7ce7ca2dca16264c081a7829b35b6ecd36586f26d39f20aa06a9a40,2025-04-21 22:00:52
150,247,ylewis,33860399d0f0c3dd2861d4535a3893f674ef50ca2f1564e6adc8d6c7da265d94,2024-11-09 00:02:26
151,248,melanie70,1579f147d7bf5c0a6c169f10d70584f3388137891c80a968236309ea4331c1a5,2024-08-28 22:45:27
152,249,jade36,ffc67d4a08fdd62c5d342cc5c2c02a2d45630fc3d2afbba790b27b75fb58e956,2025-06-07 19:57:46
153,252,robertjackson,1e1dd415387af94eec1ec7292ae0e4f85dd360b464e42675cd37605b4188e550,2024-09-29 20:15:20
154,253,michaelrodriguez,f840de57b9a3d0e9ee265f782fde2bf97fb1ef73bd24878c7850879c22d6e710,2025-06-04 02:12:37
155,254,jaclyn82,6ec34905996dbda917172c307ec878da9b27c477a86f2b8db416243e69fd9ec5,2024-08-05 14:40:01
156,258,moralesnicole,099414d70f126d26178be45dad930d9d84ab2d070e1459b2098ba2b475f9aa05,2025-01-27 02:46:31
157,259,caitlinwood,e26a5367bcd3785424cee314d8f3818f790368b13ecc91e271ad5802756b60f0,2024-12-05 14:04:57
158,260,bruce12,ee051f09494cfe6118542f9e988b3997b57d7957846c1f9c19cace3ec0d4a2cc,2024-08-30 08:02:53
159,261,dcrawford,81cc277effc9dd26ab35144a618739d8418def399b5702523ca162d690e1a7d3,2025-04-06 02:40:03
160,262,brownpatrick,1d904792d1ea632b4e6ed4e56bbfc3a2a60e3ab9acfb931bc0807330cc1146c0,2024-09-20 06:58:45
161,264,pgarrison,0e5bf765945ab1e555e00cfc0e8612ee13a9a156f32c6fbcbf7cffed2bd58d10,2025-01-28 12:01:39
162,266,gonzalezmichele,7ffa89d6c884202d7d23a7965a6e836358dccbfd89207e7fa8bf1c33ce7c582a,2025-05-31 14:50:23
163,267,steven98,9e188e9f9aa2b84b1782bd1b852ba41932d36a916b3f0d730f267015cc0e7a64,2025-01-11 02:31:17
164,274,kjenkins,3d0d686615f478be840be15de1e6040719a6b0fa541b532fb1dd59fc96fa5f2d,2024-12-12 08:01:19
165,276,leah93,7308f9113a375a53b3c7ff6135f357b16cca9d144c87b69a5b20b92260869c28,2025-03-26 23:05:12
166,277,bryan25,d72617d951221c6c7ff9785de353506ac334acb82612e1f9b4a1c6f269a0ab64,2024-10-07 07:19:07
167,278,erictaylor,4704114a2db6bac9e568ec992cceaa114ea2dc9077571adf554afb5cd75679d1,2025-04-05 22:32:45
168,280,christine87,a9c988d54a3547381ba17bd11970d4a09b8447eb24577fd0f810c42b55955be0,2025-01-06 08:57:52
169,283,trodriguez,9f5473ddd0408cbac024bfcc1a1eb195e3320d3c450bca47edfabaa163145023,2024-11-03 18:34:26
170,284,lshelton,00cf5cbde9b282d9df7a5f7773909ee6b6544fa853edbb92ee56a1a2aea15347,2025-05-09 08:21:37
171,287,robert60,6a580598304e1cd207f6c7024a5fc5c4d27377410d527da9c2c35c700763e473,2025-06-16 03:12:17
172,289,rhondabeck,65b2b7873c23dc66cc047d0214f331b4f2724effd4a4d127f8affa7e447e33ea,2025-01-29 03:46:50
173,290,hayesjesse,cc16613b8750b094d67310f1f04d5aff94723fdddb0cd72442439e8d05f027cd,2024-12-14 11:41:25
174,291,gtaylor,3e05af3163883d8fdaf4b92cbcf718c48e59442acfc5b6bb25093afc7db01466,2025-03-30 22:56:15
175,292,stevensjason,e2e3f535fe884fb4cc7635e93f1c90adceecb45b6c6b13057b43091fd19d2179,2025-05-17 19:32:42
176,293,dave70,b75ae4295cfbd0b0a9b5e3fef80a4deeb6b92fd22a6364ec853cd891aef43bfb,2024-11-18 17:40:27
177,294,michaeloneill,a16b80b6238c3a6768bd767dd964c897145abaa116226c13da7cf3a3e7b38960,2025-01-08 13:12:10
178,298,melissabarajas,332161fcfc477d5c62b22b8ac2803bf34dacc4be663f7e2b9e58296691808291,2025-03-24 05:07:52
179,299,ghoward,3bd99dcdeb272c86c2dfdf5c0d0595a156a0780d7e10e07383ee2a6fc78191e9,2025-04-25 05:57:36
180,300,ray01,76038d726f63fd5699ef5de0a3ffdcc22a669a9e2be9735d70fb24a33e7cf2c7,2024-11-24 11:52:55
181,302,claudiamorales,eb0e00a531ed095f515194d18f0e846027faa977669504856d25b0ac906d6fc1,2024-11-20 00:22:20
182,303,kristenparsons,be4d7ad556a8bbaef23305726ae9364880d03fe5ec244c5b4843e8147da5e9fa,2024-08-31 08:30:03
183,305,karlschneider,ba6f719932e9e4b15720112db714cc5224e23d6a11b403c5ea9e9eecf6afbfed,2024-08-07 11:27:36
184,306,gabrielpowell,292ca784dfd891e45d3b646510a635f32a26bbea1215a802006724a9358b58ac,2025-04-23 02:46:06
185,308,sherry65,5b8e712c4556415595076f360b768945a51f2065a85905d15dc7551d9b4ae722,2024-06-26 13:39:37
186,310,karlali,e9ad8eee2290bc43d17a481b448f7409e5ddbe57f02490b46a35da13b7f7c7f7,2025-01-12 03:39:15
187,311,laurensnyder,015de98136cd9e15bb2b0d24dedb18deb64c8aeed5eddf1986e9bbeb8a0f1b29,2024-07-24 21:58:50
188,314,deborah13,dede3a59775e04925f7d30fe6a8db672e159d5190e60e633bd0ea7efd0df0c0d,2024-12-16 07:13:28
189,315,bailey44,fb357f7995ca0ca63dbd6c5ed08e4b28c568696c99f5f2d583fcf53e280b704d,2024-07-12 03:38:45
190,316,stephanie17,89f4aeaf9953f5c8c533e83468c39327b3f6574729322a98066c70bd68d99c2d,2024-07-31 02:58:12
191,317,xclark,9df73f5fde3a64303b803e471f9de774b4cf58ebcbe7f1b47a1822141658f28e,2024-10-12 00:52:57
192,318,andreabarrera,5a8280dc4497fee7e45e7549b87be5f209b1317edeadf5dc259dd52d9d836c28,2024-09-17 13:43:16
193,320,amberpowers,13a1f7a61ff01e34b650617dcbcfbd99c6210aefc71dcee2ebe5c0b19e123c6b,2025-03-20 07:31:36
194,321,clarkkaren,971167a4a9a58bf4e12036d9b46bfc5c6881837610fa0feab18eb5a1469a1aad,2025-05-02 08:45:43
195,322,ubowen,4707ca5ab4b326dcec32ed0332f1dee36139e1167eabdf0f3cb1d489d8dda43e,2025-05-19 05:41:15
196,323,yprice,db45a36669be6285bc349042a5044329af45fa6497ce75ae29c25f334db9b775,2024-10-20 12:48:01
197,324,zsaunders,e25c529bf0c395dcef2a29878bb3a67a63f2d102a63b2f3048a0649cd59730d6,2025-06-14 05:31:10
198,327,tcuevas,f305cf13f01546ce45f09954a0b2ed391fd2a01fb12086713c8596a3b24e6b68,2024-10-06 09:10:36
199,328,elizabethcampbell,ae2299da193a1d5955d3d509166c1e7c38315c0f6b2302ec1b33b3a6782a621d,2025-01-18 08:19:37
200,329,josephyoung,15a7b210f66f8abc21e247b7badc4b59de0055b0d536d670480efd9c520d5335,2025-04-21 15:23:50
201,330,morenocassandra,a13829904ed914abbe55866889d6379f84816ba2e10769a390a4d2e13ee44408,2024-11-23 03:32:12
202,331,naguirre,3b48e133408bd0d405b952e7fef865ca572d723f8f4707557e7427adec6e1c28,2024-10-30 14:04:56
203,333,gallegosbrandon,6e0f64cb89c107a9db419d02f2690bfc41f76862f69b1e62a21338e2c693536a,2025-06-12 14:53:46
204,335,davidorr,dc33e03c2d0b9eeb20894c5cc11383b0d84c59a0e596a0fb2ae6e4a56323124c,2025-02-06 12:32:41
205,336,samueladams,44eb84f5665f1aeb0fe07b022ed2b7013f396410a82a25a78ad73e10e9625a2f,2024-12-29 19:14:51
206,338,waltonalexander,124fa7ca9930fa7c987b3104ebecab6ab0aa8a8d1af001ce364edcac503771fb,2024-10-25 07:40:40
207,340,qrogers,7b581dfb64f9c69b4d213ddae501fd76b6f70a6e80bca0185f11756b25a1a561,2025-05-22 08:42:14
208,341,pkelly,45a5d7fb70ea71625d621ad86b10d217ab698a5e37a961fcfd2f6ecd0eb893ab,2024-12-17 05:08:56
209,342,ypeterson,e8fbc38b9ef30d23585edc54d291a80afd096c818b6470f6f907b69b6b18b01a,2024-12-24 02:05:07
210,347,sjames,a870d1fea0048c92854690d129fe0edadc16e0c17bd7c2170ac37138714c66b0,2024-12-12 19:49:14
211,348,nramos,64e2de3d6593d8d9d1618d83cd961dc644008f91c83fb4512d16c1e556e13fa7,2024-11-07 12:32:40
212,349,longsarah,e46e0a0fbcbdd34512ded9df7dec79595afddf0b950639ff19653f613ff1683c,2025-06-18 11:00:04
213,350,reillytravis,4cbaaadecea23a8e051e901f9b87747f7cbddeb55fa059e1759faa19c5407326,2024-08-25 17:10:32
214,351,carrie26,314a99c228c53ed9e83d13123bd2193c9f6d4089805dd5cb72fda939173485e8,2024-07-18 13:04:27
215,353,patrickhiggins,a9a802919aadb9a2467986dfb9516dbfeb33e45b612520e0f49ecf67577f0cc5,2025-03-10 00:45:58
216,354,chavezsandra,5f01487e88f1dd301d5ea3cbeb7abbb0f4a584484967918284b6756b325cccfc,2024-12-16 03:48:53
217,357,catherine61,bac6b965570271a74502d3f9a09db027607a4d463ebcb149f08d19a384465eac,2024-09-21 15:08:35
218,358,moorevictor,95e81b3996c9e3ab3c6dad497d998398eb82514f9d6088e9a9febdbe42a1500c,2025-05-27 18:59:09
219,361,hlindsey,7423f284c6927a7213d142de253e95d6381f15e42e3a5bfbdc58b639762ee0d8,2024-12-31 05:11:00
220,364,brianweaver,ac8d5318300135f36b7163e3b0195e7c0bae9abb681376be70e7574070233ca4,2024-11-20 20:38:14
221,365,kathryn39,93a19f6ea813c4cefa6ce72c3972e9ac61fdc18d2207fed47e7a27ea4e52b3b8,2025-04-19 14:13:26
222,369,skaufman,c51f7e46c4ef95df3e4c077f9c53741926fbdab495414fc169450e7eb8bc394c,2024-09-17 19:53:59
223,371,daniel38,c7b4f3f718280f9223dc32dab89203422e3a89effa16f6e65f38d59f308ff624,2024-10-18 21:42:59
224,372,ymann,610520f51aebd17a1bf824ee761e805196215b13412561a9c8a239ce4dbd1e8e,2024-07-08 20:38:02
225,374,jeremy56,aa99a89c400a1a9f30d57edfb6b23793489bfc503331c7ca4b91f19b89c5553f,2025-03-14 05:32:31
226,376,umorton,24835a56079c7c80da66a0f6e8a2b9ab57949fb3a304b0551fe47960561a19c9,2025-05-25 12:30:45
227,377,johnstonmaria,0ae5027b55a7a2e8060eb2e6993823c110cff0e80bb82b9dbdd4878ef5f2b808,2025-05-03 01:07:18
228,379,martinlucas,893f90cf145eef68f20ce5e8ca3d3b8386cbf2f3223f3e500476109a752f2017,2024-12-18 02:33:27
229,380,thomasadam,21f444e7e0788c20f27421fe570afdd50d0408059147b9e56c1b5b5da9f33e8f,2025-01-12 03:53:01
230,382,donaldcruz,23098e9c858724033cd7ce58cbb277a25145e5b84f401f268507063df62b4297,2024-11-02 16:37:51
231,383,hlawson,967c07d4da41017a95841a74f92f148a5169d036c132aca436806a86c36e1d5f,2024-10-22 10:52:42
232,384,kellymercado,72a7ad6309f12afce150c50492921ae942a4e4514e3808699a4f36dfac4cd52b,2024-11-17 13:28:09
233,386,damonrogers,4aa2ae4493af6a97a9676bb035dc9e14ff178f66254c44191f0ead78469631fc,2024-06-26 20:47:36
234,388,pwallace,b33936ac378626be595a66115129b0894baa578ec6b249be2d217539f5dc57d7,2024-08-11 02:28:21
235,390,omora,e4e25d6557b6e36adab9fec1b3f28abc207c5e2ad76db4cfab43b68ac7cc9cee,2025-05-23 01:03:46
236,391,oalvarez,5cefd21dd29b50f20a634c6f8558026367a96ab3d5d9072a2a4dbbdbda958a7a,2024-09-14 10:47:01
237,394,dmartinez,c51ecf345099285cd774a4be8ef45a4b4a3b75245d1f0592ee72a06e29c3e690,2024-12-02 01:23:54
238,395,erinturner,5d47ab64a0df1a6afd7dec3bc614fdfb97f6afd30b7dadee67cc5e97bf56873c,2025-03-21 23:51:11
239,396,sheena80,976060111f1aa63c116771ebf18a398f4912c626f0905ff2fd35dcc7e1c8f095,2025-05-31 01:36:17
240,398,lfreeman,9bd66f2b4ab4d274f4b75f7c4606721a0ae200806e8c3a81e67352540f67e0fd,2025-01-25 03:50:40
241,401,jeremiah58,b2ba9af966a0e24f6bd06b26d3c3c1f86cdd6855abd07cead2b13683e9cdfe93,2025-01-05 07:48:10
242,403,ccole,29690810028f3ea964946237467db5f031fa86f94735b20264f236dabfb0fdc1,2025-02-16 18:50:59
243,404,ewilliams,8aab1065f255c42cf65140d442a6a18b415f06cc633adb49e577e7b1d1ba3d5d,2024-07-24 02:29:30
244,405,kmoore,be8995322e9cc5bc8bed0cf38f9e614e8b6ef3a398ee48975dedcf2278b9ca86,2024-08-29 08:39:46
245,406,andrewrobinson,733a93e8d58b03b46473c9b64c075d3be70f14b5ccd1900b9d96051e99a8c02f,2025-01-01 20:59:57
246,407,valeriebailey,b9468bb33b8d786e4331ac6d68ca66cafae94712749ac637698abe95e3c39a6c,2025-04-17 08:26:18
247,409,jessicatodd,01b0755e9bcafb3b5d7965e9b9d8f142be2ea5527d0a9e80c04457fc4cb90555,2025-02-24 11:44:14
248,413,rharris,fe2062ae764f8afd7c6310445f7181d40e4ad27617b691e7a7268db22c405bad,2024-09-20 16:32:53
249,414,laura98,91c71fc18033b3da8abb5dd37be9fa9a4ebb36b0234fe58d79c5a13feb2a0079,2025-01-29 20:16:55
250,415,josephford,cbbd57c0c00d26d5d4a74303945fcbfa0578883ef1d7cd745882a0c3f91d5d81,2024-11-09 19:21:26
251,416,sclark,f27c1e3a20fc2fe26616d41e30b3352668784557cc8b7532b014049662ec564e,2025-05-30 09:01:03
252,417,bullockpaula,33861393048a1066c4e2b52efd22c4acee03081855b544c716e4090f1567d642,2025-05-10 10:00:10
253,418,qmcintosh,9e925a2036e81d5908b3f461e239653552977ab402d0e4f4178244b3c052adb6,2024-08-13 23:17:14
254,420,torrescandace,e7c8ebe5af76d5e9d52a0e81793ce12a29eeb5ae2b00cec1cb81044591f38a43,2025-06-15 13:16:33
255,421,browndavid,909f8594c99c6308c0fb32d43366cb47ca50ebc299817ca44989ed25d4e9dfe0,2024-12-02 01:03:21
256,422,wmiller,69741465efa32df16073129e587eb9e97392f562e84664a299894311b14d3cc0,2025-06-10 16:58:08
257,423,barronmichael,b751d4e7b6f7ea7cc59b2032bbffb40e864b4fc1481b19beac25b40e5e088f64,2024-11-14 22:13:14
258,424,gary35,4001c51f6580a7b3392e147b1ce958077fe27d45f80e771d2351147d04f17148,2024-08-31 08:19:59
259,425,schmittbrett,c7010028ef679a9015a59d16a46306c7a50ffba67156155fd681c1c9dafcaac6,2025-01-25 10:18:47
260,428,ochavez,1309dd26fdd993bdde8eef47706199ad7e5e226907f685998d90f1f4ebf5743d,2025-06-01 19:04:30
261,429,lindaconner,c847e31fd604612639d2138e9b85ab994b59df59c8df2a4a4aa5d9eed932952b,2024-08-14 06:03:07
262,430,xrodriguez,3482bf398f22bf457e9346fadd5d9e329e8d61433c3b19a65bf10934a44bbdb9,2024-08-02 13:45:38
263,432,adamrobinson,37f7862cf1c599b40bf85df98e2acae49f36ff4868f2f339efb08f3a63a97d53,2025-01-20 00:03:48
264,435,davidsonkathryn,89cdbd34b37c9b371036faeb0768e1a7f2e00d2f0a019e68c13f975d57a2a9c3,2024-11-01 23:18:32
265,436,zwhite,d8b8a19e019908e802954dd51ac82ac6f83743b9333cef0e250242528ac6094c,2025-02-09 08:02:53
266,437,amberking,d848fa1badf694146c7e187ae3eba7f8c8f312423504583ba4c79b8262f5cb70,2025-03-16 06:14:18
267,438,lauriecox,0c948395eba10bf36d99d4f39195041c083cfc4157fc1c98ba3acbd04e543108,2024-08-20 04:30:49
268,441,townsendlisa,6fb1e7e20dc8ecb8b713a062bf347c35199acf0cff82ef6eed3a6dfbf24dd0ac,2024-07-10 01:21:29
269,443,amyclark,6e2eebd60d10fa44a77ad1f3d9f8bdd26cbace7638edfaedb42dda757dd5e084,2025-05-13 08:36:13
270,444,fuentesisaac,1a18a687dcd16df27fbf2d6fa2389eda35556b1baa84c184bbc1af413077d2bb,2025-05-13 23:40:46
271,445,gboone,6568f04134bd9441d6d71521967a8406156e5c3cc519f73320ff56cb024f8d1a,2024-10-11 07:34:49
272,447,qclark,02bf6029a250738c73ea3bcd0a52f3f0a0694a397fdc1fb2dca234178962d746,2024-11-03 14:57:18
273,449,lkennedy,54d429670acd4ae92cc2e378b85d47555b363510a95b98e84419afcf5a7fdab6,2024-10-08 11:28:58
274,451,taylorcrystal,5127d85727f921d32b86651da0a20810461310268cb82d95d3bae2291f35a912,2024-10-12 11:49:26
275,452,bsalinas,9a3669011e94b83155a2d184f792464312883d35c69aca871c544f5ede8fa5f2,2025-02-14 15:22:09
276,453,jessicabrooks,22018a096ba76fa18648e38afbbc2c1860f295ec21d800c087d3261c75948234,2024-09-21 00:16:16
277,455,jennifer14,338b3a42cee31606e6ccb090b7bcf2de508b5807f6011ffc1d897acce7c4f811,2024-11-16 06:10:39
278,457,ebenitez,ed05a5ce39e88a53d515eff4a64bec1ab66de1e3a271eb41e148f2f2d361c3d4,2024-07-10 07:05:59
279,458,amygordon,ff3d96b247d7cc98bad11d7c4eb9214d156768b9d97a3db29b888f111cf198ca,2024-07-22 18:40:26
280,460,zallen,e29e86d2053c32f67f9cff3a99fc6e46ce7d9599c208b1a3fb1628d72cbd83d7,2024-09-08 17:52:41
281,461,kjackson,a1645c399d64953b2cb71696c1257eecd8eb6d49c5d1cabbf2400ee043b23992,2025-02-27 07:20:08
282,465,courtneyaustin,65d4e85b65bec74041d24d81353f895bded7b5d226f57b202891ee1800a001b7,2024-12-16 06:55:57
283,469,danielreyes,cc1972c6c97ed8d08b73c689bd371ab732054c3f269fb4a6b63cbaa140ace591,2024-10-03 14:14:19
284,470,youngkim,b5b21d8d2b8fda33d2c17950b1eef327de95f9482e556bbcc06149c3206ce944,2024-08-16 07:38:04
285,471,megan92,c963b09f4544172da582554e883b7c4bbb6806740deac85530aae60e0fea6763,2024-07-20 04:04:03
286,472,jonathonmacias,278cd4a8235ebc6e7c1581dfc56eb68daffc5e492d6c7a7b9e533f9e3f7d1bf0,2024-12-07 11:32:11
287,474,lisalee,5878c0870d2a8d8ce35809d2425df300e6c572c22264755de7f23e05fb1aa62c,2025-06-01 14:37:38
288,475,johnsontimothy,74df24e8850b07482e0bf6fa39b3d3d938e0e1bd609b12692b0cfd83de0b9672,2024-09-08 15:13:56
289,476,dixonmelissa,9bf60791ba941e8e74b8c26b5650d9e486b74220ac69e6843db55318b636e7ab,2024-07-02 01:27:57
290,478,freemanmary,6e4c121dbe80b6d2318b10c8e521546b9434f8d98c042dbc1cea366fa43b5513,2024-11-12 15:23:28
291,479,kayladavis,e834de618fe26f816a845f2f0ef5c4b8d72ad3c297f75dbe4c7aa4949c93b426,2024-06-28 09:46:31
292,481,pottersandra,4fdbc51f8a09c1da4c85d8e2a9b6428c4841f2cb12aea6e0496253c06b70305d,2024-12-24 03:00:51
293,483,nicholsonwilliam,0f381fe5a26ae220f4a24fb5746991d7b5dd800c1153250806cd764e580062d2,2025-04-20 06:19:00
294,485,mark11,f29f255da65242401fddbccbde9c7de91855302ee2ceaac90bc35105a04993cb,2024-07-19 07:56:54
295,486,samanthawilliams,5882d3028927ec364671e78d63bcda99d61b37204b85feacb4cbf3bc9688ed17,2024-07-02 18:37:51
296,488,fmarshall,0413b17e3b564489023538cb1159a68ad99de995e927d08173356e4d0c41f7c4,2025-05-07 14:58:40
297,492,daymiranda,f42d99336cb6151ecc3dbe325e68bc429a6d7cdbc62ce46ab83ae4aaa9e5fe95,2025-04-12 23:52:10
298,493,brandi72,2b7bbac35c83ccf63dd86afa76ac740c3f6e863cc96293953e0a178e6e2a2d4f,2025-05-23 14:16:51
299,495,samuelwilliams,80aa728fe4366a9d1b87b7a6bb22f31c74d9ace900117c95fa5d5c4ea5555556,2024-07-29 19:59:42
300,496,jamesarnold,7524ac06121af76a09bd774be7b0034e2dc23ccc560cbbe7072a1ec80a233837,2024-12-16 18:25:23
301,498,smithernest,aabdb14eeea8a366fffdad3d3eb15a4ff11431057d8ae1fc3f671576be22773e,2024-08-24 15:12:10
302,499,asmith,f94569ebb98639d9604d26e56f3b852a18cf39cc28f3274dff36a933c21c50f5,2025-01-05 23:24:29
303,502,jsmith,7fcd0b3ae232eadc26ed13862186ab32f447db525885b9140dceacc62696ed22,2024-08-23 10:27:10
304,503,christophernolan,7702ac5be8f2887a6d0c3820d11aa384ee87505d50c3416e53a120b65d6a174d,2024-12-09 15:54:56
305,504,rick01,2d276c0b8d699bac88391ac7940feec4d59f85fd73a2d2552a5be382043497b7,2024-12-18 16:30:08
306,505,amanda78,5d4ea03b9935761d60107af82c31c6df19464a4b902d9a3454c12c879af3d096,2025-03-18 01:47:20
307,506,robinsoncassandra,63276218ee951cd22e54c0db01e016b36ca4dc6accb8fc6ca0b4fe56a4832515,2025-02-24 17:07:42
308,508,eugeneaguirre,f0b250f13e78c0e5261b14e46e03253cbfdd453e51bf5866fb05af9ad9f7723d,2025-05-11 18:32:39
309,509,kristinjoseph,accbf9470f76eb526e113ed2323db0140d60e8110e347df2aa0843d28ac5247f,2025-06-03 11:35:18
310,510,williamsdana,cf7d09d615eef776cc081303abb9be087fcbcb25f5253d2c7903527a62ff6068,2024-10-12 15:29:34
311,512,elizabethgarcia,7c4ab6211787c10a4af8234b35a198cdfcdb331ee63cbf3ed81186b46014544f,2024-08-02 03:58:16
312,514,rhondaharris,05ee54bb86fa503e964fabc6b3f7e9df530b38406dd2e7237e15b294f96971f6,2025-03-19 20:09:25
313,516,qward,4c330e04a0ee5aa77f89486dbebdd7c46e08095163936d8b652373d22e0eb0e1,2024-12-18 02:54:14
314,518,adam16,04186219b3308d74588510c6ebf47eaf7497692e78a747f863e182f9a2589eff,2024-09-08 04:57:20
315,519,ujacobs,4f2fd9f0e411ec34858c3d335215fcee6aa0b734f504bb668eca36d69f3c4635,2025-02-16 13:12:38
316,520,vgonzalez,eb7eeec61da99df6e859d1728ee11753f72d16a3ff6dacb3736bdbd390af6200,2025-03-08 10:13:32
317,522,pbutler,8410a1f968880c104127d7b2b2a4513e79fd6048c6f9b14b59de21be28651d85,2025-01-15 19:28:39
318,523,christophernelson,06f1bd8d5f7912b1b19a760fc7576823870c34901aa46fa9e41f8cfcace722c4,2024-08-05 01:34:51
319,525,natasha95,b14182bd54b3436606afecb4e449160c8be4bc97e4e0194b1742349896285abb,2024-09-23 14:35:10
320,527,pachecoamanda,4faadf5410a356ff0561dc416d40d85d3c37123d98159fd053017aca6573cd9f,2025-02-09 11:51:38
321,531,pmiller,25f56f99298c58ae9bcc0f37376e9151f8d5678b640e72707af0a7011b70f1d3,2024-07-21 15:29:55
322,532,cynthiasullivan,c4212e76b4ca21486cf44d66606ddc9752b4153eb0bccd370f0608b0c258e9dc,2024-07-16 12:38:19
323,533,qlindsey,e99745c13cdb43866ca071e2dfc40cd04b008a62d0dd0e983c95d0827127534b,2024-12-24 10:11:06
324,534,pdaniels,cd2c1a585d2cd11c3ddfb2675e57ca56167da3181310e0e3263c22618afa8fe3,2024-07-13 22:01:27
325,535,theresawebb,b36ffeade991abc7a89b0af136d60b8233c72dcd0d1725ad938302f5ee6d46f3,2025-01-18 16:47:30
326,536,james99,b2c6f8457ed42d3da84de227df1810bf324969d851f2b664371785de250048cf,2024-07-22 13:04:22
327,537,angela31,2cc558d1f34c79e4e0407e413d9590f618ce6e04405000068341ed78b24c0d17,2024-10-23 06:14:22
328,540,matthew32,5b2bf52f07e4ed05fcd936a6d31901cda3523fe2e3496b8d3170bcdba05668ec,2024-08-21 07:47:50
329,541,johnny37,29bfb47efd4268cdffd7c3e6d5da91d4fd5fed88389d8b1e5e6a35edb7cfc0c9,2024-07-24 01:43:44
330,542,perkinssteven,e3c81a727bbcc9d2c0333089a8d478ee8d7d0e7ba25bfc3332a2a2fc3044f680,2024-12-16 21:07:44
331,543,knoxlaura,847427066fea69c3683b46727a14122d5a7bf44c5607b434b55f577dc5fe311e,2025-06-09 04:22:39
332,544,jenna12,1117bfe39c9654ed7061234830061f0f3ba7e9415e3fb13202d6213f830db162,2024-07-18 11:26:38
333,546,wmiranda,04f75d949dfabb18cddc84c3133a51557c1a61202f06563bbc07ec950c79cab1,2024-08-27 00:44:46
334,547,wongryan,c4150a6693f36862a8eaa4e556b1c085a992f49a2a239d37b5ed62bf0ec14d89,2025-05-09 10:15:35
335,551,richard49,ca8f63c1d7d92b82bb1555b593fd8930c140f3e4b0f482b53d4870a5a95ffb9d,2024-07-10 14:09:40
336,552,amywatson,b9be7a8b0bceea9acf1d82372bfc1384765127a294ae11755fd32ff403ac831c,2024-12-28 11:14:39
337,553,vaughnamber,834e6d89e5de6dfbc058948ab40ef4fcaa6811f74392851f3faf05f70225bf6f,2024-07-27 23:44:18
338,554,jenniferlewis,e1a3f27b725f016f5144956b1b225f90fe076ee42f2124d40dc6270745eb7da3,2025-01-21 15:24:53
339,556,underwoodashley,e9c2eae3a6fb7fdf0636ac9aecb6375e1bee822cc1e4599cb85b413fbe3e7cb7,2024-07-20 23:45:06
340,558,mgray,b6823408f5c0450824c5e3809f2d1e3401efea5a7390ac0116a2240cc2a90073,2025-06-18 03:58:03
341,560,gloveralyssa,34cd335532ada1d7e5775e3ba45ee0df2061d1f93a12888d62756a1d10d83fc5,2024-10-07 17:30:07
342,561,matthewpollard,f262140b32706f526807cef2e7d74319efb18a57e65492a487782fc29436aba2,2025-05-27 22:49:45
343,562,cindy20,e7f5df72e5b48c7dc0b5267232b13328054c68a5eb344e4f8303916326d028d7,2024-10-03 15:52:01
344,563,jasoncox,8b91376f50ae38145ef7e7932be6b45757166e3823c8e52b68f2e849302019bb,2024-09-14 17:32:39
345,564,laurentownsend,2837bba9a7f7e3d675649e91da26392a78b9179f4b2f9ff88a19516f4b79beb3,2025-02-21 08:55:19
346,565,ncarlson,fbfe357a0aa0288c34f697d4530dbd79edd7d8c9ca24ad7159411a65b450129e,2025-01-30 05:01:05
347,567,bianca54,fd00fb056126425b546789ae4840b033bcf2f0cefa725d78540457ef7d1c3e3c,2025-06-22 19:16:50
348,568,carlahill,447b5f57a8dfb9acf7d3722389cee9b39fe6bece393cbdbc995fcc59dcbbfe75,2024-08-07 09:46:00
349,569,angelacabrera,de74657afbb1acb6131d7d24829051552424af4bbcc7bf470393d0266fa337e8,2024-11-09 14:21:50
350,570,johnsontanya,bcec663001f2fa3474a56cc09c5d14d8cdfd3cbf7b33484c6279c049e54fb621,2024-10-01 03:32:45
351,572,boydlori,ce2819ff1d6b7146d7aae1ad97aa0bb4cabcf31fab65367b9ddd2cdcc9c005ab,2025-03-13 21:11:18
352,573,lsalinas,9752b9523824808082c2166ae72a7702e9d6b2fd8af10035078058ecfe37d444,2025-05-04 07:04:37
353,574,laurachurch,962c5edcdac59901e7bca04a1e4229489dcdb81ebf721a061858a0d9d9ce52c0,2024-07-28 02:00:17
354,575,msmith,4bdf8f87be67fc7891e52c4f22f6b708f21c49b953364c0c2d8fd905d849c461,2024-11-05 03:41:57
355,577,brianna43,791dfd178fe8597cb1a16f32541307f12b105d12e0a2a99da3ed0ed71cb1afc7,2024-09-05 05:52:10
356,578,karencox,1b5dec78e350432083fcd29c0e0554d8e11943b4579e42a2ed579451ef7b9341,2025-04-27 04:15:41
357,580,zsherman,242d41f5aa64f543d37989b378ffd9a50e449af25e13eaabea5a30a61f378daf,2024-12-21 13:11:55
358,581,smithrobert,ecd199516ddb9a28282ed53a1128f4b67c00baecabb71939f881010bd2322879,2025-01-18 03:22:51
359,583,alexandra30,18b1b0642dc78c39a44ff715c10dc6bc1ea52fece6607d10e5036bf7cfa06dd4,2025-02-22 04:22:04
360,584,maddoxangel,9a08d37dea21d1b134e03692d49f6ac79a1d04f84b8e2916705eec055b65fd65,2024-07-22 16:40:27
361,585,dustin17,503ff396f728a2e04f5fe43c4aed9aab81ce58093eb8abb9d9867d2fa6a90144,2024-12-23 19:46:01
362,586,victoria67,1801d4977abafe2031b3588f70b477969138a6915f89d2c8699813bb35f7b2ec,2024-11-26 06:07:37
363,588,richard89,2cca9878042caf297d61c75405bae3ed8567b8fb8eda8b14d97de50c0ce63992,2025-01-27 15:26:45
364,589,harrismichelle,1156ba65bf06c832657e9abae3a49091b137cabbf641509839bee00660819a8e,2024-08-18 14:16:58
365,590,williamgutierrez,8cbf5e1c90e712111d74cda137836fd52d4aa00fc7352b1bf0087b3fd233cb9d,2025-06-17 10:12:44
366,593,monica80,ecbd15f7f49c3886f33c04283dd79f9a1e5de5e52846be2e0b39652f3664ee9f,2024-09-18 02:53:09
367,594,mwalker,64f363844c94c5136a70e1abb4e9ae06efc5d71071b0324899189fc3c7be6e92,2024-06-23 23:17:00
368,595,teresa22,9fe57e830bb5248ebc4a55f3445092f0c072fc713c4a64cad0a52202e01486a0,2024-11-27 23:33:07
369,598,bowenkevin,5940ba5ed753996c0ef42006e57cd8a807ba3ec027622593159b7c1178c43c8c,2025-06-12 21:14:27
370,599,rmorales,e85526b807d3a01798430a0ee8611467d970ebea8663254e138bb23410f9a0e5,2024-10-21 01:36:47
371,600,kwright,651fdbcbc60f9c282dd7c497f4ae44d693b4d9aaccf039973744c8fc9fa21a4c,2025-02-24 05:55:00
372,602,dcosta,c1a738d8496dc562328e684171cc5123befb1f6a0bd9a9ec54796ac1e4d4eb89,2024-08-13 08:44:29
373,603,alexis03,0a4fa8cb77f65e9fb63103adf6986c85687dba2333aec55e4211ab4a52436a83,2025-04-17 09:44:00
374,604,hcollins,37ec58fabb791c3e25b77a39d17a342c2e8d2fd08f0074d15d7bceaa2f1bb8c2,2024-11-08 15:21:40
375,605,michaelalvarez,69ef7b754ea3b42259ef788474c72608da61e94e84a456618e8c1b55e7bc7579,2024-12-19 01:23:54
376,610,waltersdonna,cdbe1c976d62fb3f87a90c975ea1af32ab2b2406fc997b21d74ff00c02d8c6f5,2025-05-06 06:00:56
377,611,taylordonald,c5bc7b72c036f7ee6948c97c4e47b26a203bb77249589f00b4975abd6ce4f187,2024-08-20 21:14:08
378,613,vhenderson,d1de4b88e689ceef286deaa3bbd8ef22967f048755ffa9280c0fd962fe954545,2025-05-01 20:17:09
379,614,mendozasavannah,fc08a00a80708ece06413f63606b5a93a32379d1c31df4a0100f29a17eb2ab7c,2025-05-06 06:20:17
380,618,taylormary,ca394b193c889a79229515a7c6716ca89bedf740709b3770b473318b84a9c064,2025-03-29 09:55:47
381,619,michaeldaniels,f8e78b2820b01eaf81c0b40f2947c4803265e428d85ad533a5b0b0780aa78d23,2025-06-02 03:27:39
382,620,dhughes,2521792f87aec850736f34b3158c6484f719a56e64c141c4f208c58f63f9270c,2025-02-02 15:18:59
383,621,gpotter,633dce0be1a5efad8bff3fc3f2e98af43c2f2817cc63f8bb6d8f3bebca5314d5,2024-09-12 11:08:45
384,623,crystalanderson,4f6186c4dae561a8a0a8b2c3b33511750caaadb6a141730e9b4a51f4a3006f33,2024-12-13 02:58:44
385,624,matthewheath,aef33df2264cd0bde4008fe4f5d51112516f686cb9be713c161cc58eef98c999,2025-04-03 21:45:13
386,626,blake25,f73c137018e335155e48c6fa4b1b416f5ca1bf1a9f53e481b50eeef28d4adcf6,2024-09-01 12:37:00
387,627,frankjohns,6f56b11392d33fc5af32b2233e0bc69660cc02a3120dbf1ae90e30c0d7f06be9,2025-06-14 21:43:30
388,628,parkspatrick,0dd418d28db720d11e9a14aa360d08a4dc28e95f3788b38d0df8e4734578f274,2025-05-25 07:46:21
389,632,johnsoncristian,08a23221becec7aa720c654c73845cdf2dd7d063465477629858a2fe06c90eb9,2025-06-12 09:38:17
390,633,whunter,5746c6145e59a7f620b8bc9cf9c15cd901159503cc3a7b2c3bf6b6c7f1fbe2ef,2024-10-08 16:48:25
391,634,john13,364a16d504fbdad055fa5459cf0647cf409ac7ec825e7c7c43fc096192fb7e37,2024-07-09 10:44:44
392,636,jennifer89,e9920caad274338aa5d7ee596770684b3553f318a5d536063d9317654e434fbc,2024-10-28 00:03:50
393,640,shafferjodi,2226678c98c35a7833998d23ba5ed4df515471fbeb858e77c5deac81d736fb45,2024-11-09 20:55:28
394,641,deborahmahoney,aaf597b0106c3a8de7e4947a2c4e5fef862adffc94ae8abe39ad649944537263,2024-08-11 08:04:36
395,642,smithmorgan,f0476cf1faf116dfc4bbb4b6d64aedb2d6f02f653bfceea76571a2844d284165,2024-09-14 23:31:14
396,643,larrymonroe,897eb137a760e60f032b242114b42cf9e5a210cf1b569c32a46c92e652d3b2b3,2025-02-16 16:37:54
397,644,uking,667d18270b262f68d687d458914d6ba445fab1196e5e0cef443290d4d4a30a5c,2025-04-18 06:34:52
398,645,brianna42,f53f4819fd6d9c4fd34c153fe8e81a43882b8d7154a087af9eb8315177f180f0,2024-09-04 01:39:05
399,646,johnsonadam,6116e9949bbc8fe16ec547f26bd4451f36d5537e47f4a32cbbb3ea9a33fa9ce3,2024-07-12 16:56:17
400,647,thomas56,4f599c76484c5dde09d88defd973fb326b7e64c14f56458b081c247903a58332,2025-05-24 21:21:42
401,648,crystal24,8a9fc25caf72a7a11b35b8af643a902164cd27fab00a9bc27b4cabda75d71ab5,2025-01-12 16:51:19
402,649,clairemoody,f6390aefd2e81afca8b704f3b9651d20726508fa66d5e538c72d7cf5e3dc1994,2025-02-06 15:00:22
403,650,qwilcox,ea67001394eabd68600b681d057a96cd05afd8545a4ee7b7bcc71f178219c0f6,2025-01-26 21:03:29
404,652,dustin79,10339313a2cae9ad8fa0c6830e245830a0b5255b64cbdb894c4e3333833b4ee1,2024-09-04 07:32:06
405,653,crivers,6ffbb548be299986570ca1139785b02ff53f3ae6b6a8cfe4748ffa30fb129155,2024-12-03 00:49:55
406,654,natalie24,39e3338f09f3adea99fadb66b06e0dcedf398bfb6e5ce31abc3d00e4616a7987,2024-09-06 16:01:30
407,656,leeannette,a115aa64d33853e3c337c537dc0bdf15a2bade028195109d268981b92a81b410,2025-06-10 18:26:49
408,658,yallen,86e9608fc5b852568db66b2be77b7b0d580af3b852523ea47cce27b3a182caf6,2024-12-08 23:30:07
409,659,heidibolton,491b61803c685f657b80387b2edffe17a9fd1486de645ecde43b8c9081d9508c,2024-12-26 18:44:15
410,660,walter43,bc1bbc622702f46bcc4ee5f3ed548d63b0ced3a03440f2b5f4e57c29d16f52c5,2024-11-24 12:23:23
411,661,tiffanymoore,64948529e39950162d2af34ec47d0236bcb5dffdde3db50d3c98e468e2bc7217,2024-11-04 15:29:48
412,662,davidmurphy,69d7264b6d316e8c5235b2f18d197be005265b5b1ca144ffe66e926b98e2af54,2025-06-05 01:54:53
413,664,bharris,78c46d34b675e8c7ebb9151e925baa6bee2fd822b76ee559c94b56e4a2ce2435,2025-04-02 01:14:47
414,666,matthewmorales,16492212b0c55dac46b3b30c89359562e346abdcfff7582858339e64654e129b,2025-03-21 20:43:04
415,667,xcruz,8e5352972c6ee97bef769faba9c5eb6deb6dd2f9ac10cd663eb49b1b8cca05c2,2024-11-14 18:56:51
416,669,ringram,a3dbafecd26e8be1c95ea7eb221e0af079f7f3bb1c6fc076fac5580e0b8ce049,2025-04-18 11:03:30
417,670,christopher72,fa7a366ea0ff7f324e41b1ea9940eb81645ac374499dcff21a71ae261bf44893,2024-06-28 11:09:20
418,671,smithbrian,052e86f608b3e063b1929ac8ebdf005e9ca5a730103bab5c2510658ed173e646,2024-12-03 22:38:47
419,673,meyerjessica,0ce9264d1a55b8445c5531671fe421274cd3fc80a9f8aca4d02254dda1fca508,2025-05-07 03:37:48
420,674,grayjesse,f1f849370a189cef5ca805b977243568c5c161ba6eff48cef0cf520d85505a2c,2024-07-22 02:49:51
421,675,waltonjoe,cea040a0df7319f84b8d690f94863c8ef5411f383814af5932998cbf824007a9,2024-07-18 12:35:24
422,676,karirush,2016cf8095ef212b85609fa1a020d2abad52b9f5eece1099a284f8359a08bdf8,2025-04-29 18:12:46
423,680,kimberlywilliams,d2f39e1b4dd1fbba56679bc86f4eeaa68f9ba1ef0f95bae0c62764a4978fecb4,2024-09-08 02:37:50
424,683,gibbslisa,b59c73c907de12d67ea0250b9bc79fe100c52f3dbef2f1570e31158cdbede469,2025-01-06 10:07:19
425,684,oford,b46355e5159e21fe676e8578dffe8b4aa1d34edc5782ecd716dd8da7840e35b0,2025-05-05 02:50:19
426,685,lisaalvarado,e97bdb9e33a068dde27b7503f3f41604ba8af37034feffdbfef0d8fa60e051e0,2024-12-18 02:26:58
427,686,julia44,8bb04aa8d6a3fe15d17f082a6a9bd86def4f475a3654ea900970b2fbc04132c2,2025-04-09 03:41:54
428,687,james51,a6ff582c81f4186228bcbe5e09d6a59c4884eb9f0386ebde3e0585fdc96df6af,2025-02-12 21:24:21
429,688,gina42,6988791ef2eae3f184445f6b247c4d9ba44f3104b95e37cbaaa98c57ee995340,2024-09-26 01:53:30
430,689,cpierce,62b102ce332398bcaa2c2819e15d6ab77c96910dddd2e8ae93a3c5ce23c71c66,2024-07-01 18:45:37
431,690,adamgomez,cf86d3ce44d9ae2956f9ed7e0ce29c203d38d25619028333588607917d86848a,2024-09-20 07:41:53
432,692,jennifer07,b313a3cf40e56d93383cc25e62693f518016e571a96b83615f5debdbc2c5b231,2024-10-01 15:00:17
433,693,jcasey,6ab6d4919023e8ac2f4fa77ce719290bd4d83db73c70a30766ee83ccd2f42c07,2025-02-24 13:02:12
434,695,april31,d90606656a39473248a2eed1530617c1424853df84e9c8ef3af798b3b1e93b33,2024-07-05 11:12:14
435,697,swalker,37828f6c0d3af1d55e8283dc23653261a0cfb3aa77a89074680074a1d8ad11fd,2024-07-26 21:15:45
436,698,singhvincent,41b3da70d427a2e477da13d88694210bb904c8b0b2ba857ff32900e0b2c5c34a,2025-04-12 13:21:18
437,699,higginsdarrell,b37371f282945d1d5fb1903b7fda11099eae2e8a9eb75009482e2a2c20802e8d,2024-11-30 14:40:20
438,700,flemingtony,47adb373d83386ed2666510ea06b44b1b8e31406a1c4677bd55d036a2f849298,2025-03-17 03:12:45
439,702,andrewcantu,66baead68927f73245f4ef7971f8723a9b9329e8e522a518ec2cb033079baa37,2024-12-19 13:15:53
440,706,ccollins,28f43e50214f36ff26ec7a104de3a4874f0a953cd82ac6d7999ca751d9d8140d,2025-01-18 04:19:50
441,708,wendy12,de6da960aadbcf7e99b3b0e0cf12ed5bd9c1bf34a8de307a2449cdf8df7fe2af,2024-11-19 21:52:10
442,709,zacharygraves,6e7d67021c7f0f56fe5ebf925b7108c5b2ce5be223ccb93a33d2cce5185deb13,2024-08-29 16:30:19
443,711,jeremiahrodriguez,68616fc581ef8af551d7a1bf8aaf4bef64c237d5f609252238109201adfeda57,2024-07-27 12:08:39
444,712,diazjerry,b838d578581d612eeea62a5f1c4cf585ce0ad6912b09aa297c71b59fe8abfb9e,2024-07-12 00:41:13
445,715,brianmiller,a40aea900ad5fe71bb9194d6587adcd059f13dce372161a9ded28eb09d7cab26,2024-08-16 06:55:37
446,716,patricia05,42b23dbaa2b19e28385f7435979172c7856171c75328604a9dc616b00d4ba1dd,2024-10-01 09:57:20
447,718,colemanmary,19cd13d4ded0d2923d64198bfd5e848bcee8e694f59d45ed6247ef7dc764253d,2024-10-02 02:47:32
448,720,kimberlybaird,c630dbadd55d87857d78ebb9a20c3709a8d1374e022a4ec1e339e0cf5e3c72fb,2025-06-12 12:34:36
449,721,samuelpatrick,dfe223d7354dafeb46ae0c33e65de8d90a1326de415801e2c27f6c8f26a3f39a,2025-06-23 05:21:08
450,724,kevinjensen,7f46a02c6e3ddc34a259c2f75d7dabf43fe04068986015ef32b94f1c0b00031a,2024-10-02 07:12:16
451,726,alexandria87,a4fc089b369fb57f287117375ef7e6511bff03b9e8c0aff00d4875cfae2243e6,2025-01-20 20:28:28
452,728,alexsmith,d8551ee43016b37bfe7f3abc68bcf06454e5609608f344b2a97e8da0b3676ecc,2024-08-10 23:44:47
453,730,vward,95078ec5059571553bfce3ae742434c1f62164eeea8eae74764025dbf86847d2,2025-04-14 17:40:59
454,731,carolyn85,82dc25dd4b4c1c82746232b45d508f5c827a113a9127e22aa924ba3ee2e293d4,2025-03-21 02:33:22
455,732,theresa65,205b2cd18e4ba7e0f0bf5d5fd3b2e326f89f353b399680d8387bc571067aa73e,2024-12-20 17:46:48
456,735,joshua33,11739e060f69cb8746bde6885edc4cf1378c22513e74a3a8ddd7d6a671bb9791,2024-10-12 19:31:01
457,737,epratt,6f2477f420bd9771b049ce97bfa26734ef53316633c04082075b3d392a3c89cd,2024-07-24 06:25:21
458,738,jennifersmith,d65cf47da025624e97ffdcbefb3c00c88e996b73250fc4ceb47a894730047898,2025-03-27 04:58:53
459,740,aaron79,53f19035363a23693bc7382ef50cafcfa5b5254c0cf462be7f4f7fffe1096d37,2025-02-04 14:35:39
460,744,ujohnson,8297098d349a9b0a4917e53acc8f8256b8ef6a11ecc5f4b8943cf5a7f5f5a43b,2024-12-06 20:53:24
461,746,jeffreymiller,5446a5e857ef1cc8911c173a55d1ae6019efd4a7fa0d80793cb938bd2c820cc0,2024-11-03 06:37:21
462,748,bennettelizabeth,eb745a291dab744840d7b991ce12993575a9f85dd4a39a614f3459ea55184d5c,2025-05-30 14:29:20
463,749,justinscott,94ffc83354f18043bfcc9ee3df5744fc92d70b6b969c7e3698eec68aa9ac2377,2025-02-26 03:26:31
464,751,owallace,56461d18f547b8741db280110d71434971dc40e90cb831e58b59075374a98136,2024-08-31 12:40:01
465,752,aprilanderson,9d7cc43ded4e6643e6c42063defce33d0dcd3c35613dd67cb02ac3a7fb74c67b,2024-12-18 14:40:43
466,753,ihiggins,72b883e2fa3cdedd6d873e28e435d884b6e848fa7bd63795b44a07d52f950b64,2025-01-18 21:07:19
467,755,justin86,a3ec363e7565aa86ac37eb01390cda830de86cd9c93f1ff72eb547ee6ab6705a,2025-02-25 15:33:46
468,756,umiller,8a37d708239aa7ca62845ffcfc9a7a7a5c9d1ba6400ab9a5637e1185df399314,2025-02-19 23:28:35
469,757,washingtonkathryn,8ed146234559180c86cf14333528b3e60a34c6617d27d9c65f11a3e620f95491,2025-06-21 11:46:54
470,758,josephmontoya,9cf191ff7ee973bd6531a1d4dabfa450c3a421f4c1fe6d236d5c5b34529ac8b4,2024-09-23 11:47:54
471,759,krobertson,ac72793b08136e6d8d667b5179aa0aa1259f0a40300d200ed51ec817eaf505d0,2025-04-25 08:43:56
472,760,carlarobertson,9d711a2a0a576bb71435706e165b09305a39484c4a24de8619b6d568107d9b10,2024-11-09 22:01:27
473,761,daniel72,dca9da8f10a867c2ea44239545bb4c679ac7f792cd9b10fc7f11240faeeea4f3,2024-09-10 18:25:50
474,763,stacyflores,f1ee95f747240cd61d6ddff376e645b73ab9803c8620c351f3313f084e5b5a65,2025-01-21 09:16:23
475,764,kaylaholden,2b7ab11a582c91327aec39e010b1fb8d119eabb433ec89d8b429433ccc9eb70a,2025-04-09 08:58:42
476,766,anna32,f21382fda7b554b4bd82de5ee92d1bb16fef5b38d5edf73a2e805f4aa3e35442,2024-12-04 17:40:54
477,767,donna71,f2969d7a499c8adace1b7b4379ddcb91ca4dc03891f3529ef9fece04b274ae05,2025-01-08 03:55:28
478,768,alicia46,930f2dadaded26f2a2625f8904edb50697be99dc26dd240b0dc18d37334cdf7b,2024-10-15 17:01:58
479,770,douglaswoods,93212bc619bf66786fa617e476e9f695a1307c016c5a18a5ff88067507c4e786,2024-08-04 03:00:47
480,771,robin80,9362f25839772e1b7921e49976bd00340695877a9207ea6e852f83a01f0d0927,2024-11-07 18:18:11
481,773,william88,f56b1d55668f32bf05d61e83313d4cc06522ef49d187aea0011e0c02e8244b16,2024-09-21 15:40:18
482,774,tamarajones,30afb66a34d59a692749ddb995a7ac109ac7383f1990a5c68176f7cd875f3789,2024-08-09 20:30:24
483,778,james90,442c7d742aae8d2537c2d716f6dda6d0f098a82d94ed7905aca4d09b2d78a88a,2025-02-03 00:22:46
484,780,markanderson,79ff9edc75b9b88a396d05d1507ab136b00a8dc8db28c8c9871ed0b075d77639,2024-11-01 15:22:52
485,783,carlos65,03ee99ed0882970ded9a35d05206b9b278edfa4d30c046d635b56a1d7c753940,2025-05-20 08:45:17
486,785,elizabethfletcher,796c87c1beb6ab3c7726651d97c6115e5ea152ef6e3d7ede3f4f41e6c78e8a9f,2025-03-25 14:28:06
487,786,berggary,27e5f0c02ce04c0fb7eb5f05079975e0064af45e34d480ef1e1adc5ee3dcd894,2025-05-23 06:17:31
488,789,erikamiller,8826dd52160cb1c5a754ef19351d926dbeb22d08b91c3f5c9f3f9cadb6e932a8,2025-06-21 11:58:03
489,791,cervanteserica,2418da5d694cf8c07ff5da44949b9d27a484083d91ecf8087980b47340fe38cc,2025-02-23 19:02:55
490,792,wberry,25bca5ee761700129b93f15b7361122066802a3c5ffd03aab0e0495facafe53b,2025-02-14 12:33:34
491,793,ruizheidi,913cb497046c0869b95abb9aae1f884e76314d4989eeea363a513fa041a25503,2024-11-05 00:17:48
492,794,millerkaren,1bf6a901278c31acfe670e79541a1f87d944302e2696c5c7b16233cac6e56dc4,2024-07-06 18:43:46
493,797,roy05,924f94db02f288e6e34c9677bed8c07fbc33b6835a3b986376181d9706834ec9,2024-11-29 11:53:24
494,798,jesse67,28b6909a07bfe0b7e4d276c4dfb5e8bdd332759076d9f5073eb6f398cdb567f3,2024-10-15 23:53:34
495,799,wrightlaura,c326c9976a8ed212d3828857b4b9f80b8b2d5e5b25d1576ba4fe81354bbdc7f8,2025-05-08 01:13:26
496,803,martinvictor,fefc01d4ffb0052a9202840f6b942fb8fcb4a72c6c079e50df585dfd157f6c06,2025-04-25 04:55:27
497,805,loweallen,4c9b1cd890d56fce18abe2945ab6babc6970e8a80157bd478c50f61ada44f587,2024-10-05 00:35:19
498,806,iwest,ce828237c458b47059e2b1f41ee5580b64ffb30cae61c1153f4f324bce4e4504,2025-02-09 06:56:16
499,807,bakerbrian,dc30b545150e7d7359e6c154a08dc1946cf3dbe8d6e7f49e07189c91eadf40ce,2024-10-15 21:53:47
500,808,travisnash,8763899204c84c838a2d9ed4ed760364f3b383b24841aac233c33c6ac7c27bf2,2025-01-07 04:31:27
501,809,donald71,8cdb20af628f6c3c78947c3d67790672943526b340372680d1840ab76f2a532f,2024-07-05 12:25:49
502,810,lisabaker,07c72931e313a9488aa1fbe04638c285d92dd26c8101a28dfe7b8db80eda6580,2024-10-28 22:18:50
503,811,prestonanthony,5538a0699a29d5f46cf1f3907097ff6df6617e7d53735ed73df8dc5b543c7ed8,2025-04-08 13:42:39
504,813,jmckenzie,427677b0c0a2e0474e2ab43cb9c2881c82e232796887ca4cd39ae287cebb4d0d,2024-12-11 03:05:24
505,814,mariapeterson,af35a077ee3db3eed30f93f22ad833a24845ef7ab69f2fb6c20b0d1ebeb8ee41,2025-02-25 08:55:41
506,815,pateldonna,e1c294040ef443a0de1b410d36d4f8584ae9a687ed3cf6f2abfff1161ec44c60,2024-07-10 06:10:52
507,816,alexandermarc,c72a855f2604a7e2dbf9580e841e2d04f41107a7a2f2d391c1363bd9af543cb3,2025-06-14 17:09:58
508,817,tbrooks,9b5bd25ccf6a66260d8355a6e7867ca02bababa3cb58cd7cbee28c44f89ce037,2025-01-29 09:48:34
509,819,john68,61f50be85be413732e7950161dac28f7e1ea951158caa7b5df17737863a163a8,2025-06-09 20:21:47
510,821,zrodriguez,17f7a65288bfead5f57f48831f54cc7289e56dd26032f6d61903f28ef233fe25,2024-12-29 13:40:03
511,823,marshallpaul,454a661b1d233226b91a1109e77df97ab766f17eea65485f01d20824a435d6a7,2025-04-20 08:05:57
512,825,susantaylor,1951b65ead6d1b640e3a4c72a57b5c171203932ce4a19edd4c3c3b4c8e274467,2025-06-13 19:23:08
513,826,espinozatiffany,9aa21c50df6bb7fbc7469a9ea891c51dc35893767bdf49387c9e89ff1e37998f,2025-01-14 22:39:05
514,828,rwilliamson,e5715453c0bab5e8049c5cab63b66a649623a25a44302cd464b364bae7f17e10,2025-01-24 09:54:57
515,829,alisonhale,110d2b0c0e593880e4c9bd8c50723da4e1da86085bf71bf565938be7f35f5fbf,2024-10-21 17:03:02
516,830,brownlaura,edaec412bc5aaaa357f90840a7c5c6f5070432417a9eab9344a2534b39b532bb,2024-10-07 11:14:45
517,831,dwatson,a0cec210b23bf0eb75e3e10104410d38bd6b36b7eacd4f1d7e797b7e808fb2f4,2025-06-13 09:21:45
518,835,rconley,2ed153b1cf227aba1e59f19f9fccc9ae1773ffc07e5d427e4166edcfd6600cbc,2025-05-24 05:17:21
519,836,grahamwalter,933ab7f84b7ef33275976dc723835d80d081852553e7dfb8f4ebcbe9df9d6bab,2024-10-20 06:03:47
520,839,robertwhite,0e8b37a622da1438c9ec76fae9a8aa6222ac20cb81f4324d0b0212f9e6825a89,2025-05-16 10:21:43
521,840,michelle71,648b0bfe131f3550ca6f81d5ecedd4281cd13644244fbd6757d76672199e8dd3,2024-06-29 01:48:41
522,841,fwatson,d893f215dfded7534587dda622180800b5d35ccd12e05b28b8b0b20aa17f9ade,2024-06-26 17:33:55
523,843,joshua23,75e3cfed790d0d81312ef1719eb99636a9d75e2bef2dfc93ee6fc01432b316b5,2025-06-02 03:05:02
524,846,johnsonjennifer,327934c3b6704e3c6782060c41bb01c7341fdc7258e9083737ca8c7a434dd828,2024-08-29 02:09:55
525,847,allennicholas,a75b00339705311704169fda93fa01b189dec418cc21f6545c98a0c4c609cf3d,2025-02-28 08:06:46
526,850,ibarramichael,0e56c75ae9edba0f040ec381601e68c7d8abafbc4cef2ffe62aae01668da8313,2025-05-14 22:57:42
527,851,moralesryan,9edac05e7501a57522db848a026480573169e337ce65fd166786b5adf2724cb4,2024-08-24 00:28:32
528,854,cobbpaul,ebf775a7ea5052dfda83f892d571759f0a11ae75c02cd64293703b9fa7e05703,2024-09-02 06:32:26
529,856,boothelizabeth,95eab437d0e6e8f922fae3e45769d438e8647b136337c7674b711fa48f696602,2025-02-24 14:09:00
530,857,pmurray,5fb6e8b530ddee1bc44582826e74b69ff454347b9da27c50054450862d0b4684,2025-02-27 13:05:11
531,858,bschultz,9fde2e98586519afd63d361201b7f17c3d31ea4471aaa084b9241d53a3b6f437,2024-12-14 14:34:09
532,860,louis60,4d89e59cdcf8dcbbfd3645727d9669d175b6d813325722f30ba4f2c4d9426618,2024-10-22 13:08:20
533,861,khenry,3ece7d378fbf060595267528e24e3c75a7c80a96182b045ceb66e5d3f62d308e,2024-08-06 15:04:15
534,862,eblevins,53b3bf89cab8428af4f8703a1f949355d5c500b4b62ca39d1c1b67db95c24834,2024-12-19 11:50:52
535,864,rose55,7f5384c8c71d0b8e3585494305beee56bebb7c6f02acf1b7632b92e05c80ae52,2024-07-01 19:09:30
536,865,xchambers,4e21496cedbd6fcc0cceba6ae6a50bcd88562bc551593deb70c01d760822fa0c,2025-04-22 09:03:01
537,866,allenamy,472d69e7a0a3c644fc225b90d787df4d4fbc37e549a5ff390fc0bd482b2516bc,2025-03-19 16:25:57
538,867,bparker,2ae06c013426e7f73d1b424b2441c375b4600b1727e16afe8577f7a313905804,2024-11-14 00:11:04
539,868,mark49,b2bd384fcab92cfd73a5d7ae3490c1e900f26b6871127d74d88a83a4825c4f8f,2024-07-05 13:58:49
540,869,markstevens,e7fd2f5b156a5f006101661ead05b852d9eaf8bf00ad3d084f7ea7ae140bb806,2024-09-22 20:17:49
541,870,matthew66,fe88b4c00e9283c89654940ce50e63d2fe047efa68422bd2046c20cd93600a89,2024-08-18 15:24:46
542,872,vargasjonathan,c59aeb7807db0cd971364291c74333f4a861997743e4c0fc0a7adc8f4f82d386,2025-02-08 14:39:58
543,873,xsmith,6137d45d00b2636446c116cdaeb10f929f17b990f42e7fd65c6f232babec2ff3,2024-09-20 17:09:33
544,874,macdonaldsarah,281d2ca1e2da6fbb99bfd1c9a809cf0b08dedbf30e6c9733da63c56e2b7344da,2024-07-26 09:43:54
545,875,kevinsmith,0ecb27b9f21e47868bef435805ec18511adee0d01d07822186bdd2e36a3c292c,2024-11-07 23:59:36
546,877,gutierrezjustin,c7af596db6a5186f64eb54a290793f600cacb2903cb9a47c8708a1f04d6440fb,2024-09-04 19:23:27
547,878,ybrown,817ff9fc6959f914a6a1716c3d7ed22de6715558980fcd330d4228ca777fa8bd,2024-10-04 08:59:12
548,879,wwilson,0b300d2d7bdf0e85a77185394fe7e224b9b6b84f90130d6b26f8e46d570ca7a0,2025-03-03 00:35:21
549,881,ramirezalicia,05945a55b0d78328a5cd56a4ec21af57c6348be006ee5667635e0169e9f46614,2025-06-22 06:43:29
550,883,ramosalicia,55c82884c3232fc690488e37979ced76b642eb7c04af5902746a391cbbacc3cb,2024-08-02 20:19:19
551,887,noblecheryl,473bec3232114c86b319fcb0e675ec7e5c6122b5b1c74697e23136a0d22f7dbc,2025-04-28 05:13:11
552,888,ydavis,b012fe94d0e9b53201ab8813d2162a78d472755d3f20636f2884c772bddedeb2,2025-03-31 12:08:34
553,889,allisonmontes,098cbec92558d38c28e4f5e289cf14609584bc208a3d1f0bcfbb3d1a578e682c,2024-08-29 08:33:09
554,890,spearsedward,72f5c766f070b7ef523295380e4173ab6c79db3827d263754f4f3a98adc75a6a,2024-09-16 03:14:07
555,891,schmittthomas,a7c73c2537d08a31ce1d3dd8289f62e82097a3771ad7680b10fe4a5364463eff,2024-10-04 05:51:04
556,893,bauerperry,c8fa3d903990ba21782f1da8075154248003e36c3971ee91e78152ca143febb4,2025-06-23 17:19:38
557,894,stevenruiz,dc70af3ee9fe761dd23735060e04586e7975ab64cd5eb70790401da664f64462,2024-07-02 17:59:46
558,895,patrick71,3cf4ff6fd37be70439340ba699669f0ee13aaf8252510145abbdd73c51a5a62e,2024-07-22 11:12:16
559,896,jacquelineshields,ad3a2803c0ade729f32c8e0bc6c37f96c1b70a6080c045ef7a8c7d2dde99f4eb,2024-09-07 20:44:52
560,898,gmoran,d967bf10dc090d95bbc323c0c607421d93d6538e5596d15bc9a04fecfc9383b8,2025-02-12 12:07:38
561,899,kenneth39,b804c84bf6a2dd0d7c3a35b4504646dcb992fb194e7fd4efd81f3f2e4ebccf95,2025-05-26 03:34:40
562,900,jacquelinebowen,9defcfdd7e80f06ae6aaffdd97e50d3074e18ca2b64c8049b0ede8d16017350c,2024-10-28 20:57:59
563,901,williamsonregina,0386ef738a46d25cfb29924424f65b2777ba7795c59b00864b273aad570b1c8e,2024-11-19 16:05:02
564,902,rjohns,4e93f12e619a41d88f8a7de62bc59b47485021389e075f770b70bacd9da546c9,2025-06-07 10:59:03
565,904,christiangonzalez,6eff11b43899b1b7e96c60f49f00ecd7c9f125f50d48337ab4aeb3b9389a0d03,2024-07-11 18:39:46
566,905,teresa09,d7fca45f319e4d84161400f420e3b4561c61901f967a632ae1cd1930ef05af20,2025-02-24 10:32:23
567,906,greenrobert,9bafc0043f54629854008b72f4228da6107c7c5cad9a362293857752930ea6d1,2024-10-21 20:22:36
568,909,hintonsara,cc4871dc98ea8715d78d11693c58c967df9939c71a5c45f1651bbb4c98b5f7dd,2025-01-25 13:18:17
569,910,michelle32,57f6c6f9717559b92ae2be62e9ac7486399a63bcb1efb97b9bdd29b929d6e0a7,2024-09-02 14:51:46
570,911,jeremy22,19db207bb736c8a8a794de6c80a596f11ed45f96c857e9e1b006d329f0ab37b1,2025-01-15 14:07:29
571,915,carolynburke,9a22c4f3b6f832ed9f632a789935a291521f349955fc63f5991dfb993ae955d1,2025-05-31 20:06:56
572,916,robertmorgan,9473bda60bab956a9f5bd2f2d3682b265dc6a37577b3bd275d19bd96ce115342,2024-07-05 07:37:09
573,917,xcarter,b06d22082f908ba99bbcda5606f9a780dde2856a12aa8f5767ff7c2d8750ae1c,2024-08-12 21:03:50
574,918,amandawood,84d7c475c7aaf3f5f8a1af320ae93768c680c666050808b385d33fcc602a29cf,2024-06-27 21:41:44
575,919,hunttammy,2515b0fd37eb17652a4f6ad9402b9920673c03e2bca26a1311d5cea3f751cd3b,2024-06-25 04:20:34
576,920,rodriguezderek,c70a1bd9fe3ed2b8616d80775345f327a9921574ee1ad88e0be11fc8c6d7b33e,2024-12-13 00:27:02
577,921,willisdana,e331091522fd2654c4135b97df04bf66c1126712490479f87a843acb26772c4a,2024-11-13 05:49:25
578,923,uvargas,f5b3e192b4bd48ab60a9b09470731f654ec52b04c48d134b4499a008576f185a,2025-04-17 13:34:38
579,924,robert92,7b24e40ee3c7be306b300793837b86947ab1811cebac23c7507cf9d3179e3422,2024-12-19 05:43:42
580,926,hosborne,7a35f4655f0fbbacadb6ebe20dbd74ad214028344f5d2f3eb6abc423e692c320,2024-07-03 17:52:34
581,927,walter22,a3b4074437153c26bc9001baa4f14a587881709f5a787b3b295bdc08c041ee64,2024-11-08 00:24:15
582,928,pittsrobert,e889a2146f9279f3298d771d05c1f13c0cd25b7fad4278b5c3766193ee6e4fde,2024-07-25 03:22:43
583,930,kyleoconnor,efa509722f42b97501f335dbf7fc86e5ee140ac0dfbb6ccb0216994e43c4d5c6,2024-07-23 05:30:14
584,933,barnesricky,0f4f226afd4218fccf08ec66b1938720568663e75192f304f531e6dd523fdbd7,2025-02-07 00:14:51
585,935,amber81,f53719e729de22e113cca709f4bb299c3c5f703e42624864c08c3e71518e1193,2025-06-20 22:59:21
586,937,kimberlypeterson,b9d88e652eab9e69128d5fddd5876e7411bc2bd7c0b800d26a0ca36ae90df17a,2024-07-26 06:26:51
587,938,marklee,1b5b655c8f90270981024fbeb69daefcf5faf0cd4c042845f97a4bedcbae8743,2024-07-19 07:47:09
588,941,trevorsmith,0a7f61371b8e2fd65505ff2035768b512784497bf7e4b3c3142d9fe30e7102a1,2025-04-11 12:01:31
589,942,torresmichael,5b55bfb4601996dd0f0c3526d84110fd6f25b18d6318837417bcfbd278d2bf4d,2025-04-07 02:54:43
590,945,cathy92,078551689afe7f67fdddd5a7c802dc9f9e1c36fe6810ab461f8413f4cd04e9d0,2024-11-19 16:27:24
591,947,gwoods,25f85aaeb856e69cbae2ad2b12b3458db205c283f8bc4e2e22a36894ef9588b4,2025-01-11 18:11:45
592,949,seankelly,2235ce5399bd59dcbde96101961e582ed8746df8c41604073ead4fb6aa5902d8,2024-12-29 22:25:56
593,950,hicksmichael,6ceb205d5b00951595d6bd198ea47749359c9e3dcd88e5d2a12c66841a0b6138,2024-12-15 09:26:53
594,951,hendersonscott,be511f0f0f7d19912bbe7a951c4079aa768497edbf9b0aa3e5aee00562e3eba3,2025-03-11 02:51:10
595,953,nconway,bb0217294cb274edd8f445acc33ad80cbbdf217ebd24ca70d9c6156cbf9c873d,2024-10-08 12:10:18
596,954,millernicole,fa4224679a0848ee137852e75b517f1b487804c27f184fe642acfefe5ab66481,2024-08-15 22:28:03
597,955,browntammy,b3bf4455e9c08af05788142a108569afcbc63b2970b9e2c447f4b340b995e718,2025-01-08 16:15:08
598,957,mckinneyscott,b9367943ed03909065eadf3ca428b2eeb36ecb2bad4ccefe03772a862da1c0b1,2024-07-31 11:51:10
599,958,wangmichael,9288d760fe0cc9f06bc54c8951360a64f9f815667805229c79cb1a1136963b67,2024-10-06 16:19:16
600,960,hholt,e5bce3bfcb78be94d37a6c619ff21930ec0fc1905533428683b8a04d0bb03e87,2024-09-24 09:06:31
601,962,juliehicks,4e901913fbc030506013c548175cbfceb0bf21852141b0cd528964d294b99fe9,2025-02-16 07:47:09
602,964,johnvelazquez,4a5d2df31b92a56c49aec8069a93a8a7034ff96c37f63492156b694d846e24ad,2024-10-05 09:27:25
603,965,anna72,b4d48a0075d78db2eff90b7390041827be3c93fb61f211c29d38404c1f0972be,2025-04-26 17:39:55
604,968,amandawilson,62436a1cfdabcef3b6e1401b567b6f6906987755551b5a481e43ee0ecbc9f7fb,2024-08-08 14:20:25
605,970,timothy28,bcc08153152d3954582e2e4d693824ac39b97c43c5eca32337b64da2eb99a0cf,2024-12-14 21:34:11
606,974,nlong,bf4ecb6b4bb449cab845b714b02376422424c5272609f17f5c69b1797bf96d9b,2025-03-31 13:12:40
607,977,walkerveronica,58f2e518383e54fca28b5836ab93404c016458a7950dd0233c842684c0620a83,2025-05-12 19:37:53
608,978,hillmelissa,15ce95e0bd1758959dd4d8f2d1aad2e91325021c8645e6a7ae9b12d279c0cf0b,2024-08-16 01:59:34
609,979,johnroberts,2d6cc9591193f3f995ce807550615e9137d56bc4bca27c8c6ad8c12ba69d74ae,2025-02-02 08:11:57
610,980,philip04,6c46fa26b4bc91d7fabf16e8f8f12078333897eb66b8436fe4d2925745cfb82d,2025-05-21 06:10:33
611,981,angelachambers,fd670862cb25d50687147e61e251d0a31eeec99b8961374652662185688c2155,2025-04-29 08:21:33
612,982,agraves,715d7e1af5d90b80fdd2370c7ee3968cfd1fc1e4c488a46cba2fcceec5773d6f,2025-05-31 07:49:33
613,984,ymcclure,80402e8bfe7120989d3b7b1182cf7fe4f0d9008696439c4d20260f83e1801fad,2024-10-24 08:46:40
614,986,ldixon,963bedb8e795bd88c6a79000394f6ed07d0ce8ba64841184fbc357386ddd86fc,2025-02-22 16:12:24
615,987,boydvicki,37c0c53426c04c32e9138d0d885b3fc36ece66d694c5b9c9bde47d178140ed7c,2025-03-17 08:55:50
616,988,evelynpeters,1760da477c00e5d16e2d9c5a593ccaa7b3f66fc95b20cada63ff7dbe8f0317b5,2024-09-09 11:43:11
617,989,tylerroth,cccfec936b68c66c4837cb4f47db0e4286234979d4fec75a0ef06cd1c9aa0031,2024-07-25 09:57:05
618,990,iyang,6597c2a2dab64a51f9562b5f3459f9bfcacc67fde806e8eb06849b7686bb3c76,2025-06-12 10:00:35
619,991,brettgarcia,b8117d26bcbb291d0688bc82628573bb761e06e723b03f4fd12924bb3ac76bf7,2024-10-29 22:14:51
620,992,littleannette,3c24abab07b3febe4fc4f24d5654ce896ddc5ab80e6a7b2f2567d9f3084449a8,2024-10-27 01:26:51
621,993,melvin00,97b83edb948d7bed17fb51546752bfcd5eb5e518c14f24aab515bb3f4b31888b,2024-07-30 17:37:07
622,995,campbelldaniel,c69e7864c3dbc4934c0a1dbd64a46560cf225fa1aed14a5e3499b70e957a8bf9,2025-03-02 02:44:18
623,996,marychurch,75f42540109ddfe9deeb6125ce8194cc132770bfd7d1925e64b6d4404d8c823f,2024-08-16 08:01:02
624,998,andrew72,12236dcafaecbf77a064faf24901b1175a7de5ad663239ae8fdef358c33ae672,2025-06-09 20:53:59
625,1000,rayian,e2acadaf64420471d44121f0cfe4fed2447aa455cee41ff70eb2fcb1cb02ba7b,2024-12-04 17:58:36
