LogID,UserID,ActionType,Timestamp
1,332,Logout,1/15/2025 23:47
2,982,PasswordChange,1/28/2025 13:00
3,724,Logout,5/30/2025 7:13
4,829,Login,2/12/2025 0:06
5,174,PasswordChange,2/8/2025 22:23
6,350,Login,1/26/2025 21:46
7,266,Login,5/24/2025 14:39
8,915,Login,5/25/2025 23:58
9,771,Logout,5/11/2025 2:59
10,755,Login,5/15/2025 14:07
11,152,Logout,1/3/2025 2:50
12,903,Logout,2/21/2025 21:35
13,541,Logout,1/10/2025 15:08
14,878,Login,2/6/2025 18:38
15,241,Login,2/7/2025 18:24
16,753,Login,6/10/2025 10:55
17,950,PasswordChange,1/5/2025 14:20
18,219,Login,6/3/2025 6:51
19,357,Logout,4/26/2025 19:02
20,102,PasswordChange,5/14/2025 4:29
21,923,Login,2/14/2025 11:19
22,111,Login,4/10/2025 2:39
23,127,PasswordChange,4/6/2025 14:34
24,672,PasswordChange,2/20/2025 17:23
25,250,Logout,1/27/2025 12:25
26,144,Login,4/6/2025 4:37
27,714,Logout,3/13/2025 1:18
28,481,PasswordChange,4/3/2025 0:15
29,705,PasswordChange,2/2/2025 22:06
30,56,PasswordChange,3/22/2025 17:54
31,185,PasswordChange,1/3/2025 15:16
32,975,Login,6/7/2025 7:15
33,968,Login,2/17/2025 10:41
34,760,Logout,3/30/2025 11:17
35,744,PasswordChange,5/22/2025 16:43
36,181,PasswordChange,2/7/2025 6:53
37,947,Login,1/23/2025 12:26
38,79,Login,5/17/2025 15:19
39,79,Login,4/3/2025 11:54
40,529,PasswordChange,1/31/2025 20:49
41,31,PasswordChange,1/19/2025 12:21
42,563,Login,6/14/2025 4:14
43,679,PasswordChange,6/8/2025 1:10
44,51,PasswordChange,4/20/2025 7:32
45,494,PasswordChange,1/4/2025 18:27
46,584,Login,4/14/2025 23:49
47,907,Login,4/2/2025 17:44
48,212,Login,3/13/2025 4:06
49,616,PasswordChange,3/30/2025 15:15
50,843,Login,1/19/2025 19:14
51,193,PasswordChange,5/4/2025 17:43
52,825,PasswordChange,2/25/2025 9:34
53,620,Login,3/18/2025 2:19
54,646,PasswordChange,1/19/2025 23:34
55,622,PasswordChange,3/23/2025 22:02
56,965,Logout,5/26/2025 10:23
57,842,Login,2/19/2025 7:08
58,166,Login,2/9/2025 15:00
59,880,PasswordChange,3/12/2025 12:17
60,157,PasswordChange,6/8/2025 6:30
61,578,Logout,6/20/2025 12:18
62,673,PasswordChange,5/13/2025 7:46
63,750,PasswordChange,4/21/2025 4:55
64,652,Login,1/12/2025 15:04
65,559,Login,2/11/2025 21:13
66,273,Login,3/15/2025 5:41
67,209,Logout,5/6/2025 17:41
68,945,PasswordChange,2/24/2025 18:07
69,827,PasswordChange,1/25/2025 8:28
70,432,Login,4/15/2025 14:25
71,556,Login,4/7/2025 1:01
72,905,Logout,5/1/2025 1:55
73,518,PasswordChange,5/3/2025 1:05
74,575,Login,6/15/2025 11:01
75,372,PasswordChange,1/8/2025 20:31
76,538,Logout,6/20/2025 16:05
77,498,PasswordChange,5/3/2025 22:08
78,975,PasswordChange,2/6/2025 13:36
79,447,PasswordChange,2/1/2025 19:14
80,38,Logout,4/11/2025 1:03
81,418,PasswordChange,5/18/2025 10:28
82,507,PasswordChange,3/23/2025 9:59
83,53,Login,3/1/2025 14:53
84,287,Logout,1/21/2025 3:30
85,429,Logout,3/23/2025 17:51
86,280,Login,3/21/2025 6:47
87,951,Login,2/26/2025 1:24
88,672,Logout,3/12/2025 22:36
89,958,PasswordChange,6/19/2025 11:59
90,543,PasswordChange,1/16/2025 3:08
91,649,PasswordChange,6/19/2025 8:57
92,391,Logout,1/3/2025 17:25
93,527,Logout,2/20/2025 1:32
94,29,PasswordChange,3/29/2025 6:44
95,743,PasswordChange,4/5/2025 9:58
96,191,PasswordChange,6/22/2025 6:27
97,792,Logout,1/7/2025 2:00
98,30,Login,4/9/2025 1:26
99,591,Login,5/25/2025 22:44
100,827,Logout,3/30/2025 14:49
101,930,Logout,5/21/2025 19:24
102,262,Login,4/26/2025 7:00
103,816,Login,3/19/2025 6:57
104,949,PasswordChange,4/17/2025 9:30
105,270,PasswordChange,1/18/2025 22:01
106,597,PasswordChange,1/14/2025 9:15
107,38,Login,5/30/2025 8:02
108,309,Logout,5/18/2025 4:34
109,397,PasswordChange,6/5/2025 7:48
110,591,PasswordChange,5/7/2025 8:22
111,795,Login,2/23/2025 8:39
112,845,Logout,2/22/2025 6:13
113,195,PasswordChange,4/5/2025 10:07
114,690,PasswordChange,3/24/2025 4:24
115,773,Login,3/31/2025 12:59
116,344,PasswordChange,2/18/2025 18:01
117,402,Logout,5/24/2025 4:23
118,783,PasswordChange,5/25/2025 8:48
119,385,Logout,4/29/2025 2:28
120,694,PasswordChange,3/17/2025 9:34
121,738,Login,2/28/2025 17:50
122,280,Login,2/2/2025 20:57
123,799,Login,2/16/2025 5:39
124,855,Logout,2/28/2025 9:49
125,552,Logout,4/20/2025 8:26
126,909,Logout,2/28/2025 7:37
127,987,Logout,4/13/2025 20:18
128,333,Login,1/7/2025 9:56
129,432,Logout,2/25/2025 8:01
130,581,Login,2/11/2025 5:01
131,668,Login,1/14/2025 4:30
132,929,Logout,3/24/2025 6:32
133,195,Login,3/29/2025 10:33
134,267,Logout,5/28/2025 5:35
135,699,Logout,2/2/2025 7:48
136,60,PasswordChange,6/3/2025 20:42
137,686,Login,4/20/2025 9:08
138,74,Logout,5/17/2025 15:40
139,368,PasswordChange,1/12/2025 6:33
140,387,Logout,6/5/2025 19:13
141,825,Login,5/21/2025 2:01
142,976,PasswordChange,4/10/2025 13:06
143,299,Logout,3/4/2025 3:42
144,676,Logout,6/19/2025 1:01
145,399,Logout,5/19/2025 8:24
146,532,PasswordChange,5/9/2025 5:42
147,275,PasswordChange,5/30/2025 2:19
148,61,PasswordChange,6/16/2025 9:24
149,711,PasswordChange,1/20/2025 16:10
150,821,PasswordChange,1/16/2025 14:19
151,359,Logout,5/26/2025 0:51
152,126,Login,3/22/2025 13:59
153,495,Login,5/26/2025 16:08
154,394,Login,5/16/2025 17:59
155,99,Logout,2/25/2025 9:19
156,890,Login,2/17/2025 7:27
157,962,Login,2/15/2025 20:49
158,171,PasswordChange,3/23/2025 7:50
159,220,PasswordChange,1/20/2025 7:06
160,348,PasswordChange,3/6/2025 5:02
161,428,Login,4/19/2025 21:29
162,387,Logout,1/31/2025 9:42
163,534,Logout,5/21/2025 0:20
164,875,Logout,2/18/2025 4:05
165,178,Login,6/4/2025 18:55
166,910,PasswordChange,3/29/2025 22:09
167,801,Logout,4/28/2025 22:51
168,24,PasswordChange,2/15/2025 4:34
169,688,Logout,3/15/2025 3:26
170,296,Login,1/29/2025 2:26
171,446,Login,6/10/2025 0:45
172,822,PasswordChange,3/25/2025 3:53
173,278,PasswordChange,2/14/2025 0:36
174,527,Logout,1/31/2025 14:38
175,547,PasswordChange,3/14/2025 0:35
176,720,PasswordChange,4/23/2025 10:42
177,696,Logout,5/15/2025 0:01
178,738,Login,4/28/2025 16:43
179,546,Login,6/5/2025 6:12
180,508,Logout,3/27/2025 23:55
181,331,Logout,4/29/2025 13:40
182,766,Logout,5/4/2025 7:49
183,452,Logout,1/6/2025 7:28
184,536,Login,4/21/2025 16:43
185,443,PasswordChange,2/28/2025 10:09
186,219,Logout,3/30/2025 9:47
187,613,PasswordChange,4/11/2025 1:16
188,696,Login,3/11/2025 16:09
189,651,Login,6/16/2025 23:08
190,934,PasswordChange,5/16/2025 2:20
191,595,PasswordChange,1/7/2025 11:49
192,488,Login,4/3/2025 12:53
193,664,Login,4/23/2025 8:53
194,227,Logout,2/14/2025 16:08
195,364,PasswordChange,1/29/2025 9:10
196,717,Login,1/30/2025 3:06
197,477,Logout,5/24/2025 11:40
198,282,Logout,1/22/2025 3:37
199,449,Logout,2/18/2025 17:37
200,221,Login,1/13/2025 19:03
201,305,Login,5/28/2025 16:00
202,581,PasswordChange,5/30/2025 21:23
203,699,Logout,3/9/2025 17:13
204,55,Logout,4/20/2025 21:29
205,347,Logout,1/2/2025 23:23
206,809,Login,1/25/2025 9:41
207,113,PasswordChange,4/6/2025 0:39
208,998,PasswordChange,5/30/2025 7:46
209,842,Login,1/1/2025 14:20
210,212,Login,3/13/2025 10:36
211,836,Logout,6/9/2025 20:11
212,885,Login,4/12/2025 18:03
213,765,Login,1/7/2025 21:37
214,786,Logout,6/4/2025 12:47
215,743,Login,2/23/2025 14:04
216,999,PasswordChange,6/14/2025 18:49
217,499,PasswordChange,3/29/2025 11:43
218,296,PasswordChange,6/17/2025 10:48
219,965,Logout,2/26/2025 6:01
220,713,Login,5/12/2025 17:52
221,99,PasswordChange,1/9/2025 15:21
222,519,Logout,2/14/2025 10:31
223,241,PasswordChange,6/21/2025 10:12
224,264,Login,5/13/2025 15:58
225,782,Login,3/22/2025 2:55
226,401,Login,3/29/2025 23:23
227,847,PasswordChange,4/13/2025 9:19
228,50,Login,4/9/2025 23:30
229,340,PasswordChange,1/22/2025 10:47
230,534,Logout,1/23/2025 0:26
231,991,Login,1/29/2025 23:50
232,391,Login,4/15/2025 12:43
233,925,Login,5/27/2025 16:29
234,214,Login,3/11/2025 17:54
235,48,Logout,1/20/2025 4:54
236,720,PasswordChange,2/5/2025 20:08
237,869,PasswordChange,3/28/2025 0:33
238,643,Logout,3/14/2025 7:23
239,481,Logout,1/17/2025 7:11
240,527,PasswordChange,3/23/2025 21:58
241,562,Logout,1/10/2025 9:30
242,429,Login,1/21/2025 10:44
243,990,Login,4/24/2025 20:03
244,381,Logout,1/6/2025 10:25
245,138,Login,2/13/2025 0:36
246,768,PasswordChange,6/5/2025 6:19
247,90,Login,1/26/2025 15:43
248,531,Logout,2/17/2025 8:55
249,402,PasswordChange,6/18/2025 22:12
250,178,Logout,4/29/2025 11:52
251,169,Logout,4/2/2025 8:03
252,233,PasswordChange,3/30/2025 3:03
253,311,Login,3/23/2025 9:44
254,82,PasswordChange,2/8/2025 5:01
255,559,Login,2/28/2025 13:01
256,290,PasswordChange,4/15/2025 20:42
257,449,PasswordChange,5/8/2025 22:24
258,451,PasswordChange,6/15/2025 12:39
259,263,Login,3/7/2025 14:47
260,563,Login,6/13/2025 21:44
261,842,PasswordChange,3/4/2025 5:06
262,706,Login,6/17/2025 13:52
263,475,Login,2/12/2025 12:49
264,663,Logout,2/14/2025 21:59
265,978,PasswordChange,1/29/2025 1:00
266,906,Login,3/14/2025 14:35
267,794,Login,6/8/2025 17:28
268,769,Login,3/24/2025 0:48
269,605,Logout,5/20/2025 16:15
270,539,Login,5/9/2025 14:26
271,758,PasswordChange,5/24/2025 10:31
272,574,Login,2/18/2025 17:37
273,479,Logout,6/9/2025 7:23
274,716,Login,3/30/2025 10:15
275,277,Login,4/19/2025 18:51
276,815,PasswordChange,1/10/2025 13:18
277,270,Logout,5/22/2025 7:03
278,239,Logout,2/7/2025 17:53
279,458,PasswordChange,4/6/2025 1:02
280,107,PasswordChange,4/19/2025 23:50
281,818,PasswordChange,1/4/2025 21:49
282,826,PasswordChange,2/8/2025 8:59
283,412,PasswordChange,6/16/2025 0:12
284,551,Login,5/3/2025 1:00
285,325,Logout,4/3/2025 22:44
286,484,Login,4/22/2025 2:40
287,858,Logout,4/25/2025 14:33
288,293,Logout,6/4/2025 17:01
289,472,Login,3/29/2025 17:34
290,319,PasswordChange,4/27/2025 20:20
291,812,Logout,5/21/2025 2:59
292,190,Logout,1/14/2025 2:03
293,271,PasswordChange,2/6/2025 16:24
294,762,Logout,5/12/2025 6:31
295,610,Login,1/19/2025 16:20
296,127,PasswordChange,6/21/2025 14:36
297,667,PasswordChange,3/10/2025 6:24
298,553,Login,2/19/2025 20:48
299,453,Login,2/19/2025 12:54
300,132,Login,1/30/2025 3:24
301,195,Logout,6/3/2025 5:42
302,454,PasswordChange,4/16/2025 17:36
303,106,PasswordChange,6/21/2025 9:05
304,149,PasswordChange,5/20/2025 10:05
305,111,Logout,6/18/2025 8:32
306,364,Logout,5/8/2025 19:46
307,960,Login,1/19/2025 2:44
308,851,Login,6/8/2025 3:05
309,450,Login,4/10/2025 0:49
310,604,PasswordChange,1/22/2025 8:49
311,606,Logout,2/13/2025 12:08
312,463,PasswordChange,6/20/2025 10:17
313,719,Login,4/19/2025 1:04
314,278,PasswordChange,1/10/2025 22:58
315,106,Logout,2/26/2025 5:13
316,853,PasswordChange,4/19/2025 8:50
317,345,PasswordChange,5/21/2025 5:51
318,547,Logout,5/31/2025 7:03
319,86,Login,2/17/2025 3:28
320,405,Logout,5/18/2025 3:45
321,200,Login,3/23/2025 4:26
322,250,Logout,6/2/2025 12:07
323,578,Login,5/12/2025 5:34
324,409,Login,6/3/2025 17:57
325,131,PasswordChange,3/9/2025 20:35
326,469,Logout,2/28/2025 21:27
327,329,Logout,4/2/2025 11:03
328,966,Logout,5/23/2025 13:57
329,737,PasswordChange,5/25/2025 1:22
330,293,Login,5/30/2025 15:18
331,864,Login,2/23/2025 16:16
332,290,Login,3/25/2025 22:34
333,70,Login,5/23/2025 4:51
334,1000,PasswordChange,2/4/2025 9:14
335,612,PasswordChange,2/16/2025 22:56
336,498,PasswordChange,5/15/2025 14:04
337,713,PasswordChange,4/20/2025 20:56
338,531,Logout,1/1/2025 10:40
339,471,Logout,5/5/2025 7:35
340,728,Login,4/11/2025 5:44
341,71,PasswordChange,4/27/2025 6:58
342,586,Logout,1/6/2025 13:35
343,734,Logout,3/19/2025 22:08
344,936,PasswordChange,5/16/2025 16:05
345,996,Logout,5/27/2025 16:53
346,704,Logout,5/5/2025 8:33
347,587,Login,5/12/2025 4:03
348,843,PasswordChange,6/14/2025 9:08
349,580,PasswordChange,1/19/2025 2:54
350,192,Logout,1/15/2025 7:09
351,946,PasswordChange,5/20/2025 8:34
352,690,Login,5/8/2025 21:46
353,398,PasswordChange,6/10/2025 20:32
354,732,Login,3/6/2025 12:45
355,889,PasswordChange,5/23/2025 14:17
356,873,Logout,3/13/2025 3:45
357,596,PasswordChange,5/9/2025 23:44
358,612,Login,1/9/2025 17:09
359,732,PasswordChange,2/1/2025 20:06
360,499,PasswordChange,6/20/2025 20:10
361,697,PasswordChange,1/19/2025 15:29
362,970,PasswordChange,2/8/2025 22:54
363,645,Login,6/15/2025 13:51
364,833,Login,6/19/2025 12:03
365,512,PasswordChange,4/4/2025 13:04
366,927,PasswordChange,1/26/2025 22:44
367,591,PasswordChange,3/27/2025 23:55
368,241,PasswordChange,1/11/2025 13:19
369,250,PasswordChange,1/23/2025 16:17
370,73,Login,3/7/2025 0:43
371,111,Login,3/28/2025 17:11
372,414,Login,5/15/2025 23:53
373,288,Login,3/16/2025 13:50
374,520,PasswordChange,3/9/2025 9:34
375,196,Login,4/12/2025 1:40
376,625,Logout,4/15/2025 14:03
377,810,PasswordChange,2/25/2025 7:29
378,154,PasswordChange,4/2/2025 4:22
379,991,PasswordChange,6/11/2025 8:06
380,388,Logout,1/5/2025 18:41
381,794,Logout,3/24/2025 4:02
382,494,Logout,5/8/2025 20:17
383,896,Logout,4/5/2025 7:26
384,949,Logout,3/30/2025 18:53
385,422,PasswordChange,4/10/2025 9:06
386,907,Login,4/15/2025 15:38
387,745,PasswordChange,1/10/2025 4:59
388,860,Login,2/17/2025 20:51
389,149,PasswordChange,1/27/2025 2:42
390,938,PasswordChange,4/10/2025 3:48
391,337,Login,1/1/2025 6:49
392,375,Logout,2/1/2025 6:34
393,665,Logout,3/11/2025 21:39
394,478,PasswordChange,2/10/2025 8:02
395,535,PasswordChange,2/25/2025 0:04
396,850,PasswordChange,2/23/2025 5:04
397,295,PasswordChange,6/10/2025 11:45
398,894,PasswordChange,3/1/2025 17:32
399,863,Login,2/26/2025 7:24
400,771,Logout,1/16/2025 9:49
401,592,Logout,4/24/2025 4:37
402,269,Logout,2/5/2025 12:47
403,294,Login,5/29/2025 14:24
404,8,Login,4/10/2025 14:47
405,131,PasswordChange,5/9/2025 11:00
406,584,PasswordChange,2/3/2025 12:41
407,153,Login,3/31/2025 8:10
408,312,Login,1/26/2025 18:34
409,678,Logout,5/9/2025 21:07
410,887,Login,2/9/2025 20:41
411,992,Logout,1/15/2025 1:52
412,886,Login,1/14/2025 14:51
413,872,PasswordChange,1/17/2025 0:23
414,292,Login,5/2/2025 21:40
415,693,PasswordChange,4/20/2025 2:57
416,676,PasswordChange,2/18/2025 17:21
417,62,Login,5/30/2025 12:52
418,252,PasswordChange,4/8/2025 12:43
419,473,Login,5/16/2025 6:23
420,676,Logout,5/25/2025 5:26
421,623,Login,3/20/2025 15:08
422,549,PasswordChange,2/17/2025 8:21
423,888,Logout,1/10/2025 3:54
424,847,Login,3/30/2025 6:22
425,802,PasswordChange,4/23/2025 15:12
426,814,PasswordChange,5/14/2025 15:01
427,413,PasswordChange,6/18/2025 16:03
428,789,Logout,3/18/2025 4:05
429,325,Logout,5/22/2025 1:01
430,229,PasswordChange,6/3/2025 14:46
431,704,Logout,3/30/2025 18:03
432,240,PasswordChange,2/12/2025 2:05
433,477,Logout,3/31/2025 15:29
434,862,Login,1/9/2025 4:52
435,181,Login,5/7/2025 23:09
436,13,Logout,3/10/2025 17:57
437,141,Login,5/29/2025 18:56
438,845,Logout,3/28/2025 14:50
439,816,PasswordChange,6/16/2025 14:16
440,696,PasswordChange,3/4/2025 16:15
441,649,Login,3/16/2025 22:59
442,338,Logout,2/13/2025 8:32
443,6,Login,4/10/2025 22:59
444,937,Login,1/20/2025 0:18
445,154,Logout,4/25/2025 21:15
446,508,PasswordChange,1/17/2025 12:02
447,37,Login,3/14/2025 18:55
448,173,PasswordChange,4/12/2025 6:42
449,944,PasswordChange,1/23/2025 6:21
450,87,Login,2/2/2025 12:20
451,801,PasswordChange,5/27/2025 21:34
452,878,Login,2/16/2025 4:43
453,476,PasswordChange,5/7/2025 0:26
454,898,Login,4/17/2025 17:26
455,61,Logout,1/13/2025 8:09
456,551,Logout,6/6/2025 2:43
457,11,PasswordChange,3/4/2025 0:42
458,704,Logout,5/4/2025 18:39
459,285,Login,2/15/2025 9:24
460,587,Login,1/24/2025 6:51
461,574,Logout,5/20/2025 10:30
462,335,Logout,1/11/2025 17:30
463,41,Logout,5/9/2025 1:21
464,643,PasswordChange,4/19/2025 11:40
465,194,Login,4/29/2025 7:24
466,799,Login,1/30/2025 12:09
467,39,PasswordChange,3/14/2025 9:20
468,725,PasswordChange,1/15/2025 17:04
469,543,Login,1/2/2025 13:22
470,674,Login,5/14/2025 7:50
471,821,Logout,5/6/2025 3:02
472,274,PasswordChange,2/19/2025 4:33
473,806,PasswordChange,1/2/2025 6:11
474,607,Login,5/4/2025 8:05
475,226,Login,4/19/2025 5:25
476,644,Logout,1/4/2025 11:12
477,864,Login,3/9/2025 10:12
478,1,PasswordChange,5/1/2025 22:09
479,380,Logout,5/5/2025 17:29
480,673,Logout,3/7/2025 20:25
481,57,Logout,6/8/2025 9:55
482,125,PasswordChange,1/25/2025 14:22
483,193,Logout,6/7/2025 19:56
484,261,Login,5/14/2025 19:45
485,830,Logout,3/2/2025 7:25
486,281,Login,1/29/2025 22:17
487,384,Login,1/26/2025 11:56
488,992,Login,4/1/2025 20:54
489,522,Login,4/29/2025 15:11
490,187,Login,1/29/2025 20:42
491,295,Login,1/24/2025 18:44
492,230,PasswordChange,3/8/2025 8:04
493,730,Login,2/9/2025 3:08
494,763,PasswordChange,1/20/2025 5:16
495,591,Logout,4/1/2025 12:23
496,64,Login,4/3/2025 11:08
497,27,Login,2/20/2025 10:02
498,251,Login,5/15/2025 22:21
499,200,PasswordChange,1/11/2025 2:19
500,162,PasswordChange,1/11/2025 8:40
501,995,Login,2/25/2025 0:28
502,223,PasswordChange,5/27/2025 1:16
503,592,PasswordChange,6/4/2025 7:34
504,699,Login,4/11/2025 15:35
505,949,PasswordChange,1/4/2025 22:38
506,554,Logout,3/19/2025 4:17
507,949,PasswordChange,5/11/2025 11:24
508,916,Login,3/18/2025 23:41
509,290,Login,5/2/2025 19:11
510,507,Login,1/14/2025 17:20
511,325,Login,6/10/2025 8:10
512,177,Login,4/12/2025 11:10
513,103,PasswordChange,6/12/2025 4:19
514,276,PasswordChange,6/6/2025 0:03
515,87,Logout,2/18/2025 4:44
516,869,Login,5/11/2025 23:19
517,54,PasswordChange,3/18/2025 18:02
518,779,Login,3/16/2025 23:35
519,615,PasswordChange,3/26/2025 14:09
520,348,Login,1/1/2025 18:18
521,699,Login,4/11/2025 14:32
522,988,Login,4/27/2025 17:04
523,1,Logout,1/1/2025 17:34
524,626,Logout,4/9/2025 3:04
525,515,PasswordChange,1/29/2025 3:32
526,305,PasswordChange,1/6/2025 18:44
527,810,Login,3/14/2025 17:51
528,833,PasswordChange,4/15/2025 0:18
529,554,Login,2/20/2025 2:54
530,818,Logout,5/5/2025 15:53
531,955,PasswordChange,3/23/2025 23:57
532,886,Login,1/2/2025 20:50
533,652,Logout,3/11/2025 6:14
534,861,Login,2/28/2025 23:00
535,729,PasswordChange,5/13/2025 18:14
536,634,PasswordChange,2/24/2025 14:58
537,312,PasswordChange,3/5/2025 8:19
538,724,Login,6/6/2025 7:52
539,640,PasswordChange,3/21/2025 14:08
540,480,PasswordChange,2/25/2025 14:40
541,808,PasswordChange,1/28/2025 10:10
542,890,Login,1/24/2025 1:19
543,498,Logout,3/1/2025 15:10
544,248,Login,4/8/2025 4:00
545,681,Login,2/19/2025 20:04
546,609,PasswordChange,6/14/2025 10:00
547,766,Login,6/20/2025 17:56
548,111,Logout,2/24/2025 15:52
549,283,Login,2/20/2025 7:54
550,750,Login,3/10/2025 0:09
551,834,Logout,6/13/2025 22:42
552,708,Logout,4/17/2025 0:14
553,54,Login,3/4/2025 1:58
554,684,Logout,6/16/2025 8:31
555,113,Login,1/6/2025 22:42
556,962,Logout,4/10/2025 10:21
557,691,PasswordChange,3/18/2025 10:29
558,535,Login,6/18/2025 7:07
559,835,Login,5/29/2025 0:10
560,417,Logout,5/27/2025 17:44
561,681,Logout,5/22/2025 10:05
562,390,Login,2/22/2025 20:36
563,664,PasswordChange,6/12/2025 20:22
564,31,PasswordChange,3/18/2025 19:38
565,27,PasswordChange,4/2/2025 10:42
566,561,Login,1/16/2025 16:35
567,648,Login,6/16/2025 21:13
568,723,Logout,6/1/2025 5:35
569,196,Logout,2/26/2025 2:22
570,786,Logout,4/18/2025 0:31
571,149,PasswordChange,6/10/2025 18:06
572,707,PasswordChange,3/16/2025 8:09
573,577,Login,5/31/2025 12:47
574,625,Logout,5/29/2025 4:33
575,134,Logout,3/14/2025 7:22
576,654,PasswordChange,4/17/2025 15:53
577,720,Login,4/8/2025 6:36
578,53,PasswordChange,5/13/2025 8:30
579,653,Logout,2/13/2025 2:28
580,388,Logout,4/27/2025 4:35
581,422,PasswordChange,3/23/2025 0:40
582,749,Logout,2/24/2025 17:38
583,634,PasswordChange,1/19/2025 1:05
584,97,Logout,4/30/2025 12:15
585,456,Login,6/18/2025 10:16
586,915,Login,2/11/2025 22:13
587,476,PasswordChange,1/29/2025 10:53
588,319,Logout,3/4/2025 0:37
589,723,Login,2/12/2025 8:17
590,100,Login,1/31/2025 15:30
591,23,Logout,3/5/2025 4:15
592,591,Logout,1/18/2025 8:32
593,134,Logout,6/4/2025 6:31
594,817,Login,5/22/2025 2:31
595,255,PasswordChange,1/6/2025 3:17
596,766,Login,1/10/2025 16:24
597,317,PasswordChange,2/12/2025 20:34
598,598,Logout,6/15/2025 9:12
599,826,Login,5/8/2025 2:57
600,470,PasswordChange,4/23/2025 23:01
601,203,Login,1/1/2025 4:35
602,406,PasswordChange,2/23/2025 22:26
603,436,PasswordChange,3/17/2025 6:42
604,522,Logout,5/9/2025 13:16
605,988,PasswordChange,6/10/2025 11:04
606,861,Logout,6/21/2025 19:19
607,848,Login,5/7/2025 7:51
608,589,Login,2/8/2025 2:18
609,965,Login,3/16/2025 21:38
610,729,PasswordChange,1/1/2025 11:06
611,977,Login,3/16/2025 6:52
612,839,PasswordChange,2/25/2025 10:24
613,145,PasswordChange,4/9/2025 14:17
614,719,Logout,2/19/2025 14:26
615,296,Login,1/23/2025 21:44
616,275,Login,3/30/2025 7:32
617,145,Logout,6/2/2025 21:08
618,769,Login,2/15/2025 23:39
619,439,Logout,3/19/2025 12:23
620,805,PasswordChange,4/12/2025 10:58
621,673,Logout,1/6/2025 12:48
622,328,PasswordChange,2/24/2025 22:11
623,63,Login,1/23/2025 13:54
624,327,Logout,5/22/2025 10:03
625,767,PasswordChange,5/22/2025 16:36
626,134,Login,2/15/2025 15:19
627,351,PasswordChange,6/14/2025 1:38
628,269,PasswordChange,1/28/2025 23:02
629,118,PasswordChange,4/13/2025 3:49
630,775,Login,3/7/2025 1:40
631,418,Login,1/29/2025 3:03
632,298,Logout,3/13/2025 13:55
633,849,PasswordChange,1/2/2025 16:17
634,767,PasswordChange,4/14/2025 20:54
635,557,Login,1/16/2025 6:24
636,724,Logout,1/11/2025 18:04
637,563,Login,4/24/2025 23:10
638,290,Logout,2/24/2025 5:38
639,1000,Login,4/23/2025 4:18
640,350,PasswordChange,5/9/2025 6:13
641,761,Logout,3/21/2025 13:08
642,309,PasswordChange,3/20/2025 17:37
643,795,Logout,1/4/2025 11:01
644,694,Login,6/22/2025 3:26
645,864,Logout,2/23/2025 17:39
646,150,PasswordChange,2/1/2025 7:07
647,127,Login,3/21/2025 6:50
648,410,PasswordChange,6/8/2025 9:29
649,526,Login,5/22/2025 5:47
650,322,Login,5/22/2025 12:45
651,229,Logout,3/9/2025 5:27
652,978,Logout,3/18/2025 6:11
653,231,Login,4/25/2025 16:48
654,558,Logout,5/19/2025 20:17
655,838,Login,4/29/2025 0:01
656,22,PasswordChange,4/28/2025 20:23
657,653,Login,2/7/2025 0:20
658,428,PasswordChange,3/24/2025 13:55
659,465,PasswordChange,2/17/2025 0:35
660,523,PasswordChange,5/30/2025 23:35
661,202,Login,1/13/2025 1:24
662,121,Login,5/27/2025 7:51
663,730,Login,2/8/2025 3:25
664,932,Login,6/8/2025 7:18
665,516,Logout,6/21/2025 23:43
666,705,Login,6/14/2025 11:57
667,45,PasswordChange,3/14/2025 4:51
668,372,Logout,1/30/2025 0:37
669,265,Logout,1/16/2025 13:21
670,630,PasswordChange,4/15/2025 22:23
671,10,Login,5/27/2025 2:25
672,265,Logout,2/22/2025 1:25
673,54,Logout,1/2/2025 16:18
674,551,Logout,5/30/2025 1:12
675,448,Logout,6/5/2025 17:42
676,752,PasswordChange,5/14/2025 5:45
677,834,Logout,6/17/2025 18:20
678,81,PasswordChange,1/12/2025 7:16
679,835,Logout,5/5/2025 15:27
680,765,Logout,3/26/2025 17:12
681,716,Login,4/14/2025 21:15
682,795,PasswordChange,1/27/2025 0:36
683,790,Logout,6/20/2025 23:12
684,966,Login,1/22/2025 18:01
685,258,Logout,4/23/2025 7:51
686,771,PasswordChange,4/21/2025 8:42
687,685,PasswordChange,2/17/2025 8:08
688,681,Logout,1/12/2025 22:17
689,888,PasswordChange,4/29/2025 23:46
690,717,PasswordChange,5/7/2025 7:05
691,750,Login,2/17/2025 11:44
692,774,PasswordChange,4/13/2025 20:19
693,18,PasswordChange,3/14/2025 7:16
694,381,Logout,2/21/2025 22:17
695,328,Logout,5/22/2025 0:59
696,277,PasswordChange,1/5/2025 14:57
697,89,Login,1/5/2025 15:31
698,773,PasswordChange,2/2/2025 14:40
699,216,Login,1/8/2025 0:59
700,855,Login,6/2/2025 7:45
701,826,Logout,1/23/2025 16:24
702,911,PasswordChange,1/17/2025 10:04
703,585,Logout,2/3/2025 19:10
704,952,PasswordChange,2/28/2025 4:43
705,301,Logout,4/14/2025 11:39
706,932,Login,5/11/2025 23:25
707,189,PasswordChange,3/1/2025 14:30
708,243,Login,1/23/2025 11:50
709,640,PasswordChange,4/15/2025 23:25
710,588,Logout,3/11/2025 21:49
711,684,PasswordChange,4/27/2025 20:13
712,912,Logout,3/28/2025 18:57
713,895,Logout,2/5/2025 12:10
714,160,Logout,5/29/2025 2:50
715,974,PasswordChange,5/7/2025 13:15
716,846,Logout,1/22/2025 14:59
717,760,Login,2/21/2025 2:56
718,4,Logout,4/16/2025 20:51
719,630,Logout,2/9/2025 3:20
720,844,PasswordChange,1/26/2025 12:19
721,350,Login,6/8/2025 5:56
722,582,Logout,6/1/2025 6:08
723,996,Logout,3/24/2025 15:57
724,545,PasswordChange,2/3/2025 1:21
725,691,Logout,3/26/2025 3:37
726,728,Logout,5/19/2025 15:02
727,69,Logout,4/4/2025 2:21
728,202,PasswordChange,3/30/2025 0:17
729,567,Login,5/10/2025 1:33
730,519,PasswordChange,3/29/2025 23:50
731,941,Login,2/20/2025 4:02
732,14,PasswordChange,2/26/2025 13:20
733,345,PasswordChange,4/11/2025 4:12
734,857,PasswordChange,4/29/2025 3:24
735,778,Login,5/7/2025 14:47
736,357,Login,6/2/2025 14:37
737,169,Login,6/1/2025 21:08
738,124,PasswordChange,2/27/2025 7:25
739,606,PasswordChange,5/26/2025 23:20
740,897,Logout,5/27/2025 19:06
741,391,Login,4/30/2025 12:57
742,251,Login,5/14/2025 20:31
743,985,Login,5/9/2025 3:19
744,445,Logout,1/18/2025 2:01
745,379,Logout,3/26/2025 10:26
746,400,Login,6/10/2025 9:57
747,913,PasswordChange,1/18/2025 1:18
748,437,Login,6/11/2025 3:50
749,1,Login,3/5/2025 10:17
750,958,PasswordChange,5/25/2025 1:00
751,303,PasswordChange,3/16/2025 16:43
752,833,Login,3/2/2025 23:51
753,208,Logout,3/31/2025 6:07
754,595,Login,3/13/2025 6:12
755,81,Logout,6/4/2025 3:02
756,406,Logout,4/19/2025 21:56
757,14,Logout,2/14/2025 9:19
758,683,PasswordChange,6/3/2025 0:20
759,374,Logout,3/16/2025 11:19
760,736,Logout,3/22/2025 23:10
761,581,Logout,1/16/2025 9:46
762,870,Login,4/5/2025 3:44
763,271,Logout,3/29/2025 10:28
764,1000,PasswordChange,3/27/2025 8:30
765,931,Logout,4/12/2025 9:14
766,216,Logout,1/29/2025 7:25
767,634,Login,2/19/2025 12:01
768,707,PasswordChange,1/4/2025 4:53
769,200,PasswordChange,5/25/2025 1:54
770,696,PasswordChange,3/22/2025 2:05
771,393,Login,5/4/2025 8:56
772,378,Logout,4/14/2025 1:24
773,892,Logout,5/4/2025 1:57
774,269,PasswordChange,3/14/2025 10:37
775,104,PasswordChange,3/20/2025 16:13
776,403,Login,6/16/2025 7:26
777,827,Logout,1/27/2025 17:39
778,943,Logout,3/6/2025 9:18
779,427,PasswordChange,2/15/2025 20:32
780,403,Logout,6/18/2025 5:48
781,924,Logout,5/18/2025 22:37
782,412,Logout,2/2/2025 3:52
783,14,Logout,2/28/2025 14:35
784,218,Login,5/16/2025 4:45
785,393,Logout,5/3/2025 2:58
786,349,PasswordChange,1/23/2025 18:44
787,402,Login,4/9/2025 8:55
788,459,Login,1/28/2025 4:19
789,87,Login,1/17/2025 5:59
790,433,PasswordChange,5/25/2025 16:15
791,844,Logout,3/3/2025 22:04
792,471,PasswordChange,1/6/2025 4:30
793,400,PasswordChange,2/24/2025 23:20
794,231,PasswordChange,3/20/2025 1:58
795,907,Login,1/18/2025 2:43
796,288,PasswordChange,4/30/2025 17:25
797,659,Logout,2/22/2025 17:45
798,952,Login,3/27/2025 20:46
799,233,Logout,6/16/2025 7:35
800,291,Login,5/25/2025 12:33
801,434,PasswordChange,6/3/2025 4:08
802,940,Login,5/17/2025 5:40
803,516,Logout,2/10/2025 6:32
804,86,Logout,6/4/2025 18:57
805,426,Login,4/19/2025 1:56
806,731,PasswordChange,5/9/2025 16:43
807,212,Logout,2/19/2025 15:11
808,613,Logout,2/23/2025 23:14
809,455,Logout,3/21/2025 3:02
810,646,Logout,5/24/2025 13:43
811,71,Logout,2/12/2025 18:14
812,755,Login,2/28/2025 20:25
813,229,PasswordChange,3/30/2025 13:26
814,254,Logout,5/24/2025 13:26
815,758,Login,4/3/2025 11:01
816,119,Login,6/9/2025 13:30
817,979,Logout,2/26/2025 0:08
818,972,PasswordChange,2/11/2025 10:06
819,966,Logout,5/26/2025 16:40
820,490,Logout,2/3/2025 5:18
821,792,PasswordChange,5/7/2025 1:50
822,47,Logout,1/20/2025 18:25
823,220,Logout,4/1/2025 1:22
824,765,Logout,5/16/2025 5:01
825,38,Login,4/19/2025 16:16
826,337,PasswordChange,3/12/2025 11:36
827,860,PasswordChange,2/19/2025 3:10
828,799,Login,3/16/2025 20:43
829,439,PasswordChange,4/15/2025 20:58
830,758,PasswordChange,6/21/2025 1:23
831,680,Logout,3/25/2025 0:30
832,943,Logout,3/18/2025 15:01
833,626,PasswordChange,2/3/2025 13:41
834,908,PasswordChange,1/28/2025 19:24
835,643,PasswordChange,4/15/2025 6:31
836,57,PasswordChange,5/23/2025 0:48
837,695,Logout,5/11/2025 8:07
838,112,PasswordChange,6/7/2025 12:20
839,867,Logout,3/12/2025 10:22
840,392,Logout,5/24/2025 17:12
841,568,Logout,6/21/2025 3:26
842,386,Login,3/31/2025 5:08
843,989,PasswordChange,4/12/2025 13:03
844,685,Logout,1/6/2025 12:27
845,877,Logout,4/26/2025 6:30
846,924,Logout,5/3/2025 0:43
847,314,Logout,1/13/2025 4:18
848,819,Login,5/22/2025 4:48
849,209,Logout,3/6/2025 19:58
850,898,Login,1/15/2025 12:02
851,678,Login,6/11/2025 20:11
852,903,Logout,1/27/2025 0:36
853,134,PasswordChange,4/19/2025 22:03
854,799,Logout,3/1/2025 14:43
855,415,Login,2/9/2025 9:28
856,148,Logout,2/8/2025 10:12
857,101,PasswordChange,3/9/2025 20:20
858,992,PasswordChange,1/28/2025 18:05
859,146,Login,3/2/2025 13:42
860,468,Login,3/15/2025 17:40
861,420,Logout,2/8/2025 3:24
862,766,Logout,6/6/2025 23:50
863,446,Logout,5/4/2025 16:45
864,469,Login,6/13/2025 4:46
865,622,Login,6/10/2025 8:58
866,387,PasswordChange,3/26/2025 8:36
867,795,Login,5/1/2025 9:35
868,954,Logout,2/4/2025 20:53
869,925,Login,1/31/2025 10:34
870,510,PasswordChange,1/6/2025 21:57
871,507,Login,1/22/2025 10:34
872,950,PasswordChange,6/6/2025 5:05
873,200,Logout,3/11/2025 15:08
874,383,PasswordChange,5/3/2025 6:05
875,457,Logout,3/5/2025 1:39
876,77,Logout,5/15/2025 8:47
877,471,PasswordChange,5/26/2025 13:31
878,443,Logout,3/31/2025 10:32
879,362,PasswordChange,3/17/2025 21:46
880,821,PasswordChange,3/7/2025 18:29
881,980,Logout,3/30/2025 13:01
882,644,Login,4/22/2025 19:35
883,427,Logout,1/1/2025 22:32
884,29,Login,1/1/2025 16:10
885,162,Logout,3/4/2025 5:06
886,113,PasswordChange,2/17/2025 10:30
887,676,PasswordChange,6/6/2025 19:20
888,989,Login,6/13/2025 21:13
889,838,Login,1/6/2025 16:42
890,262,PasswordChange,1/22/2025 19:35
891,723,Logout,1/24/2025 3:55
892,835,Logout,6/18/2025 9:39
893,745,Logout,1/2/2025 11:06
894,179,Logout,4/26/2025 0:52
895,706,Logout,2/28/2025 18:42
896,609,Login,2/15/2025 8:26
897,467,Logout,5/25/2025 0:09
898,278,PasswordChange,3/3/2025 15:53
899,736,Login,3/18/2025 17:41
900,433,Login,4/23/2025 15:21
901,309,PasswordChange,5/13/2025 13:39
902,652,Login,6/10/2025 15:43
903,27,PasswordChange,3/14/2025 13:55
904,610,Logout,6/9/2025 0:57
905,941,PasswordChange,1/27/2025 6:41
906,490,PasswordChange,6/6/2025 11:43
907,827,Login,6/20/2025 16:03
908,987,PasswordChange,2/15/2025 4:59
909,251,Login,1/20/2025 16:06
910,532,PasswordChange,5/22/2025 6:16
911,780,Login,5/12/2025 20:14
912,503,Login,3/30/2025 1:13
913,227,PasswordChange,5/11/2025 13:29
914,245,PasswordChange,4/25/2025 13:27
915,119,Logout,1/28/2025 8:15
916,404,Logout,4/29/2025 7:09
917,993,Logout,2/23/2025 13:41
918,10,Logout,3/27/2025 14:57
919,198,Login,1/15/2025 6:55
920,663,PasswordChange,3/23/2025 20:01
921,42,PasswordChange,3/9/2025 8:00
922,800,Logout,1/10/2025 0:56
923,89,PasswordChange,6/6/2025 0:19
924,549,Login,5/25/2025 20:44
925,557,PasswordChange,4/29/2025 12:29
926,395,Login,5/26/2025 19:49
927,407,PasswordChange,3/27/2025 17:59
928,413,PasswordChange,3/12/2025 19:34
929,188,Logout,5/16/2025 21:53
930,633,PasswordChange,4/25/2025 19:42
931,974,PasswordChange,2/8/2025 10:54
932,373,Logout,5/4/2025 1:05
933,760,PasswordChange,4/12/2025 2:33
934,89,Login,4/19/2025 15:58
935,44,Login,4/12/2025 14:02
936,14,PasswordChange,6/14/2025 2:14
937,852,PasswordChange,1/18/2025 22:26
938,452,Logout,5/14/2025 4:31
939,541,Logout,4/1/2025 1:16
940,219,PasswordChange,2/15/2025 22:19
941,710,PasswordChange,4/7/2025 19:43
942,783,Login,2/24/2025 19:09
943,956,Logout,3/6/2025 20:36
944,57,Logout,4/10/2025 10:48
945,789,Logout,3/29/2025 6:08
946,101,Logout,5/1/2025 4:40
947,77,Logout,4/5/2025 9:13
948,416,PasswordChange,6/4/2025 23:52
949,658,PasswordChange,4/12/2025 20:15
950,101,Login,6/7/2025 23:17
951,819,Login,3/18/2025 5:01
952,407,Login,1/4/2025 8:34
953,336,Logout,3/7/2025 13:51
954,539,Logout,6/11/2025 22:07
955,199,PasswordChange,6/20/2025 23:52
956,959,Logout,6/15/2025 2:12
957,91,PasswordChange,4/28/2025 13:16
958,829,Login,6/9/2025 4:44
959,298,PasswordChange,2/7/2025 20:15
960,806,Login,5/17/2025 3:47
961,528,PasswordChange,3/22/2025 9:44
962,940,Login,1/24/2025 12:16
963,323,PasswordChange,2/28/2025 22:51
964,490,Logout,1/7/2025 12:11
965,891,PasswordChange,3/1/2025 19:17
966,597,PasswordChange,6/5/2025 18:02
967,727,PasswordChange,3/31/2025 18:28
968,497,Logout,6/5/2025 21:37
969,543,PasswordChange,4/9/2025 10:28
970,260,PasswordChange,3/10/2025 14:30
971,870,Login,6/3/2025 21:53
972,174,Logout,6/22/2025 3:35
973,782,PasswordChange,5/13/2025 23:17
974,250,PasswordChange,6/20/2025 0:21
975,471,Login,6/1/2025 4:29
976,847,Login,4/17/2025 2:24
977,552,PasswordChange,6/7/2025 15:12
978,613,Login,2/16/2025 20:07
979,470,PasswordChange,5/4/2025 0:52
980,705,Login,6/4/2025 12:44
981,347,PasswordChange,3/24/2025 23:11
982,289,Logout,3/14/2025 20:50
983,703,Logout,4/8/2025 9:08
984,345,PasswordChange,1/27/2025 20:57
985,928,PasswordChange,5/12/2025 20:42
986,900,PasswordChange,2/17/2025 23:07
987,24,Logout,5/16/2025 6:03
988,881,PasswordChange,3/22/2025 4:52
989,449,Login,4/20/2025 17:41
990,668,Login,3/22/2025 9:11
991,985,Login,5/21/2025 14:39
992,606,PasswordChange,1/29/2025 3:15
993,615,Logout,1/24/2025 22:14
994,136,Logout,1/25/2025 1:51
995,77,Logout,5/8/2025 7:39
996,717,Logout,4/25/2025 3:10
997,813,PasswordChange,3/31/2025 10:38
998,456,PasswordChange,5/18/2025 17:14
999,531,Login,3/29/2025 15:01
